{
  "summary": "TP5",
  "title": "TP5",
  "programming_language": "Python 3.x",
  "language": "en",
  "items": [
    {
      "id": 0,
      "update_date": "Jan 1, 1970 1:00:00 AM",
      "title": "Part1---Tuples",
      "task_list": [
        {
          "name": "Ex1---Tuples",
          "stepic_id": 0,
          "task_files": {
            "task.py": {
              "name": "task.py",
              "text": "# Q1 et Q2 se font dans la console\n\n# Q3\n\n#type here\n\n# Q4\n\n#type here\n\n# Q5\n\n#type here\n",
              "placeholders": [
                {
                  "offset": 42,
                  "length": 10,
                  "hints": [],
                  "possible_answer": "my_tuple \u003d (0, 100)",
                  "placeholder_text": "#type here"
                },
                {
                  "offset": 60,
                  "length": 10,
                  "hints": [],
                  "possible_answer": "print(my_tuple[1])",
                  "placeholder_text": "#type here"
                },
                {
                  "offset": 78,
                  "length": 10,
                  "hints": [],
                  "possible_answer": "print(len(my_tuple))",
                  "placeholder_text": "#type here"
                }
              ]
            }
          },
          "test_files": {
            "tests.py": "from test_helper import run_common_tests, failed, passed, get_answer_placeholders, get_file_output, import_task_file\n\n\ndef test_answer_placeholders():\n    placeholders \u003d get_answer_placeholders()\n    if placeholders[0].replace(\" \", \"\").find(\"my_tuple\u003d(0,100)\") \u003d\u003d -1:\n        failed(\"Erreur Q1\")\n    else:\n        passed()\n\n\ndef test_output():\n    printed_text \u003d get_file_output()\n    if printed_text[0] !\u003d str(100):\n        failed(\"Erreur Q2\")\n    elif printed_text[1] !\u003d str(2):\n        failed(\"Erreur Q3\")\n    else:\n        passed()\n\n\ndef test_functions():\n    passed()\n\n\nif __name__ \u003d\u003d \u0027__main__\u0027:\n    run_common_tests()\n    test_answer_placeholders()\n    test_output()\n    test_functions()\n"
          },
          "description_text": "\n#TP5\n\n##Partie 1 --- Les Tuples\n\n###Ex. 1 --- Les Tuples\n\n\nEn python, on peut créer des tuples (aussi appelées vecteurs), par exemple le tuple `(12,7)`\nest une paire, qui contiens 2 valeurs: les entiers `12` et `7`.\n\n***Question 1 (console)*** :\nOuvrir la console python en bas à gauche, et y entrer les commandes suivantes:\n```\n\u003e\u003e\u003e t \u003d (12, 7, 26)\n\u003e\u003e\u003e print(t)\n\u003e\u003e\u003e type(t)\n\u003e\u003e\u003e t[0]\n\u003e\u003e\u003e t[1]\n\u003e\u003e\u003e t[2]\n\u003e\u003e\u003e t[10]\n\u003e\u003e\u003e t[3]\n\u003e\u003e\u003e print(t)\n\u003e\u003e\u003e len(t)\n```\n\nExplications:\n- Il existe un type `tuple`, composé de plusieurs \u0027cases\u0027, chacune contenant une valeur\n- On peut accéder à ces valeurs avec les crochets (`t[0]`, `t[1]` ...)\n- `t[i]` renvoie la valeur contenue dans la i-ème case du tuple `t`, mais attention,\n  la numérotation des cases commence à `0`\n- Si on essaye d\u0027accéder à un numéro de case trop grand, une Erreur est renvoyée\n- Pour un tuple de `n` éléments, les cases sont donc numérotées de `0` à `n-1`,\n  et on ne peut donc pas accéder à `t[n]`\n- `len` est une fonction qui prends un tuple en argument et renvoie sa taille (length en anglais)\n\n***Question 2 (console)*** :\nOn continue dans la console:\n```\n- t \u003d (12, 2.1, \"toto\")\n- print(t[0])\n- print(t[1])\n- print(t[2])\n- print(t)\n- t1 \u003d (1, 2)\n- t2 \u003d (3, 4)\n- print(t1 + t2)\n```\n\nExplications:\n- Les tuples peuvent contenir plusieurs éléments de type différents, içi un `int` (entier), un `float` (nombre réel) et un `str` (chaîne de caractères)\n- L\u0027addition de deux tuples renvoie un tuple les fusionnant\n\n***Question 3*** : Créer un tuple `my_tuple` à deux éléments, `0` et `100`\n\n***Question 4*** : Afficher son deuxième élément en utilisant la fonction `print`\n\n***Question 5*** : Afficher sa taille avec `len`\n\n\n",
          "description_format": "md",
          "additional_files": {},
          "update_date": "Jan 1, 1970 1:00:00 AM",
          "feedback_link": {
            "link_type": "STEPIK"
          },
          "task_type": "edu"
        },
        {
          "name": "Ex2---Fonctions",
          "stepic_id": 0,
          "task_files": {
            "task.py": {
              "name": "task.py",
              "text": "# Exercice 2\n\n# Q1\n\n\ndef note_extremes():\n    note_min \u003d 20\n    note_max \u003d 0\n    for i in range(1, 6):\n        note \u003d int(input(\"Note \"+str(i)+\"?\"))\n        if note \u003c note_min:\n            note_min \u003d note\n        if note \u003e note_max:\n            note_max \u003d note\n    paire_resultat \u003d (0,0) #change this\n    return paire_resultat\n\n\npair_notes \u003d note_extremes()\n\na \u003d #type here\nb \u003d #type here\n\nprint(\"La note la plus basse est\", a, \"et la note la plus haute est\", b)\n\n# Q2\n\n\ndef exemple():\n    return 0, \"bonjour\"\n\n\na2, b2 \u003d exemple()\n\nprint(a2, b2)\n",
              "placeholders": [
                {
                  "offset": 282,
                  "length": 18,
                  "hints": [],
                  "possible_answer": "(note_min, note_max)",
                  "placeholder_text": "(0,0) #change this"
                },
                {
                  "offset": 363,
                  "length": 10,
                  "hints": [],
                  "possible_answer": "pair_notes[0]",
                  "placeholder_text": "#type here"
                },
                {
                  "offset": 378,
                  "length": 10,
                  "hints": [],
                  "possible_answer": "pair_notes[1]",
                  "placeholder_text": "#type here"
                }
              ]
            }
          },
          "test_files": {
            "tests.py": "from test_helper import run_common_tests, failed, passed, get_answer_placeholders\n\n\ndef test_answer_placeholders():\n    placeholders \u003d get_answer_placeholders()\n    placeholder \u003d placeholders[0]\n    if placeholder \u003d\u003d \"\":       # TODO: your condition here\n        passed()\n    else:\n        failed()\n\n\nif __name__ \u003d\u003d \u0027__main__\u0027:\n    passed()\n    #run_common_tests()\n    # test_answer_placeholders()       # TODO: uncomment test call\n\n\n"
          },
          "description_text": "\n\n### Ex. 2 --- Fonctions\n\n***Question 1*** : On souhaite écrire une fonction notes_extremes, qui demande 5 notes (entre 0 et 20) à\n  l\u0027utilisateur, et en extrait la note la plus basse et la note la plus haute.\n    - Le mot-cef `return`, vu précédement, permet à une fonction de renvoyer un résultat,\n      on souhaite içi l\u0027utiliser pour en renvoyer deux\n    - on va donc utiliser un tuple à deux éléments!\n\n***Question 2*** : Observer l\u0027exemple fourni. Le comportement est similaire, à celui de la question `1`,\n    mais dans ces cas précis on peut ommetre les parenthèses formant le tuple:\n    - `return a, b, c, ...` retourne le tuple `(a, b, c, ...)`\n    - `x, y, ... \u003d \u003ctuple\u003e` permet d\u0027assigner directement aux varibles `x`, `y` ... les valeurs de `\u003ctuple\u003e[0]`, `\u003ctuple\u003e[1]` ...\n\n",
          "description_format": "md",
          "additional_files": {},
          "update_date": "Jan 1, 1970 1:00:00 AM",
          "feedback_link": {
            "link_type": "STEPIK"
          },
          "task_type": "edu"
        }
      ],
      "type": "lesson"
    },
    {
      "id": 0,
      "update_date": "Jan 1, 1970 1:00:00 AM",
      "title": "Part2---Lists",
      "task_list": [
        {
          "name": "Ex3---Lists",
          "stepic_id": 0,
          "task_files": {
            "task.py": {
              "name": "task.py",
              "text": "# Exercice 1\n\n# Q1\n\n#type here\n\n# Q6\n\n#type here\n\n# Q7\n\n#type here\n\n# Q8\n\n#type here\n\n# Q9\n\n#type here\n\n# Q10\n\n#type here\n\n# Q11\n\n#type here\n\n# Q12\n\n#type here\n\n# Q13\n\n#type here\n\n# Q14\n\n#type here\n\n# Q15\n\n#type here\n\n\n",
              "placeholders": [
                {
                  "offset": 20,
                  "length": 10,
                  "hints": [],
                  "possible_answer": "ma_liste \u003d [11, 7, 2, 5]",
                  "placeholder_text": "#type here"
                },
                {
                  "offset": 38,
                  "length": 10,
                  "hints": [],
                  "possible_answer": "print(ma_liste)",
                  "placeholder_text": "#type here"
                },
                {
                  "offset": 56,
                  "length": 10,
                  "hints": [],
                  "possible_answer": "print(ma_liste[0])",
                  "placeholder_text": "#type here"
                },
                {
                  "offset": 74,
                  "length": 10,
                  "hints": [],
                  "possible_answer": "print(ma_liste[1])",
                  "placeholder_text": "#type here"
                },
                {
                  "offset": 92,
                  "length": 10,
                  "hints": [],
                  "possible_answer": "print(ma_liste[3])",
                  "placeholder_text": "#type here"
                },
                {
                  "offset": 111,
                  "length": 10,
                  "hints": [],
                  "possible_answer": "ma_liste[0] \u003d 1",
                  "placeholder_text": "#type here"
                },
                {
                  "offset": 130,
                  "length": 10,
                  "hints": [],
                  "possible_answer": "ma_liste.append(57)",
                  "placeholder_text": "#type here"
                },
                {
                  "offset": 149,
                  "length": 10,
                  "hints": [],
                  "possible_answer": "ma_liste.insert(0, -1)",
                  "placeholder_text": "#type here"
                },
                {
                  "offset": 168,
                  "length": 10,
                  "hints": [],
                  "possible_answer": "del ma_liste[2]",
                  "placeholder_text": "#type here"
                },
                {
                  "offset": 187,
                  "length": 10,
                  "hints": [],
                  "possible_answer": "print(ma_liste)",
                  "placeholder_text": "#type here"
                },
                {
                  "offset": 206,
                  "length": 10,
                  "hints": [],
                  "possible_answer": "print(len(ma_liste))",
                  "placeholder_text": "#type here"
                }
              ]
            }
          },
          "test_files": {
            "tests.py": "from test_helper import run_common_tests, failed, passed, get_answer_placeholders, get_file_output, import_task_file\n\n\ndef test_answer_placeholders():\n    placeholders \u003d get_answer_placeholders()\n    if placeholders[0].replace(\" \", \"\") !\u003d \"ma_liste\u003d[11,7,2,5]\":\n        failed(\"Erreur Q1\")\n    elif placeholders[5].replace(\" \", \"\") !\u003d \"ma_liste[0]\u003d1\":\n        failed(\"Erreur Q6\")\n    elif placeholders[6].replace(\" \", \"\") !\u003d \"ma_liste.append(57)\":\n        failed(\"Erreur Q7\")\n    elif placeholders[7].replace(\" \", \"\") !\u003d \"ma_liste.insert(0,-1)\":\n        failed(\"Erreur Q8\")\n    elif placeholders[8].replace(\" \", \"\") !\u003d \"delma_liste[2]\" and placeholders[8].replace(\" \", \"\") !\u003d \"ma_liste.pop(2)\":\n        failed(\"Erreur Q9\")\n    else:\n        passed()\n\n\ndef test_output():\n    printed_text \u003d get_file_output()\n    if printed_text[0] !\u003d \"[11, 7, 2, 5]\":\n        failed(\"Mauvais affichage Q2.\")\n    elif printed_text[1] !\u003d str(11):\n        failed(\"Mauvais affichage Q3.\")\n    elif printed_text[2] !\u003d str(7):\n        failed(\"Mauvais affichage Q4.\")\n    elif printed_text[3] !\u003d str(5):\n        failed(\"Mauvais affichage Q5.\")\n    elif printed_text[4] !\u003d \"[-1, 1, 2, 5, 57]\":\n        failed(\"Mauvais affichage Q10.\")\n    elif printed_text[5] !\u003d str(5):\n        failed(\"Mauvais affichage Q11.\")\n    else:\n        passed()\n\n\ndef test_functions():\n    passed()\n\n\nif __name__ \u003d\u003d \u0027__main__\u0027:\n    run_common_tests()\n    test_answer_placeholders()\n    test_output()\n    test_functions()\n"
          },
          "description_text": "\n## Partie 2 --- Les Listes\n\n### Ex. 3 --- Les Listes\n\n\nEn python, on peut créer des listes (aussi appelées tableaux), par exemple la liste `[12,7,26]`\ncontiens 3 valeurs: les entiers `12`, `7` et `26`.\n\n***Question 1 (console)*** : Ouvrir la console python en bas à gauche, et y entrer les commandes suivantes:\n```\n\u003e\u003e\u003e l \u003d [12, 7, 26]\n\u003e\u003e\u003e print(l)\n\u003e\u003e\u003e type(l)\n\u003e\u003e\u003e l[0]\n\u003e\u003e\u003e l[1]\n\u003e\u003e\u003e print(l)\n\u003e\u003e\u003e len(l)\n```\n\nExplications :\n- Il existe un type `list`, composé de plusieurs \u0027cases\u0027, chacune contenant une valeur\n- Comme pour les tuples, `l[i]` renvoie la valeur contenue dans la i-ème case de la liste `l`, et la numérotation des cases commence à `0`\n- On parle d\u0027indice et pas de numéro de case, ainsi, la première case est d\u0027indice `0`, la deuxième d\u0027indice `1`, la dernière d\u0027indice `n-1`\n- La fonction `len` fonctionne aussi sur les listes\n\n***Question 2 (console)*** : On continue dans la console:\n```\n\u003e\u003e\u003e l \u003d [12, 7, 26]\n\u003e\u003e\u003e print(l[1])\n\u003e\u003e\u003e l[1] \u003d 77\n\u003e\u003e\u003e print(l)\n```\n\nExplications:\n- On peut modifier les valeurs contenues dans les cases d\u0027une liste, en utilisant l\u0027assignation (le `\u003d`)\n- `l[a] \u003d b` replace ainsi la valeur dans la case d\u0027indice `a` par `b`\n- Cela ne fonctionne pas avec les tuples : les tuples ne sont pas modifiables une fois créés\n\n***Question 3 (console)*** :\nOn continue dans la console:\n```\n\u003e\u003e\u003e l \u003d [12]\n\u003e\u003e\u003e l.append(1)\n\u003e\u003e\u003e print(l)\n\u003e\u003e\u003e l.append(42)\n\u003e\u003e\u003e print(l)\n\u003e\u003e\u003e print(\"taille de l:\",len(l))\n\u003e\u003e\u003e l.pop()\n\u003e\u003e\u003e print(l)\n\u003e\u003e\u003e elem \u003d l.pop()\n\u003e\u003e\u003e print(elem)\n\u003e\u003e\u003e print(l)\n```\n\nExplications :\n- La taille d\u0027une liste peut être modifiée, ainsi, on peut lui ajouter et lui enlever des cases\n- append permet d\u0027ajouter un élément en bout de liste\n- pour l\u0027utiliser on fait nom_de_la_liste.append(element_a_inserer)\n- append n\u0027est pas une fonction comme celles que vous avez vu jusqu\u0027à présent,\n  elle est appelée depuis une variable liste (c\u0027est ce que le variable.append signifie) et agit sur celle-ci, on dit que append est une méthode des listes\n- Il existe d\u0027autres méthodes, comme \u0027pop\u0027\n- faire nom_de_la_liste.pop() à deux effet: il supprime la dernière case de la liste, et return la valeur contenue dans la case supprimée\n\n***Question 4 (console)*** :\nOn continue dans la console:\n```\n\u003e\u003e\u003e l \u003d []\n\u003e\u003e\u003e print(l)\n\u003e\u003e\u003e l \u003d [10, 20, 30, 40]\n\u003e\u003e\u003e l.insert(0,1)\n\u003e\u003e\u003e print(l)\n\u003e\u003e\u003e l.insert(2,25)\n\u003e\u003e\u003e print(l)\n\u003e\u003e\u003e l.pop(2)\n\u003e\u003e\u003e print(l)\n\u003e\u003e\u003e del l[0]\n\u003e\u003e\u003e print(l)\n```\n\nExplications :\n- On peut créer une liste vide, qui ne contiens aucune case avec `[]`\n- On peut insérer un élément en milieu de liste avec .insert, qui prends en arguments le numéro de case où insérer (son indice), et la valeur à insérer\n- Si \u0027l\u0027 est une variable liste de taille `n`, insérer une valeur `v`\n  dans la case d\u0027indice `0` (en faisant `l.insert(0,v)`)\n  ajoute la nouvelle case devant la liste\n- Insérer en indice `1` insère entre les cases d\u0027indice `0` et `1`, et ainsi de suite\n- Insérer \u0027v\u0027 en case d\u0027indice `n` a le même effet que faire `l.append(v)`\n- On a vu précédemment que `l.pop()` supprime la dernière case de la liste et en renvoie la valeur\n- On peut aussi supprimer des case en milieu de liste, en précisant quel indice de case supprimer (`l.pop(2)` supprime la case d\u0027indice `2`, donc la troisième case puisqu\u0027on commence à `0`)\n- `del l[i]` permet aussi de supprimer la case d\u0027indice `i`. Contrairement à `.pop`, l\u0027élément supprimé n\u0027est pas renvoyé.\n\n***Question 5 (console)***\nOn continue dans la console:\n```\n\u003e\u003e\u003e l1 \u003d [1, 2]\n\u003e\u003e\u003e l2 \u003d [3, 4, 5]\n\u003e\u003e\u003e l3 \u003d l1 + l2\n\u003e\u003e\u003e print(l1,l2,l3)\n\u003e\u003e\u003e l1.extend(l2)\n\u003e\u003e\u003e print(l1,l2)\n```\n\nExplications :\n- Il y a plusieurs manières de fusionner des listes\n- Utiliser l\u0027addition permet de le faire en créant une nouvelle liste, sans modifier les listes que l\u0027ont fusionne\n- La méthode `.extend` permet d\u0027étendre une liste en y ajoutant une autre, cela reviens à itérer le `.append`\n\n\n***Question 6*** : Créer une variable `ma_liste` contenant les quatre valeurs `11`, `7`, `2` et `5`\n\n***Question 7*** : En utilisant `print`, afficher `ma_liste`\n\n***Question 8*** : Afficher la valeur contenue dans la première case de `ma_liste`\n\n***Question 9*** : Afficher la valeur contenue dans la deuxième case de `ma_liste` (d\u0027indice `1`)\n\n***Question 10*** : Afficher la valeur d\u0027indice `3` dans `ma_liste`\n\n***Question 11*** : Mettre la valeur 1 dans la première case\n\n***Question 12*** : Ajouter une case en bout de liste, contenant la valeur `57`\n\n***Question 13*** : Ajouter une case en début de liste, contenant la valeur `-1`\n\n***Question 14*** : Supprimer la troisième case de la liste\n\n***Question 15*** : Afficher `ma_liste`\n\n***Question 16*** : Afficher le nombre de cases dans `ma_liste` (sa taille)\n\n",
          "description_format": "md",
          "additional_files": {},
          "update_date": "Jan 1, 1970 1:00:00 AM",
          "feedback_link": {
            "link_type": "STEPIK"
          },
          "task_type": "edu"
        },
        {
          "name": "Ex4---Iterating",
          "stepic_id": 0,
          "task_files": {
            "task.py": {
              "name": "task.py",
              "text": "\n# Q1\n\n#type here\n\n# Q2\n\n#type here\n\n# Q3\n\nnb_pair \u003d 0\n\n#type here\n\nprint(\"La liste\", ma_liste, \"contiens\", nb_pair, \"valeurs paires\")\n\n# Q4\n\n#type here\n\n# Q5\n\n#type here\n",
              "placeholders": [
                {
                  "offset": 7,
                  "length": 10,
                  "hints": [],
                  "possible_answer": "ma_liste \u003d []",
                  "placeholder_text": "#type here"
                },
                {
                  "offset": 25,
                  "length": 10,
                  "hints": [],
                  "possible_answer": "for i in range(1, 31):\n    ma_liste.append(i)",
                  "placeholder_text": "#type here"
                },
                {
                  "offset": 56,
                  "length": 10,
                  "hints": [],
                  "possible_answer": "for v in ma_liste:\n    if v % 2 \u003d\u003d 0:\n        nb_pair +\u003d 1",
                  "placeholder_text": "#type here"
                },
                {
                  "offset": 142,
                  "length": 10,
                  "hints": [],
                  "possible_answer": "for i in range(len(ma_liste)):\n    if ma_liste[i] % 2 \u003d\u003d 0:\n        ma_liste[i] \u003d 1",
                  "placeholder_text": "#type here"
                },
                {
                  "offset": 160,
                  "length": 10,
                  "hints": [],
                  "possible_answer": "print(ma_liste)",
                  "placeholder_text": "#type here"
                }
              ]
            }
          },
          "test_files": {
            "tests.py": "from test_helper import run_common_tests, failed, passed, get_answer_placeholders, get_file_output, import_task_file\n\n\ndef test_answer_placeholders():\n    placeholders \u003d get_answer_placeholders()\n    if placeholders[0].replace(\" \", \"\") !\u003d \"ma_liste\u003d[]\":\n        failed(\"Erreur Q1\")\n    elif placeholders[4].replace(\" \", \"\") !\u003d \"print(ma_liste)\":\n        failed(\"Erreur Q5\")\n    else:\n        passed()\n\n\ndef test_output():\n    printed_text \u003d get_file_output()\n    if printed_text[0].find(\"[1, 2, 3, 4, 5, 6, 7, 8, 9, 10, 11, 12, 13, 14, 15, 16, 17, 18, 19, 20, 21, 22, 23, 24, 25, 26, 27, 28, 29, 30]\") \u003d\u003d -1:\n        failed(\"Erreur Q2\")\n    elif printed_text[0] !\u003d \"La liste [1, 2, 3, 4, 5, 6, 7, 8, 9, 10, 11, 12, 13, 14, 15, 16, 17, 18, 19, 20, 21, 22, 23, 24, 25, 26, 27, 28, 29, 30] contiens 15 valeurs paires\":\n        failed(\"Erreur Q3\")\n    elif printed_text[1] !\u003d \"[1, 1, 3, 1, 5, 1, 7, 1, 9, 1, 11, 1, 13, 1, 15, 1, 17, 1, 19, 1, 21, 1, 23, 1, 25, 1, 27, 1, 29, 1]\":\n        failed(\"Erreur Q4\")\n    else:\n        passed()\n\n\ndef test_functions():\n    passed()\n\n\nif __name__ \u003d\u003d \u0027__main__\u0027:\n    run_common_tests()\n    test_answer_placeholders()\n    test_output()\n    test_functions()\n"
          },
          "description_text": "\n### Ex. 4 --- Parcours\n\n\nOn a vu, lors des TP précédents, que faire :\n```\nfor i in range(10):\n    \u003ccode\u003e\n```\nExécute `\u003ccode\u003e` 10 fois, pour i allant de 0 à 9.\n\nSi `l` est une liste de taille 10, ses cases sont indexées de 0 à 9.\n\nOn peut donc itérer sur les indices des cases d\u0027une liste `l`, et le code:\n```\nfor i in range(len(l)):\n  print(l[i])\n```\naffiche le contenu de `l`, une valeur par ligne.\n\nOn dit qu\u0027on utilise une boucle for pour parcourir la liste `l`\n\nOn peut aussi itérer directement sur les valeurs contenues dans les cases d\u0027une liste `l`:\n```\nfor v in l:\n  print(v)\n```\nEssayez d\u0027utiliser ces deux parcours en console.\n\n***Question 1*** : Créer une variable `ma_liste` contenant une liste vide\n\n***Question 2*** : Y ajouter les entiers de 1 à 30, avec une boucle `for` et `.append`\n\n***Question 3*** : Compter combien d\u0027entiers pairs sont dans `ma_liste`, et mettre le résultat dans\n  une variable `nb_pairs`\n  \n***Question 4*** : Remplacer chaque entier pair dans `ma_liste` par la valeur 1\n\n***Question 5*** : Afficher `ma_liste`\n",
          "description_format": "md",
          "additional_files": {},
          "update_date": "Jan 1, 1970 1:00:00 AM",
          "feedback_link": {
            "link_type": "STEPIK"
          },
          "task_type": "edu"
        },
        {
          "name": "Ex5---Average",
          "stepic_id": 0,
          "task_files": {
            "task.py": {
              "name": "task.py",
              "text": "\n\n\n# Q1\n\n#type here\n\n\n# Q2\n\n#type here\n",
              "placeholders": [
                {
                  "offset": 9,
                  "length": 10,
                  "hints": [],
                  "possible_answer": "def moyenne(l):\n    total \u003d 0\n    for v in l:\n        total +\u003d v\n    return total / len(l)",
                  "placeholder_text": "#type here"
                },
                {
                  "offset": 28,
                  "length": 10,
                  "hints": [],
                  "possible_answer": "print(moyenne([12, 18, 2.5, 10]))",
                  "placeholder_text": "#type here"
                }
              ]
            }
          },
          "test_files": {
            "tests.py": "from test_helper import run_common_tests, failed, passed, get_answer_placeholders, get_file_output, import_task_file\n\n\ndef test_answer_placeholders():\n    placeholders \u003d get_answer_placeholders()\n    if placeholders[0].replace(\" \", \"\").find(\"defmoyenne\") \u003d\u003d -1:\n        failed(\"Vous n\u0027avez pas défini la fonction moyenne.\")\n    elif placeholders[1].replace(\" \", \"\").find(\"[12,18,2.5,10]\") \u003d\u003d -1:\n        failed(\"Vous n\u0027avez pas appelé la fonction moyenne sur la bonne liste\")\n    else:\n        passed()\n\n\ndef test_output():\n    printed_text \u003d get_file_output()\n    if printed_text[0] !\u003d str(10.625):\n        failed(\"Erreur Q2\")\n    else:\n        passed()\n\n\ndef test_functions():\n    file \u003d import_task_file()\n    if file.moyenne([5.6]) !\u003d 5.6:\n        failed(\"La fonction moyenne n\u0027est pas correcte.1\")\n    elif file.moyenne([0, 20]) !\u003d 10:\n        failed(\"La fonction moyenne n\u0027est pas correcte.2\")\n    elif file.moyenne([-100, 200, 150, 50]) !\u003d 75:\n        failed(\"La fonction moyenne n\u0027est pas correcte.3\")\n    passed()\n\n\nif __name__ \u003d\u003d \u0027__main__\u0027:\n    run_common_tests()\n    test_answer_placeholders()\n    test_output()\n    test_functions()\n"
          },
          "description_text": "\n\n### Ex. 5 --- Moyenne\n\nLes listes peuvent être utilisées comme argument de fonction:\n```\ndef fonction(liste):\n    \u003ccode\u003e\n```\n\n***Question 1*** : Écrire une fonction `moyenne` qui prends en argument une liste (non vide) de nombres, et en `return` la moyenne.\n\n***Question 2*** : Appeler `moyenne` sur la liste `[12,18,2.5,10]` et en afficher le résultat.\n",
          "description_format": "md",
          "additional_files": {},
          "update_date": "Jan 1, 1970 1:00:00 AM",
          "feedback_link": {
            "link_type": "STEPIK"
          },
          "task_type": "edu"
        },
        {
          "name": "Ex6---Sublist",
          "stepic_id": 0,
          "task_files": {
            "task.py": {
              "name": "task.py",
              "text": "# Q1, Q2, Q3 se font dans la console.\n\n# Q4\n\n#type here\n\n# Q5\n\n#type here\n\n# Q6\n\n#type here\n",
              "placeholders": [
                {
                  "offset": 45,
                  "length": 10,
                  "hints": [],
                  "possible_answer": "x \u003d list(range(10))",
                  "placeholder_text": "#type here"
                },
                {
                  "offset": 63,
                  "length": 10,
                  "hints": [],
                  "possible_answer": "y \u003d x[5:10]",
                  "placeholder_text": "#type here"
                },
                {
                  "offset": 81,
                  "length": 10,
                  "hints": [],
                  "possible_answer": "print(x, y)",
                  "placeholder_text": "#type here"
                }
              ]
            }
          },
          "test_files": {
            "tests.py": "from test_helper import run_common_tests, failed, passed, get_answer_placeholders, get_file_output, import_task_file\n\n\ndef test_answer_placeholders():\n    passed()\n\n\ndef test_output():\n    printed_text \u003d get_file_output()\n    if printed_text[0] !\u003d \"[0, 1, 2, 3, 4, 5, 6, 7, 8, 9] [5, 6, 7, 8, 9]\":\n        failed(\"Mauvais résultat\")\n    else:\n        passed()\n\n\ndef test_functions():\n    passed()\n\n\nif __name__ \u003d\u003d \u0027__main__\u0027:\n    run_common_tests()\n    test_answer_placeholders()\n    test_output()\n    test_functions()\n"
          },
          "description_text": "\n\n### Ex. 6 --- Sous-listes\n\n\n***Question 1 (console)*** : On continue dans la console:\n```\n\u003e\u003e\u003e l \u003d [12, 7, 26, 2, 56]\n\u003e\u003e\u003e print(l[0])\n\u003e\u003e\u003e print(l[0:2])\n\u003e\u003e\u003e print(l[1:4])\n\u003e\u003e\u003e print(l[1:2])\n\u003e\u003e\u003e print(l[2:2])\n```\n\nExplications :\n- A partir d\u0027une liste `l`, on peut extraire une sous-liste, en utilisant `l[i:j]`\n- `l[i:j]` contiens les éléments de `l`, entre les indices `i` et `j-1`\n- Ainsi, `l[i:i+1]` est équivalent à `l[i]`, et `l[i:i]` est vide\n- La sous-liste extraite est indépendante\n\n***Question 2 (console)*** : On continue dans la console:\n```\n\u003e\u003e\u003e l \u003d list(range(22,27))\n\u003e\u003e\u003e print(l[:3])\n\u003e\u003e\u003e print(l[3:])\n```\n\nExplications :\n- `list(range(...))` permet de créer facilement une liste d\u0027entiers consécutifs\n- `l[:j]` contiens les éléments de `l`, entre les indices `0` et `j-1`\n- `l[i:]` contiens les éléments de `l`, entre les indices `i` et la fin de la liste\n\n***Question 3 (console)*** :\nOn continue dans la console:\n```\n\u003e\u003e\u003e x \u003d list(range(5))\n\u003e\u003e\u003e y \u003d x\n\u003e\u003e\u003e print(x,y)\n\u003e\u003e\u003e y.append(5)\n\u003e\u003e\u003e print(x,y)\n\u003e\u003e\u003e y \u003d x.copy()\n\u003e\u003e\u003e print(x,y)\n\u003e\u003e\u003e y.append(5)\n\u003e\u003e\u003e print(x,y)\n\u003e\u003e\u003e y \u003d x[:2]\n\u003e\u003e\u003e y[0] \u003d 10\n\u003e\u003e\u003e print(x, y)\n```\n\nExplications :\n- Lorsque l\u0027on fait `y \u003d x`, la variable `y` designe la même liste que la variable `x`.\n- Si l\u0027une des deux est modifiée, les deux se retrouvent changées.\n- Si on souhaite éviter ce comportement, on utilise `.copy()` qui met en `y` une copie (indépendante) de la liste qui se trouve dans `x`\n- Modifier une sous-liste n\u0027affecte pas sa liste parente, une sous-liste est donc une copie (partielle).\n\n***Question 4*** : Créer une liste `x` contenant les entiers de `0` à `9`\n\n***Question 5*** :En extraire une sous-liste `y` contenant sa deuxième moitié (les entiers de `5` à `9`) en utilisant les sous-listes\n\n***Question 6*** : Afficher `x` et `y`\n\n\n",
          "description_format": "md",
          "additional_files": {},
          "update_date": "Jan 1, 1970 1:00:00 AM",
          "feedback_link": {
            "link_type": "STEPIK"
          },
          "task_type": "edu"
        },
        {
          "name": "Ex7---Copies",
          "stepic_id": 0,
          "task_files": {
            "task.py": {
              "name": "task.py",
              "text": "# Exercice 5\n\n\n# Q1\n\n#type here\n\n\n# Q2\n\n#type here\n",
              "placeholders": [
                {
                  "offset": 21,
                  "length": 10,
                  "hints": [],
                  "possible_answer": "def ma_fonction(l):\n    valeur_max \u003d 0\n    for v in l:\n        if v \u003e valeur_max:\n            valeur_max \u003d v\n    for i in range(len(l)):\n        if l[i] \u003d\u003d valeur_max:\n            l[i] \u003d 0\n    print(\"resultat\", l)",
                  "placeholder_text": "#type here"
                },
                {
                  "offset": 40,
                  "length": 10,
                  "hints": [],
                  "possible_answer": "ma_liste \u003d [1, 4, 56, 3, 45, 56, -2, 7]\n\nprint(ma_liste)\n\nma_fonction(ma_liste)\n\nprint(ma_liste)\n\nma_liste \u003d [1, 3, 2]\n\nma_fonction(ma_liste.copy())\n\nprint(ma_liste)",
                  "placeholder_text": "#type here"
                }
              ]
            }
          },
          "test_files": {
            "tests.py": "from test_helper import run_common_tests, failed, passed, get_answer_placeholders, get_file_output, import_task_file\n\n\ndef test_answer_placeholders():\n    placeholders \u003d get_answer_placeholders()\n    if placeholders[0].replace(\" \", \"\").find(\"defma_fonction\") \u003d\u003d -1:\n        failed(\"Vous n\u0027avez pas défini la fonction ma_fonction.\")\n    else:\n        passed()\n\n\ndef test_output():\n    printed_text \u003d get_file_output()\n    if printed_text[0] !\u003d \"[1, 4, 56, 3, 45, 56, -2, 7]\":\n        failed(\"Erreur Q2.2\")\n    elif printed_text[1] !\u003d \"resultat [1, 4, 0, 3, 45, 0, -2, 7]\":\n        failed(\"Mauvais affichage Q2.3\")\n    elif printed_text[2] !\u003d \"[1, 4, 0, 3, 45, 0, -2, 7]\":\n        failed(\"Erreur Q2.4\")\n    elif printed_text[3] !\u003d \"resultat [1, 0, 2]\":\n        failed(\"Mauvais affichage Q2.6\")\n    elif printed_text[4] !\u003d \"[1, 3, 2]\":\n        failed(\"Erreur Q2.7\")\n    else:\n        passed()\n\n\ndef test_functions():\n    file \u003d import_task_file()\n    x \u003d [2, -2, 2, 1, 0]\n    file.ma_fonction(x)\n    if x !\u003d [0, -2, 0, 1, 0]:\n        failed(\"La fonction ma_fonction est incorrecte\")\n    else:\n        x.clear()\n        file.ma_fonction(x)\n        if x !\u003d []:\n            failed(\"La fonction ma_fonction est incorrecte sur la liste vide\")\n        else:\n            passed()\n\n\nif __name__ \u003d\u003d \u0027__main__\u0027:\n    run_common_tests()\n    test_answer_placeholders()\n    test_output()\n    test_functions()\n"
          },
          "description_text": "\n### Ex. 7 --- Copies de listes\n\n***Question 1*** : Ecrire une fonction `ma_fonction`, qui prend en argument une liste d\u0027entiers positifs, et a le comportement suivant:\n    - On trouve les indices correspondants a l\u0027élément maximal de la liste (la plus grande valeur, qui peut apparaitre plusieurs fois)\n    - On remplace par `0` le contenu de toutes les cases correspondantes\n    - On affiche la liste obtenue sous la forme: `resultat \u003cliste\u003e`\n\n***Question 2*** :  Suivre les instructions suivantes\n\n    - Créer une liste `ma_liste`, contenant `[1, 4, 56, 3, 45, 56, -2, 7]`\n    - Aficher `ma_liste`\n    - Appeler `ma_fonction` avec comme argument `ma_liste`\n    - Aficher `ma_liste`\n    - réaffecter `ma_liste` à `[1, 3, 2]`\n    - Appeler de nouveau `ma_fonction`, mais sur `ma_liste.copy()` cette fois-ci\n    - Aficher `ma_liste`\n\nRemarque:\n- On constate que si une liste est modifiée dans une fonction, elle est également modifiée en dehors de la fonction.\n- La méthode `.copy()` permet d\u0027éviter ce comportement (si l\u0027on souhaite que la liste passée en argument ne soit pas modifiée)\n",
          "description_format": "md",
          "additional_files": {},
          "update_date": "Jan 1, 1970 1:00:00 AM",
          "feedback_link": {
            "link_type": "STEPIK"
          },
          "task_type": "edu"
        }
      ],
      "type": "lesson"
    },
    {
      "id": 0,
      "update_date": "Jan 1, 1970 1:00:00 AM",
      "title": "Part3---Dictionaries",
      "task_list": [
        {
          "name": "Ex8---Dictionaries",
          "stepic_id": 0,
          "task_files": {
            "task.py": {
              "name": "task.py",
              "text": "\n\n# Q3\n\n#type here\n\n# Q4\n\n#type here\n\n# Q5\n\n#type here\n\n# Q6\n\n#type here\n\n# Q7\n\n#type here\n\n# Q8\n\n#type here\n",
              "placeholders": [
                {
                  "offset": 8,
                  "length": 10,
                  "hints": [],
                  "possible_answer": "my_dict \u003d {}",
                  "placeholder_text": "#type here"
                },
                {
                  "offset": 26,
                  "length": 10,
                  "hints": [],
                  "possible_answer": "my_dict[\"Alice\"] \u003d \"06 23 45 67 89\"",
                  "placeholder_text": "#type here"
                },
                {
                  "offset": 44,
                  "length": 10,
                  "hints": [],
                  "possible_answer": "my_dict[\"Bob\"] \u003d \"06 98 76 54 32\"",
                  "placeholder_text": "#type here"
                },
                {
                  "offset": 62,
                  "length": 10,
                  "hints": [],
                  "possible_answer": "my_dict[\"Alice\"] \u003d \"07 22 44 66 88\"",
                  "placeholder_text": "#type here"
                },
                {
                  "offset": 80,
                  "length": 10,
                  "hints": [],
                  "possible_answer": "print(my_dict)",
                  "placeholder_text": "#type here"
                },
                {
                  "offset": 98,
                  "length": 10,
                  "hints": [],
                  "possible_answer": "print(len(my_dict))",
                  "placeholder_text": "#type here"
                }
              ]
            }
          },
          "test_files": {
            "tests.py": "from test_helper import run_common_tests, failed, passed, get_answer_placeholders, get_file_output, import_task_file\n\n\ndef test_answer_placeholders():\n    placeholders \u003d get_answer_placeholders()\n    if placeholders[0].replace(\" \", \"\") !\u003d \"my_dict\u003d{}\" and placeholders[0].replace(\" \", \"\") !\u003d \"my_dict\u003ddict()\":\n        failed(\"Erreur Q1\")\n    else:\n        passed()\n\n\ndef test_output():\n    printed_text \u003d get_file_output()\n    if printed_text[0] !\u003d \"{\u0027Alice\u0027: \u002707 22 44 66 88\u0027, \u0027Bob\u0027: \u002706 98 76 54 32\u0027}\":\n        failed(\"Erreur Q5\")\n    elif printed_text[1] !\u003d str(2):\n        failed(\"Erreur Q6\")\n    else:\n        passed()\n\n\ndef test_functions():\n    passed()\n\n\nif __name__ \u003d\u003d \u0027__main__\u0027:\n    run_common_tests()\n    test_answer_placeholders()\n    test_output()\n    test_functions()\n"
          },
          "description_text": "\n## Partie 3 --- Les Dictionnaires\n\n### Ex. 8 --- Les Dictionnaires\n\n\n\nEn python, on peut aussi créer des dictionnaires (aussi appelées tableaux associatif).\n\n***Question 1 (console)*** : \nOuvrir la console python en bas à gauche, et y entrer les commandes suivantes:\n```\n\u003e\u003e\u003e dico \u003d {\"Alice\":1.75, \"Bob\":1.8, \"Charlie\":1.72}\n\u003e\u003e\u003e print(dico)\n\u003e\u003e\u003e type(dico)\n\u003e\u003e\u003e dico[\"Alice\"]\n\u003e\u003e\u003e dico[\"Bob\"]\n\u003e\u003e\u003e dico[\"David\"]\n\u003e\u003e\u003e len(dico)\n```\n\nExplications :\n- Il existe un type `dict`, qui associe des eléments à d\u0027autres. On parle de clefs et de valeurs.\n- Par exemple, le dicitionnaire `dico` associe à la clef `\"Alice\"` la valeur `1.72`\n- On peut accéder à la valeur d\u0027une clef avec les crochets `dico[...]`\n- Si on essaye d\u0027accéder à une clef inconnue, une Erreur est renvoyée\n- `len` fonctionne aussi sur les dictionnaires, et compte le nombre de paires (clef:valeur) contenues\n\n***Question 2 (console)*** : \nOn continue dans la console:\n```\n- dico \u003d {}\n- dico[\"Alice\"] \u003d \"Boulanger\"\n- dico[\"Bob\"] \u003d \"Instituteur\"\n- dico[\"Charlie\"] \u003d \"Charpentier\"\n- print(dico)\n- dico[\"Alice\"] \u003d \"Comptable\"\n- del dico[\"Charlie\"]\n- dico.pop(\"Bob\")\n- print(dico)\n```\nExplications :\n- On peut ajouter des clefs et des valeurs en utilisant `dico[clef] \u003d valeur`\n- Si `clef` est inconnue, une case l\u0027associant à `valeur` est ajoutée au dictionnaire\n- Si `clef` est déjà une clef de `dico`, l\u0027ancienne valeur est remplacée par la nouvelle\n- Comme pour les, liste, on peut supprimer des éléments avec `del`\n- Les dictionnaires possèdent une méthode `.pop(clef)` permettant d\u0027en supprimer une clef et sa valeur. Comme pour les listes, la valeur associée à l\u0027élément supprimé est renvoyé en résultat.\n\n\n***Question 3*** : Créer un dictionnaire `my_dict` initialement vide.\n\n***Question 4*** : Associer à la clef `\"Alice\"` la valeur `\"06 23 45 67 89\"`\n\n***Question 5*** :  Associer à la clef `\"Bob\"` la valeur `\"06 98 76 54 32\"`\n\n***Question 6*** :  Changer la valeur d\u0027`\"Alice\"` à `\"07 22 44 66 88\"`\n\n***Question 7*** :  Afficher `my_dict`\n\n***Question 8*** :  Afficher sa taille\n",
          "description_format": "md",
          "additional_files": {},
          "update_date": "Jan 1, 1970 1:00:00 AM",
          "feedback_link": {
            "link_type": "STEPIK"
          },
          "task_type": "edu"
        },
        {
          "name": "Ex9---Iterating",
          "stepic_id": 0,
          "task_files": {
            "task.py": {
              "name": "task.py",
              "text": "\n\n# Q1\n\n#type here\n\n# Q2\n\n#type here\n\n\n# Q3\n\n#type here\n",
              "placeholders": [
                {
                  "offset": 8,
                  "length": 10,
                  "hints": [],
                  "possible_answer": "parite \u003d {}",
                  "placeholder_text": "#type here"
                },
                {
                  "offset": 26,
                  "length": 10,
                  "hints": [],
                  "possible_answer": "for i in range(10, 21):\n    if i % 2 \u003d\u003d 0:\n        parite[i] \u003d \"pair\"\n    else:\n        parite[i] \u003d \"impair\"",
                  "placeholder_text": "#type here"
                },
                {
                  "offset": 45,
                  "length": 10,
                  "hints": [],
                  "possible_answer": "for c, v in parite.items():\n    print(\"L\u0027entier\", c, \"est\", v)",
                  "placeholder_text": "#type here"
                }
              ]
            }
          },
          "test_files": {
            "tests.py": "from test_helper import run_common_tests, failed, passed, get_answer_placeholders, get_file_output, import_task_file\n\n\ndef test_answer_placeholders():\n    placeholders \u003d get_answer_placeholders()\n    if placeholders[0].replace(\" \", \"\") !\u003d \"parite\u003d{}\" and placeholders[0].replace(\" \", \"\") !\u003d \"parite\u003ddict()\":\n        failed(\"Erreur Q1\")\n    else:\n        passed()\n\n\ndef test_output():\n    printed_text \u003d get_file_output()\n    if printed_text[0].find(\"L\u0027entier \") \u003d\u003d -1:\n        failed(\"Erreur Q3\")\n    else:\n        passed()\n\n\ndef test_functions():\n    sol \u003d {}\n    for i in range(10, 21):\n        if i % 2 \u003d\u003d 0:\n            sol[i] \u003d \"pair\"\n        else:\n            sol[i] \u003d \"impair\"\n    file \u003d import_task_file()\n    if file.parite !\u003d sol:\n        failed(\"Erreur Q2\")\n    else:\n        passed()\n\n\nif __name__ \u003d\u003d \u0027__main__\u0027:\n    run_common_tests()\n    test_answer_placeholders()\n    test_output()\n    test_functions()\n"
          },
          "description_text": "\n### Ex.9 --- Parcours\n\nIl y à trois manières d\u0027itérer sur les éléments d\u0027un dictionnaire avec une boulce `for`.\n\n- On peut itérer sur les clefs :\n```\nfor clef in dico.keys():\n  print(clef)\n```\n- On peut itérer sur les valeurs associées au clefs :\n```\nfor valeur in dico.values():\n  print(valeur)\n```\n- Et enfin on peut itérer sur les deux en même temps :\n```\nfor clef, valeur in dico.items():\n  print(clef,\":\",valeur)\n```\n\nEssayez d\u0027utiliser ces parcours en console.\n\n***Question 1*** : Créer une variable `parite` contenant un dictionnaire vide. \n\nOn souhaite y stocker des paires clef:valeur sous la forme suivante: Les clefs seront des entiers, les valeurs seront des chaînes de caractères en indiquant la parité (`\"pair\"` ou `\"impair\"`).\n\n***Question 2*** : Y ajouter les clefs de 10 à 20, avec leur valeurs associées.\n\n\n***Question 3*** : Afficher le contenu de `parite`, en affichant en console une ligne `\"L\u0027entier \u003ci\u003e est \u003cpair/impair\u003e\"` par entrée dans le dictionnaire.\n",
          "description_format": "md",
          "additional_files": {},
          "update_date": "Jan 1, 1970 1:00:00 AM",
          "feedback_link": {
            "link_type": "STEPIK"
          },
          "task_type": "edu"
        }
      ],
      "type": "lesson"
    },
    {
      "id": 0,
      "update_date": "Jan 1, 1970 1:00:00 AM",
      "title": "Edu additional materials",
      "task_list": [
        {
          "name": "Edu additional materials",
          "stepic_id": 0,
          "task_files": {},
          "test_files": {},
          "description_format": "md",
          "additional_files": {
            "test_helper.py": "import sys\n\n\ndef get_file_text(path):\n    \"\"\" Returns file text by path\"\"\"\n    file_io \u003d open(path, \"r\")\n    text \u003d file_io.read()\n    file_io.close()\n    return text\n\n\ndef get_file_output(encoding\u003d\"utf-8\", path\u003dsys.argv[-1], arg_string\u003d\"\"):\n    \"\"\"\n    Returns answer file output\n    :param encoding: to decode output in python3\n    :param path: path of file to execute\n    :return: list of strings\n    \"\"\"\n    import subprocess\n\n    proc \u003d subprocess.Popen([sys.executable, path], stdin\u003dsubprocess.PIPE, stdout\u003dsubprocess.PIPE,\n                            stderr\u003dsubprocess.STDOUT)\n    if arg_string:\n        for arg in arg_string.split(\"\\n\"):\n            proc.stdin.write(bytearray(str(arg) + \"\\n\", encoding))\n            proc.stdin.flush()\n\n    return list(map(lambda x: str(x.decode(encoding)), proc.communicate()[0].splitlines()))\n\n\ndef test_file_importable():\n    \"\"\" Tests there is no obvious syntax errors\"\"\"\n    path \u003d sys.argv[-1]\n    if not path.endswith(\".py\"):\n        import os\n\n        parent \u003d os.path.abspath(os.path.join(path, os.pardir))\n        python_files \u003d [f for f in os.listdir(parent) if os.path.isfile(os.path.join(parent, f)) and f.endswith(\".py\")]\n        for python_file in python_files:\n            if python_file \u003d\u003d \"tests.py\":\n                continue\n            check_importable_path(os.path.join(parent, python_file))\n        return\n    check_importable_path(path)\n\n\ndef check_importable_path(path):\n    \"\"\" Checks that file is importable.\n        Reports failure otherwise.\n    \"\"\"\n    saved_input \u003d patch_input()\n    try:\n        import_file(path)\n    except:\n        failed(\"The file contains syntax errors\", test_file_importable.__name__)\n        return\n    finally:\n        revert_input(saved_input)\n\n    passed(test_file_importable.__name__)\n\n\ndef patch_input():\n    def mock_fun(_m\u003d\"\"):\n        return \"mock\"\n\n    if sys.version_info[0] \u003d\u003d 3:\n        import builtins\n        save_input \u003d builtins.input\n        builtins.input \u003d mock_fun\n        return save_input\n    elif sys.version_info[0] \u003d\u003d 2:\n        import __builtin__\n        save_input \u003d __builtin__.raw_input\n        __builtin__.raw_input \u003d mock_fun\n        __builtin__.input \u003d mock_fun\n        return save_input\n\n\ndef revert_input(saved_input):\n    if sys.version_info[0] \u003d\u003d 3:\n        import builtins\n        builtins.input \u003d saved_input\n    elif sys.version_info[0] \u003d\u003d 2:\n        import __builtin__\n        __builtin__.raw_input \u003d saved_input\n        __builtin__.input \u003d saved_input\n\n\ndef import_file(path):\n    \"\"\" Returns imported file \"\"\"\n    if sys.version_info[0] \u003d\u003d 2 or sys.version_info[1] \u003c 3:\n        import imp\n\n        return imp.load_source(\"tmp\", path)\n    elif sys.version_info[0] \u003d\u003d 3:\n        import importlib.machinery\n\n        return importlib.machinery.SourceFileLoader(\"tmp\", path).load_module(\"tmp\")\n\n\ndef import_task_file():\n    \"\"\" Returns imported file.\n        Imports file from which check action was run\n    \"\"\"\n    path \u003d sys.argv[-1]\n    return import_file(path)\n\n\ndef test_is_not_empty():\n    \"\"\"\n        Checks that file is not empty\n    \"\"\"\n    path \u003d sys.argv[-1]\n    file_text \u003d get_file_text(path)\n\n    if len(file_text) \u003e 0:\n        passed()\n    else:\n        failed(\"The file is empty. Please, reload the task and try again.\")\n\n\ndef test_text_equals(text, error_text):\n    \"\"\"\n        Checks that answer equals text.\n    \"\"\"\n    path \u003d sys.argv[-1]\n    file_text \u003d get_file_text(path)\n\n    if file_text.strip() \u003d\u003d text:\n        passed()\n    else:\n        failed(error_text)\n\n\ndef test_answer_placeholders_text_deleted(error_text\u003d\"Don\u0027t just delete task text\"):\n    \"\"\"\n        Checks that all answer placeholders are not empty\n    \"\"\"\n    windows \u003d get_answer_placeholders()\n\n    for window in windows:\n        if len(window) \u003d\u003d 0:\n            failed(error_text)\n            return\n    passed()\n\n\ndef set_congratulation_message(message):\n    \"\"\" Overrides default \u0027Congratulations!\u0027 message \"\"\"\n    print(\"#educational_plugin CONGRATS_MESSAGE \" + message)\n\n\ndef failed(message\u003d\"Please, reload the task and try again.\", name\u003dNone):\n    \"\"\" Reports failure \"\"\"\n    if not name:\n        name \u003d sys._getframe().f_back.f_code.co_name\n    print(\"#educational_plugin \" + name + \" FAILED + \" + message)\n\n\ndef passed(name\u003dNone):\n    \"\"\" Reports success \"\"\"\n    if not name:\n        name \u003d sys._getframe().f_back.f_code.co_name\n    print(\"#educational_plugin \" + name + \" test OK\")\n\n\ndef get_answer_placeholders():\n    \"\"\"\n        Returns all answer placeholders text\n    \"\"\"\n    prefix \u003d \"#educational_plugin_window \u003d \"\n    path \u003d sys.argv[-1]\n    import os\n\n    file_name_without_extension \u003d os.path.splitext(path)[0]\n    windows_path \u003d file_name_without_extension + \"_windows\"\n    windows \u003d []\n    f \u003d open(windows_path, \"r\")\n    window_text \u003d \"\"\n    first \u003d True\n    for line in f.readlines():\n        if line.startswith(prefix):\n            if not first:\n                windows.append(window_text.strip())\n            else:\n                first \u003d False\n            window_text \u003d line[len(prefix):]\n        else:\n            window_text +\u003d line\n\n    if window_text:\n        windows.append(window_text.strip())\n\n    f.close()\n    return windows\n\n\ndef check_samples(samples\u003d()):\n    \"\"\"\n      Check script output for all samples. Sample is a two element list, where the first is input and\n      the second is output.\n    \"\"\"\n    for sample in samples:\n        if len(sample) \u003d\u003d 2:\n            output \u003d get_file_output(arg_string\u003dstr(sample[0]))\n            if \"\\n\".join(output) !\u003d sample[1]:\n                failed(\n                    \"Test from samples failed: \\n \\n\"\n                    \"Input:\\n{}\"\n                    \"\\n \\n\"\n                    \"Expected:\\n{}\"\n                    \"\\n \\n\"\n                    \"Your result:\\n{}\".format(str.strip(sample[0]), str.strip(sample[1]), \"\\n\".join(output)))\n                return\n        set_congratulation_message(\"All test from samples passed. Now we are checking your solution on Stepik server.\")\n\n    passed()\n\n\ndef run_common_tests(error_text\u003d\"Please, reload file and try again\"):\n    test_is_not_empty()\n    test_answer_placeholders_text_deleted()\n    test_file_importable()\n"
          },
          "update_date": "Jan 1, 1970 1:00:00 AM",
          "feedback_link": {
            "link_type": "STEPIK"
          },
          "task_type": "edu"
        }
      ],
      "type": "lesson"
    }
  ]
}