{
  "summary": "TP3",
  "title": "TP3",
  "programming_language": "Python 3.x",
  "language": "en",
  "items": [
    {
      "id": 0,
      "update_date": "Jan 1, 1970 1:00:00 AM",
      "title": "Part1---Calling predefined functions",
      "task_list": [
        {
          "name": "Ex1---Print",
          "stepic_id": 0,
          "task_files": {
            "task.py": {
              "name": "task.py",
              "placeholders": [
                {
                  "offset": 5,
                  "length": 10,
                  "hints": [],
                  "possible_answer": "print(\"Hello World!\")",
                  "placeholder_text": "#type here"
                },
                {
                  "offset": 33,
                  "length": 10,
                  "hints": [],
                  "possible_answer": "\"Arnaud\"",
                  "placeholder_text": "#type here"
                },
                {
                  "offset": 49,
                  "length": 10,
                  "hints": [],
                  "possible_answer": "print(\"Hello\", your_name)",
                  "placeholder_text": "#type here"
                },
                {
                  "offset": 65,
                  "length": 10,
                  "hints": [],
                  "possible_answer": "for index in range(100):\n    print(\"to\", end\u003d\"\")",
                  "placeholder_text": "#type here"
                }
              ],
              "is_visible": true,
              "text": "\n#Q1\n#type here\n\n#Q2\nyour_name \u003d #type here\n\n#Q3\n#type here\n\n#Q4\n#type here\n"
            }
          },
          "test_files": {
            "tests.py": "from test_helper import run_common_tests, failed, passed, get_answer_placeholders, get_file_output\n\n\ndef test_answer_placeholders():\n    placeholders \u003d get_answer_placeholders()\n    test_assignment(placeholders[1])\n\ndef test_assignment(answer):\n    if answer !\u003d \"Écrire votre nom\":\n        passed()\n    else:\n        failed(\"Mauvaise affectation de la variable your_name\")\n\ndef test_print():\n    printed_text \u003d get_file_output()\n    if (printed_text[0] !\u003d \u0027Hello World!\u0027):\n        failed(\"Mauvais affichage avec l\u0027appel à la fonction print avec un argument.\")\n    elif(not printed_text[1].startswith(\"Hello \")):\n        failed(\"Mauvais affichage avec l\u0027appel à la fonction print avec deux arguments.\")\n    elif(len(printed_text[2])\u003c200):\n        failed(\"Pas assez de to affichés\")\n    elif (len(printed_text[2]) \u003c 200):\n        failed(\"Trop de to affichés\")\n    elif (printed_text[2] !\u003d \"to\"*100):\n        failed(\"Mauvais affichage avec l\u0027appel à la fonction print pour afficher les to.\")\n    else:\n        passed()\n\nif __name__ \u003d\u003d \u0027__main__\u0027:\n    run_common_tests()\n    test_answer_placeholders()\n    test_print()\n\n\n"
          },
          "description_text": "\n# TP3\n\n## Partie 1 --- Appel de fonction prédéfinies\n\n### Ex. 1 --- Fonction print\n\n\nUn des concepts les plus importants en programmation est le concept de fonction. \nVous avez déjà manipulé des fonctions dans les précédent TP comme la fonction `print`.\n\nDans cet exercice, vous allez voir comment appeler une fonction. Une fonction s\u0027appelle en donnant des \nvaleurs que l\u0027on appelle **arguments** entre parenthèses après le nom de la fonction. Si l\u0027appel de fonction a \nplusieurs arguments, une virgule sépare deux arguments consécutifs.\n\nUn appel de fonction s\u0027écrit donc de la manière suivante :\n\n```\nnom_de_la_fonction(argument1, argument2, ...)\n```\n\nLes arguments servent à spécifier le comportement de l\u0027appel de la fonction. Par exemple, dans le cas de `print`, \nles arguments seront les valeurs affichées par la fonction `print`. Les arguments étant des valeurs cela peut \ncorrespondre dans le code à :\n\n- des littéraux c\u0027est-à-dire des constantes. Exemples : `15`, `-199`, `12.9`, `\"toto\"`, `True`, ...\n- des variables et la valeur ser égale au contenu de la variable. Exemples : `x`, `sum`, ... \n- un autre appel de fonction. Exemples : `random()`, `sqrt(12)`\n- des expressions, c\u0027est-à-dire des valeurs liées par des opérateurs. Exemples : `12 + sum`, `f(12) * 234`, `12 \u003c 24`, `2 * (x+2)`...\n    \nPar exemple, pour appeler la fonction `print` pour afficher l\u0027entier `15` on écrit `print(15)`.\n\nLa fonction `print` peut être appelée avec un nombre d\u0027arguments quelconque. Les arguments seront affichés dans \nl\u0027ordre avec un espace les séparant et un saut de ligne à la fin. Un appel `print(\"La valeur est\", value)` \naffichera donc `La valeur est 100` si `value` est une variable initialisée à `100`.\n\nVous pouvez remplacer le séparateur par défaut (une chaîne de caractères contenant un espace) par une autre chaîne de \ncaractères (même une chaîne vide), grâce à l\u0027argument `sep`. Il faut pour cela, spécifier la valeur de `sep` en écrivant \n`sep\u003dvaleur` entre les parenthèses de l\u0027appel de fonction.\n\nExemples :\n\n- `print(\"Bonjour\", \"tout\", \"le\", \"monde\", sep \u003d\"*\")` affichera `Bonjour*tout*le*monde`\n- `print(\"Bonjour\", \"tout\", \"le\", \"monde\", sep \u003d\"\")` affichera `Bonjourtoutlemonde`\n\nEn plus, des arguments qui seront affichés par la focntion `print`, il est possible de changer la chaîne de caractère \nentre l\u0027affichage de chaque argument (un espace par défaut) ainsi que la chaîne de caractère (un saut de ligne par défaut).\n\n**Question 1** : \nAppeler la fonction `print` pour qu\u0027elle affiche `Hello World!` \n\n**Question 2** : \nInitialiser la variable `your_name` pour qu\u0027elle contienne un chaîne de caractère correpondant à votre nom.\n\n**Question 3** : \nAppeler la fonction `print` pour qu\u0027elle affiche `Hello` suivi d\u0027un espace suivi du contenu de la variable `your_name`.\n\n**Question 4** : \nUtiliser la fonction `print` pour afficher 100 fois le mot `to` sans espace entre les mots.\n\n",
          "description_format": "md",
          "additional_files": {},
          "update_date": "Jan 1, 1970 1:00:00 AM",
          "feedback_link": {
            "link_type": "STEPIK"
          },
          "task_type": "edu"
        },
        {
          "name": "Ex2---Sqrt",
          "stepic_id": 0,
          "task_files": {
            "task.py": {
              "name": "task.py",
              "placeholders": [
                {
                  "offset": 50,
                  "length": 34,
                  "hints": [],
                  "possible_answer": "sqrt(3)",
                  "placeholder_text": "Calculer la racine carrée de trois"
                },
                {
                  "offset": 131,
                  "length": 10,
                  "hints": [],
                  "possible_answer": "sqrt((x1 - x2)**2 + (y1 - y2)**2)",
                  "placeholder_text": "#type here"
                }
              ],
              "is_visible": true,
              "text": "from math import sqrt\n\n#Q1\nsquare_root_of_three \u003d Calculer la racine carrée de trois\n\nx1 \u003d 0\ny1 \u003d 0\n\nx2 \u003d 1\ny2 \u003d 1\n\n#Q2\ndistance \u003d #type here\n"
            }
          },
          "test_files": {
            "tests.py": "from test_helper import run_common_tests, failed, passed, get_answer_placeholders, import_task_file\nfrom math import sqrt, isclose\n\ndef test_answer_placeholders():\n    placeholders \u003d get_answer_placeholders()\n    placeholder \u003d placeholders[0]\n    file \u003d import_task_file()\n    test_sqrt(file)\n    test_distance(file)\n\ndef test_sqrt(file):\n    if file.square_root_of_three \u003d\u003d sqrt(3):\n        passed()\n    else:\n        failed(\"Formule du calcul de la racine carrée de trois incorrecte.\")\n\ndef test_distance(file):\n    if isclose(file.distance, sqrt((file.x1 - file.x2)**2 + (file.y1 - file.y2)**2)):\n        passed()\n    else:\n        failed(\"Formule du calcul de la distance incorrecte.\")\n\n\nif __name__ \u003d\u003d \u0027__main__\u0027:\n    run_common_tests()\n    test_answer_placeholders()\n    file \u003d import_task_file()\n    test_distance(file)\n    test_sqrt(file)\n\n\n"
          },
          "description_text": "\n\n### Ex. 2 --- Fonction sqrt\n\nEn plus des fonctions comme `print` qui effectuent des actions comme afficher du texte, \nils existent aussi des fonctions qui calculent des valeurs et **renvoient** (ou **retourne**) donc un résultat. \n\nUn exemple d\u0027une telle fonction est la fonction permettant de calculer la racine carrée d\u0027une valeur.\nEn Python (comme dans beaucoup d\u0027autres langages), cette fonction se nomme `sqrt` qui est une abbriéviation de \n**square root** qui signifie en anglais la racine carrée.\n\nUn appel de `sqrt(2)` renverra donc la valeur de la racine carrée de 2 qui est environ égal à `1.4142135623730951`.\n\nPour récupérer la valeur produite par l\u0027appel d\u0027une fonction, il est possible de la stocker dans une variable. \nPar exemple en écrivant `sqrt2 \u003d sqrt(2)`, on affecte (ou assigne) la valeur (en fait une approximation) de la racine \ncarrée de 2 à la variable `sqrt2`. \n\nOn peut aussi utiliser un appel de fonction dans une expression. Par exemple en \nécrivant `golden_ratio \u003d (1 + sqrt(5))/2`, on affecte la valeur du [nombre d\u0027or](https://fr.wikipedia.org/wiki/Nombre_d%27or) \nà la variable `golden_ratio`.\n\n\nLa fonction `sqrt` n\u0027est pas incluse de base dans Python contrairement à la fonction `print`. Elle est dans un module \nappelé `math` et il faut donc l\u0027importer pour qu\u0027elle soit disponible. La syntaxe (manière d\u0027écrire) pour importer une \nfonction d\u0027un module est la suivante :\n\n```python\nfrom nom_du_module import nom_de_la_fonction\n``` \n\nPour importer la fonction `sqrt` du module `math` on a donc ajouter la ligne suivante dans le code :\n\n```python\nfrom math import sqrt\n```\n\nIl est possible d\u0027importer toutes les fonctions d\u0027un module en mettant `*` en tant que nom de fonction. \nPar exemple, le code suivant permet d\u0027importer toutes les fonctions du module `math`. \n\n```python\nfrom math import *\n```\n\n**Question 1** : Utiliser la fonction `sqrt` pour initialiser une variable `square_root_of_three` à la valeur de \nla racine carrée de trois.\n\n**Question 2** : Utiliser la fonction `sqrt` pour calculer la distance euclidéenne entre le point de coordonnées (`x1`, `y1`) et le point de \n coordonnées (`x2`, `y2`) qui représentent deux point \ndans le plan. Si vous ne connaissez pas la formule permettant de calculer la distance entre deux points, il vous suffit de la \nrechercher sur internet par exemple au [lien suivant ](https://fr.wikipedia.org/wiki/Distance_(math%C3%A9matiques)).",
          "description_format": "md",
          "additional_files": {},
          "update_date": "Jan 1, 1970 1:00:00 AM",
          "feedback_link": {
            "link_type": "STEPIK"
          },
          "task_type": "edu"
        }
      ],
      "unit_id": 0,
      "type": "lesson"
    },
    {
      "id": 0,
      "update_date": "Jan 1, 1970 1:00:00 AM",
      "title": "Part2---Defining procedures",
      "task_list": [
        {
          "name": "Ex3---Without parameters",
          "stepic_id": 0,
          "task_files": {
            "task.py": {
              "name": "task.py",
              "placeholders": [
                {
                  "offset": 34,
                  "length": 10,
                  "hints": [],
                  "possible_answer": "for i in range(1000):\n        print(\"Hello!\")",
                  "placeholder_text": "#type here"
                },
                {
                  "offset": 51,
                  "length": 10,
                  "hints": [],
                  "possible_answer": "for i in range(2):\n    print_1000_hello()",
                  "placeholder_text": "#type here"
                },
                {
                  "offset": 96,
                  "length": 10,
                  "hints": [],
                  "possible_answer": "for i in range(1,10001):\n        print(i)",
                  "placeholder_text": "#type here"
                },
                {
                  "offset": 113,
                  "length": 10,
                  "hints": [],
                  "possible_answer": "for i in range(3):\n    print_1_to_10000()",
                  "placeholder_text": "#type here"
                }
              ],
              "is_visible": true,
              "text": "\n\n#Q1\ndef print_1000_hello():\n    #type here\n\n\n#Q2\n#type here\n\n\n#Q3\ndef print_1_to_10000():\n    #type here\n\n\n#Q4\n#type here"
            }
          },
          "test_files": {
            "tests.py": "from test_helper import run_common_tests, failed, passed, get_answer_placeholders, get_file_output\n\n\ndef test_answer_placeholders():\n    placeholders \u003d get_answer_placeholders()\n    placeholder \u003d placeholders[0]\n    if not placeholders[1].find(\"print_1000_hello\"):\n        failed(\"Vous n\u0027avez pas appeler la fonction print_1000_hello\")\n    elif not placeholders[1].find(\"print_1_to_10000\"):\n        failed(\"Vous n\u0027avez pas appeler la fonction print_1_to_10000\")\n    else:\n        passed()\n\n\ndef test_output():\n    printed_text \u003d get_file_output()\n    for i in range(2000):\n        if (printed_text[i] !\u003d \u0027Hello!\u0027):\n            failed(\"Mauvais affichage des Hello!.\")\n            return\n    for j in range(3):\n        expected_number \u003d 1\n        for i in range(2000+j*10000, 2000+(j+1)*10000):\n            if (printed_text[i] !\u003d str(expected_number)):\n                failed(\"Mauvais affichage des nombres.\")\n                return\n            expected_number+\u003d1\n    passed()\n\n\nif __name__ \u003d\u003d \u0027__main__\u0027:\n    run_common_tests()\n    test_answer_placeholders()       # TODO: uncomment test call\n    test_output()\n\n"
          },
          "description_text": "\n\n\n## Partie 2 --- Définitions de procédures\n\n\n### Ex. 3 --- Définitions de procédures sans paramètres\n\n\nOn vient de voir comment utiliser des fonctions qui existe déjà en Python. \nVous allez maintenant définir vos propres fonctions.  \n\nLa syntaxe pour la définition d\u0027une fonction sans paramètre et donc sans valeur à passer en argument lors d\u0027un appel\n(on verra dans l\u0027exercice comment rajouter des paramètres) est la suivante : \n\n```\ndef nom_de_la_fonction():\n    ...\n    bloc instructions\n    ...\n```\n\nOn peut faire quelques remarques :\n\n- Le mot-clé `def` s\u0027utilise de manière relativement similaire à `if` et `while`. La ligne doit se terminer par un double \npoint suivi d\u0027un bloc d\u0027instructions qui doit être indenté. \n- Tout comme pour les noms de variables, vous avez une liberté quasi-totale pour le nom des fonctions. Il vous faut \nnéanmoins respecter les mêmes règles : pas d\u0027espaces (on utilise `_` pour séparer les mots si le nom de la fonction en \ncontient plusieurs), que des minuscules, pas de caractères spéciaux (accents, tilde, parenthèses, accolades, ...)\n\n\n\n***Question 1*** : Définir une fonction `print_1000_hello` qui affiche 1000 fois \"Hello!\" avec un saut à la ligne entre chaque affichage.\n\n***Question 2*** : Appeler la fonction `print_1000_hello` deux fois.\n\n***Question 3*** : Définir une fonction `print_1_to_10000` qui affiche les entiers de 1 à 10000 avec un saut à la ligne entre chaque affichage. \n\n***Question 4*** : Appeler la fonction `print_1_to_10000` trois fois.\n\n\n",
          "description_format": "md",
          "additional_files": {},
          "update_date": "Jan 1, 1970 1:00:00 AM",
          "feedback_link": {
            "link_type": "STEPIK"
          },
          "task_type": "edu"
        },
        {
          "name": "Ex4---With parameters",
          "stepic_id": 0,
          "task_files": {
            "task.py": {
              "name": "task.py",
              "placeholders": [
                {
                  "offset": 7,
                  "length": 10,
                  "hints": [],
                  "possible_answer": "def print_n_hello(n):\n    for i in range(n):\n        print(\"Hello!\")",
                  "placeholder_text": "#type here"
                },
                {
                  "offset": 23,
                  "length": 10,
                  "hints": [],
                  "possible_answer": "print_n_hello(10)",
                  "placeholder_text": "#type here"
                },
                {
                  "offset": 39,
                  "length": 10,
                  "hints": [],
                  "possible_answer": "def print_line_multiplication_table(line_number):\n    for i in range(1, 11):\n        print(i * line_number, end\u003d\"\\t\")\n    print()",
                  "placeholder_text": "#type here"
                },
                {
                  "offset": 55,
                  "length": 10,
                  "hints": [],
                  "possible_answer": "print_line_multiplication_table(3)",
                  "placeholder_text": "#type here"
                },
                {
                  "offset": 71,
                  "length": 10,
                  "hints": [],
                  "possible_answer": "def print_multiplication_table():\n    for i in range(1, 11):\n        print_line_multiplication_table(i)",
                  "placeholder_text": "#type here"
                },
                {
                  "offset": 87,
                  "length": 10,
                  "hints": [],
                  "possible_answer": "print_multiplication_table()",
                  "placeholder_text": "#type here"
                }
              ],
              "is_visible": true,
              "text": "\n\n\n#Q1\n#type here\n\n#Q2\n#type here\n\n#Q3\n#type here\n\n#Q4\n#type here\n\n#Q5\n#type here\n\n#Q6\n#type here\n"
            }
          },
          "test_files": {
            "tests.py": "from test_helper import run_common_tests, failed, passed, get_answer_placeholders, get_file_output\n\n\ndef line_multiplication_table(line_number):\n    result \u003d \"\"\n    for i in range(1, 11):\n        result +\u003d str(i * line_number) + \"\\t\"\n    return result\n\n\ndef test_answer_placeholders():\n    placeholders \u003d get_answer_placeholders()\n    function_names \u003d [\"print_n_hello\",\"line_multiplication_table\",\"multiplication_table\"]\n    j \u003d 0\n    for i in range(1,6,2):\n        if placeholders[i].find(function_names[j]) \u003d\u003d -1:\n            failed(\"Vous n\u0027avez pas appeler la fonction \" + function_names[j])\n            return\n        j+\u003d1\n    passed()\n\n\ndef test_output():\n    printed_text \u003d get_file_output()\n    for i in range(0, 10):\n        if printed_text[i] !\u003d \"Hello!\":\n            failed(\"Mauvais affichage des Hello.\")\n            return\n    if printed_text[10] !\u003d line_multiplication_table(3):\n        failed(\"Mauvais affichage de la ligne de la table de multiplication.\")\n        return\n    for i in range(11, 21):\n        if (printed_text[i] !\u003d line_multiplication_table(i-10)):\n            failed(\"Mauvais affichage de la table de multiplication.\")\n    passed()\n\n\nif __name__ \u003d\u003d \u0027__main__\u0027:\n    run_common_tests()\n    test_answer_placeholders()\n    test_output()\n\n\n"
          },
          "description_text": "\n\n### Ex. 4 --- Définitions de procédures avec paramètres\n\nLa syntaxe pour la définition d\u0027une fonction ayant des paramètre est la suivante : \n\n```\ndef nom_de_la_fonction(nom_parametre1, nom_parametre2, ...):\n    ...\n    bloc instructions\n    ...\n```\n\nLa liste des paramètres spécifie quelles informations il faudra fournir en guise d\u0027arguments lorsque \nl\u0027on voudra utiliser cette fonction. \n \n Comme nous l\u0027avons vu à l\u0027exercice précédent les parenthèses peuvent parfaitement rester vides si \n la fonction ne nécessite pas d\u0027arguments.\n \n***Question 1*** : Définir une fonction `print_n_hello(n)` qui affiche `n` fois \"Hello!\" avec un saut à la ligne entre chaque affichage.\n \n***Question 2*** : Appeler la fonction `print_n_hello(n)` avec comme argument 10.\n \n***Question 3*** : Écrire une fonction `print_line_multiplication_table(line_number)` qui affiche la ligne d\u0027une table de multiplication,\n c\u0027est-à-dire tous les multiples de l\u0027entier `line_number` de une fois `line_number` à dix fois `line_number`. Chaque \n multiple devra être séparé par un caractère `\"\\t\"` qui correspond à une tabulation.\n Par exemple, un appel `print_line_multiplication_table(3)` devra afficher la ligne suivante :\n \n    ```\n    3\t6\t9\t12\t15\t18\t21\t24\t27\t30\n    ```\n\n***Question 4*** : Appeler la fonction `print_line_multiplication_table(line_number)` avec comme argument 3.\n\n***Question 5*** : Écrire une fonction `print_multiplication_table()` qui affiche les lignes 1 à 10 d\u0027une table de multiplication. \n Un appel `print_multiplication_table()` devra afficher le texte suivant :\n \n    ``` \n    1\t2\t3\t4\t5\t6\t7\t8\t9\t10\t\n    2\t4\t6\t8\t10\t12\t14\t16\t18\t20\t\n    3\t6\t9\t12\t15\t18\t21\t24\t27\t30\t\n    4\t8\t12\t16\t20\t24\t28\t32\t36\t40\t\n    5\t10\t15\t20\t25\t30\t35\t40\t45\t50\t\n    6\t12\t18\t24\t30\t36\t42\t48\t54\t60\t\n    7\t14\t21\t28\t35\t42\t49\t56\t63\t70\t\n    8\t16\t24\t32\t40\t48\t56\t64\t72\t80\t\n    9\t18\t27\t36\t45\t54\t63\t72\t81\t90\t\n    10\t20\t30\t40\t50\t60\t70\t80\t90\t100\t\n    ```\n\n ***Question 6*** : Appeler la fonction `print_multiplication_table()`\n \n \n ",
          "description_format": "md",
          "additional_files": {},
          "update_date": "Jan 1, 1970 1:00:00 AM",
          "feedback_link": {
            "link_type": "STEPIK"
          },
          "task_type": "edu"
        }
      ],
      "unit_id": 0,
      "type": "lesson"
    },
    {
      "id": 0,
      "update_date": "Jan 1, 1970 1:00:00 AM",
      "title": "Part3---Defining functions",
      "task_list": [
        {
          "name": "Ex5---One return statement",
          "stepic_id": 0,
          "task_files": {
            "task.py": {
              "name": "task.py",
              "placeholders": [
                {
                  "offset": 5,
                  "length": 10,
                  "hints": [],
                  "possible_answer": "def addition(number1, number2):\n    return number1 + number2",
                  "placeholder_text": "#type here"
                },
                {
                  "offset": 25,
                  "length": 10,
                  "hints": [],
                  "possible_answer": "addition(12,14)",
                  "placeholder_text": "#type here"
                },
                {
                  "offset": 41,
                  "length": 10,
                  "hints": [],
                  "possible_answer": "print(s)",
                  "placeholder_text": "#type here"
                }
              ],
              "is_visible": true,
              "text": "\n#Q1\n#type here\n\n#Q2\ns \u003d #type here\n\n#Q3\n#type here"
            }
          },
          "test_files": {
            "tests.py": "from test_helper import run_common_tests, failed, passed, get_answer_placeholders, import_task_file\n\n\ndef test_answer_placeholders():\n    placeholders \u003d get_answer_placeholders()\n    if placeholders[1].replace(\" \",\"\") !\u003d \"addition(12,14)\":\n        failed(\"Vous n\u0027avez pas appelé correctement la fonction addition.\")\n    elif placeholders[2].find(\"print\") \u003d\u003d -1:\n        failed(\"Vous n\u0027avez pas appelé la fonction print pour afficher le contenu de la variable s.\")\n    else:\n        passed()\n\ndef test_functions():\n    file \u003d import_task_file()\n    if file.addition(12, 32) !\u003d 12 + 32:\n        failed(\"La fonction addition ne renvoie pas le bon résultat.\")\n    else:\n        passed()\n\nif __name__ \u003d\u003d \u0027__main__\u0027:\n    run_common_tests()\n    test_answer_placeholders()\n    test_functions()\n\n\n"
          },
          "description_text": "\n\n##Partie 3 --- Définitions de fonctions\n\n###Ex. 5 --- Fonctions ayant une unique instruction retour\n\nComme nous l\u0027avez vu dans la deuxième question de l\u0027exercice 1, ils existent des fonctions comme `sqrt` calculant \net renvoyant (ou retournant) un résultat. Afin d\u0027indiquer à l\u0027ordinateur qu\u0027une fonction doit renvoyer une valeur, \nil faut utiliser le mot-clé `return` suivi de la valeur que l\u0027on souhaite retourner à l\u0027intérieur du code de la fonction. \n\nOn rappelle que les valeurs peuvent être exprimées par :\n\n- des littéraux c\u0027est-à-dire des constantes. Exemples : `15`, `-199`, `12.9`, `\"toto\"`, `True`, ...\n- des variables et la valeur sera égale au contenu de la variable. Exemples : `x`, `s`, ... \n- un appel de fonction. Exemples : `random()`, `sqrt(12)`\n- des expressions, c\u0027est-à-dire des valeurs liées par des opérateurs. Exemples : `12 + s`, `f(12) * 234`, `12 \u003c 24`, `2 * (x+2)`...\n\nPar exemple le code suivant défini une fonction `product` qui calcule et renvoie le produit de deux nombres \n`number1` et `number2`.\n\n```\ndef product(number1, number2):\n    return number1 * number2\n```\n\nUne fois que la fonction `product` est définie, on peut l\u0027appeler avec des arguments et récupérer la valeur \ncalculée. Considérons le code suivant : \n\n```\np1 \u003d product(12, 10)\nP2 \u003d product(p1, 2)\nprint(p2)\n```\n\n1. La variable `p1` prend la valeur du produit de `12` fois `10` soit `120`\n1. La variable `p2` prend la valeur du produit de la valeur de `p1` (égale à `120`) et de `2` soit `240`.\n1. Le contenu de la variable `p2` est affiché et donc 240 est affiché en sortie.\n\n\n***Question 1*** : Définir une fonction `addition` ayant deux paramètres `number1` et `number2` et qui renvoie la somme des deux \nnombres `number1` et `number2`\n\n***Question 2*** : Utiliser la fonction `addition` pour calculer la somme de 12 et 14 et mettre le résultat dans la variable `s`.\n\n***Question 3*** : Afficher le contenu de la variable `s`.\n\n\n\n",
          "description_format": "md",
          "additional_files": {},
          "update_date": "Jan 1, 1970 1:00:00 AM",
          "feedback_link": {
            "link_type": "STEPIK"
          },
          "task_type": "edu"
        },
        {
          "name": "Ex6---Several return statements",
          "stepic_id": 0,
          "task_files": {
            "task.py": {
              "name": "task.py",
              "placeholders": [
                {
                  "offset": 5,
                  "length": 10,
                  "hints": [],
                  "possible_answer": "def absolute_value(x):\n    if x \u003c 0:\n        return -x\n    return x",
                  "placeholder_text": "#type here"
                },
                {
                  "offset": 22,
                  "length": 10,
                  "hints": [],
                  "possible_answer": "print(absolute_value(-11))",
                  "placeholder_text": "#type here"
                }
              ],
              "is_visible": true,
              "text": "\n#Q1\n#type here\n\n\n#Q2\n#type here"
            }
          },
          "test_files": {
            "tests.py": "from test_helper import run_common_tests, failed, passed, get_answer_placeholders, import_task_file, get_file_output\n\n\ndef test_answer_placeholders():\n    placeholders \u003d get_answer_placeholders()\n    if placeholders[1].find(\"absolute_value\") \u003d\u003d -1:\n        failed(\"Vous n\u0027avez pas appelé la fonction absolute_value.\")\n    if placeholders[1].find(\"print\") \u003d\u003d -1:\n        failed(\"Vous n\u0027avez pas appelé la fonction print.\")\n    else:\n        passed()\n\ndef test_functions():\n    file \u003d import_task_file()\n    if file.absolute_value(-12) !\u003d 12 or file.absolute_value(222) !\u003d 222:\n        failed(\"La fonction absolute_value ne renvoie pas le bon résultat.\")\n    else:\n        passed()\n\ndef test_output():\n    printed_text \u003d get_file_output()\n    if printed_text[0] !\u003d str(11):\n        failed(\"Mauvais affichage de la valeur absolue de -11.\")\n    else:\n        passed()\n\nif __name__ \u003d\u003d \u0027__main__\u0027:\n    run_common_tests()\n    test_answer_placeholders()\n    test_functions()\n    test_output()\n"
          },
          "description_text": "\n### Ex. 6 --- Plusieurs instructions de retour\n\nDans certains cas, il peut y arriver que le code d\u0027une fonction contienne plusieurs \n[occurences](https://fr.wiktionary.org/wiki/occurrence) du mot-clé `return`. \n\nConsidérons la fonction suivante nommée `find_multiple_in_interval` :\n\n```\ndef find_multiple_in_interval(value, begin, end):\n    for i in range(begin, end):\n        if i % value \u003d\u003d 0:\n            return i\n    return -1\n```\n\nCette fonction parcoure tous les entiers compris dans l\u0027interval [begin , end[ et si elle trouve un multiple de \n`value` dans l\u0027intervalle, elle le renvoie. Dés que l\u0027instruction `return` est exécutée, on sort de la fonction. \nS\u0027il y a plusieurs multiples de `value` dans l\u0027intervalle, seul le premier multiple est renvoyé, car le `return` \narrête l\u0027exécution de la fonction et le reste des entiers de l\u0027intervalle n\u0027est pas parcouru. Si à la fin de la \nboucle, aucun des entiers de l\u0027intervalle étaient un multiple\nde `value` la valeur `-1` est renvoyé \n\n\n***Question 1*** : Écrire la fonction `absolute_value` ayant un paramètre `x` et qui renvoie la \n[valeur absolue](https://fr.wikipedia.org/wiki/Valeur_absolue) de `x`. \n\n***Question 2*** : Afficher la valeur absolue de `-11`.\n\n\n",
          "description_format": "md",
          "additional_files": {},
          "update_date": "Jan 1, 1970 1:00:00 AM",
          "feedback_link": {
            "link_type": "STEPIK"
          },
          "task_type": "edu"
        }
      ],
      "unit_id": 0,
      "type": "lesson"
    },
    {
      "id": 0,
      "update_date": "Jan 1, 1970 1:00:00 AM",
      "title": "Part4---Scope of variables",
      "task_list": [
        {
          "name": "Ex7---Local variables",
          "stepic_id": 0,
          "task_files": {
            "task.py": {
              "name": "task.py",
              "placeholders": [
                {
                  "offset": 5,
                  "length": 10,
                  "hints": [],
                  "possible_answer": "a \u003d 10",
                  "placeholder_text": "#type here"
                },
                {
                  "offset": 22,
                  "length": 10,
                  "hints": [],
                  "possible_answer": "def set_a_to_12():\n    a \u003d 12",
                  "placeholder_text": "#type here"
                },
                {
                  "offset": 39,
                  "length": 10,
                  "hints": [],
                  "possible_answer": "set_a_to_12()",
                  "placeholder_text": "#type here"
                },
                {
                  "offset": 56,
                  "length": 10,
                  "hints": [],
                  "possible_answer": "print(a)",
                  "placeholder_text": "#type here"
                }
              ],
              "is_visible": true,
              "text": "\n#Q1\n#type here\n\n\n#Q2\n#type here\n\n\n#Q3\n#type here\n\n\n#Q4\n#type here\n"
            }
          },
          "test_files": {
            "tests.py": "from test_helper import run_common_tests, failed, passed, get_answer_placeholders, import_task_file, get_file_output\n\n\ndef test_answer_placeholders():\n    placeholders \u003d get_answer_placeholders()\n    if placeholders[1].replace(\" \",\"\").find(\"defset_a_to_12\") \u003d\u003d -1:\n        failed(\"Vous n\u0027avez pas défini la fonction set_a_to_12.\")\n    if placeholders[2].replace(\" \",\"\") !\u003d \"set_a_to_12()\" :\n        failed(\"Vous n\u0027avez pas appelé la fonction set_a_to_12.\")\n    elif placeholders[3].find(\"print\") \u003d\u003d -1:\n        failed(\"Vous n\u0027avez pas appelé la fonction print pour afficher la valeur de a.\")\n    else:\n        passed()\n\ndef test_output():\n    printed_text \u003d get_file_output()\n    if printed_text[0] !\u003d str(10):\n        failed(\"Mauvais affichage de la valeur de a.\")\n    else:\n        passed()\n\ndef test_variables():\n    file \u003d import_task_file()\n    if file.a !\u003d 10 :\n        failed(\"Vous n\u0027avez pas créé la variable a avec la valeur 10.\")\n    else:\n        passed()\n\nif __name__ \u003d\u003d \u0027__main__\u0027:\n    run_common_tests()\n    test_answer_placeholders()\n    test_output()\n    test_variables()\n\n\n"
          },
          "description_text": "\n\n\n### Ex. 7 --- Variables locales\n\n\nLorsque nous définissons des variables à l\u0027intérieur du corps d\u0027une fonction, ces variables ne sont accessibles qu\u0027à la\nfonction elle-même. On dit que ces variables sont des variables locales à la fonction.\n\nLes variables à l\u0027intérieur de la fonctions sont donc différentes de celles à l\u0027extérieur de la fonction même si \nelles ont le même nom.\n\n***Question 1*** : Créer une variable nommée `a` et qui a une valeur égale à `10`.\n\n***Question 2*** : Définir une fonction `set_a_to_12` sans paramètre et qui initialise une variable `a` avec la valeur `12`.\n\n***Question 3*** : Appeler la fonction `set_a_to_12`.\n\n***Question 4*** : Afficher la valeur de la variable `a`.\n\n",
          "description_format": "md",
          "additional_files": {},
          "update_date": "Jan 1, 1970 1:00:00 AM",
          "feedback_link": {
            "link_type": "STEPIK"
          },
          "task_type": "edu"
        },
        {
          "name": "Ex8---Call-by-value",
          "stepic_id": 0,
          "task_files": {
            "task.py": {
              "name": "task.py",
              "placeholders": [
                {
                  "offset": 6,
                  "length": 10,
                  "hints": [],
                  "possible_answer": "a \u003d 0",
                  "placeholder_text": "#type here"
                },
                {
                  "offset": 23,
                  "length": 10,
                  "hints": [],
                  "possible_answer": "def increment(value):\n    value +\u003d 1\n    return value",
                  "placeholder_text": "#type here"
                },
                {
                  "offset": 40,
                  "length": 10,
                  "hints": [],
                  "possible_answer": "increment(a)",
                  "placeholder_text": "#type here"
                },
                {
                  "offset": 57,
                  "length": 10,
                  "hints": [],
                  "possible_answer": "print(a)",
                  "placeholder_text": "#type here"
                },
                {
                  "offset": 74,
                  "length": 10,
                  "hints": [],
                  "possible_answer": "a \u003d increment(a)",
                  "placeholder_text": "#type here"
                },
                {
                  "offset": 91,
                  "length": 10,
                  "hints": [],
                  "possible_answer": "print(a)",
                  "placeholder_text": "#type here"
                }
              ],
              "is_visible": true,
              "text": "\n\n#Q1\n#type here\n\n\n#Q2\n#type here\n\n\n#Q3\n#type here\n\n\n#Q4\n#type here\n\n\n#Q5\n#type here\n\n\n#Q6\n#type here"
            }
          },
          "test_files": {
            "tests.py": "from test_helper import run_common_tests, failed, passed, get_answer_placeholders, import_task_file, get_file_output\n\ndef test_functions(file):\n    if file.increment(10) !\u003d 11:\n        failed(\"La fonction increment ne renvoie pas le bon résultat.\")\n    else:\n        passed()\n\ndef test_answer_placeholders():\n    placeholders \u003d get_answer_placeholders()\n    if placeholders[1].replace(\" \",\"\").find(\"defincrement\") \u003d\u003d -1:\n        failed(\"Vous n\u0027avez pas défini la fonction increment.\")\n    if placeholders[2].replace(\" \",\"\") !\u003d \"increment(a)\":\n        failed(\"Vous n\u0027avez pas appelé la fonction increment ave a en argument.\")\n    elif placeholders[3].find(\"print\") \u003d\u003d -1:\n        failed(\"Vous n\u0027avez pas appelé la fonction print la première foir pour afficher la valeur de a.\")\n    elif placeholders[5].find(\"print\") \u003d\u003d -1:\n        failed(\"Vous n\u0027avez pas appelé la fonction print la deuxième fois pour afficher la valeur de a.\")\n    else:\n        passed()\n\ndef test_output():\n    printed_text \u003d get_file_output()\n    if printed_text[0] !\u003d str(0):\n        failed(\"Mauvais premier affichage de la valeur de a.\")\n    elif printed_text[1] !\u003d str(1):\n        failed(\"Mauvais deuxième affichage de la valeur de a.\")\n    else:\n        passed()\n\nif __name__ \u003d\u003d \u0027__main__\u0027:\n    run_common_tests()\n    test_answer_placeholders()\n    test_output()\n    file \u003d import_task_file()\n    test_functions(file)\n\n"
          },
          "description_text": "\n\n### Ex. 8 --- Appel par nom\n\n\nLorsqu\u0027une variable est passé comme argument d\u0027un appel de fonction, c\u0027est seulement sa valeur qui est transmise \net pas la variable elle-même. Un appel de fonction ne peut donc pas modifié la valeur d\u0027une variable. Vous allez \npouvoir vérifier cette affirmation avec cet exercice. \n\nAttention vous verrez par la suite des objets (les liste par exemple) dont l\u0027état sera modifiable y compris par un \nappel de fonction. \n\n***Question 1*** : Créer une variable `a` ayant pour valeur `0`.\n\n***Question 2*** : Définir un fonction `increment` ayant un paramètre `value`. Cette fonction devra augmenter de un la valeur de `value`\net renvoyer la nouvelle valeur de `value`. \n\n***Question 3*** : Appeler la fonction `increment` avec comme argument `a`.\n\n***Question 4*** : Afficher la valeur de `a`.\n\n***Question 5*** : Appeler la fonction `increment` avec comme argument `a` et stocker le retour de la focntion dans la variable `a`.\n\n***Question 6*** : Afficher la valeur de `a`.\n\n\n\n",
          "description_format": "md",
          "additional_files": {},
          "update_date": "Jan 1, 1970 1:00:00 AM",
          "feedback_link": {
            "link_type": "STEPIK"
          },
          "task_type": "edu"
        }
      ],
      "unit_id": 0,
      "type": "lesson"
    },
    {
      "id": 0,
      "update_date": "Jan 1, 1970 1:00:00 AM",
      "title": "Part5---Complex functions",
      "task_list": [
        {
          "name": "Ex9---Geometry",
          "stepic_id": 0,
          "task_files": {
            "task.py": {
              "name": "task.py",
              "placeholders": [
                {
                  "offset": 48,
                  "length": 10,
                  "hints": [],
                  "possible_answer": "def rectangle_area(length, width):\n    return length * width",
                  "placeholder_text": "#type here"
                },
                {
                  "offset": 64,
                  "length": 10,
                  "hints": [],
                  "possible_answer": "def rectangle_perimeter(length, width):\n    return 2 * (length + width)",
                  "placeholder_text": "#type here"
                },
                {
                  "offset": 80,
                  "length": 10,
                  "hints": [],
                  "possible_answer": "def triangle_area(side1, side2, side3):\n    p \u003d (side1 + side2 + side3)/2\n    return sqrt(p * (p-side1) * (p-side2) * (p-side3))",
                  "placeholder_text": "#type here"
                },
                {
                  "offset": 96,
                  "length": 10,
                  "hints": [],
                  "possible_answer": "def triangle_perimeter(side1, side2, side3):\n    return side1 + side2 + side3",
                  "placeholder_text": "#type here"
                },
                {
                  "offset": 112,
                  "length": 10,
                  "hints": [],
                  "possible_answer": "def disk_area(radius):\n    return pi * (radius ** 2)",
                  "placeholder_text": "#type here"
                },
                {
                  "offset": 128,
                  "length": 10,
                  "hints": [],
                  "possible_answer": "def disk_perimeter(radius):\n    return 2*pi*radius",
                  "placeholder_text": "#type here"
                }
              ],
              "is_visible": true,
              "text": "from math import sqrt\nfrom math import pi\n\n\n#Q1\n#type here\n\n#Q2\n#type here\n\n#Q3\n#type here\n\n#Q4\n#type here\n\n#Q5\n#type here\n\n#Q6\n#type here\n"
            }
          },
          "test_files": {
            "tests.py": "from test_helper import run_common_tests, failed, passed, import_task_file\nfrom math import isclose, pi, sqrt\n\n\ndef rectangle_area(length, width):\n    return length * width\n\ndef rectangle_perimeter(length, width):\n    return 2 * (length + width)\n\ndef triangle_area(side1, side2, side3):\n    p \u003d (side1 + side2 + side3)/2\n    return sqrt(p * (p-side1) * (p-side2) * (p-side3))\n\n\ndef triangle_perimeter(side1, side2, side3):\n    return side1 + side2 + side3\n\n\ndef disk_area(radius):\n    return pi * (radius ** 2)\n\n\ndef disk_perimeter(radius):\n    return 2*pi*radius\n\n\ndef test_functions():\n    file \u003d import_task_file()\n    if not isclose(file.rectangle_area(12,11), rectangle_area(12,11)):\n        failed(\"La fonction rectangle_area ne renvoie pas le bon résultat.\")\n    elif not isclose(file.rectangle_perimeter(12, 11), rectangle_perimeter(12, 11)):\n        failed(\"La fonction rectangle_perimeter ne renvoie pas le bon résultat.\")\n    elif not isclose(file.triangle_area(3,4,5), triangle_area(3,4,5)):\n        failed(\"La fonction triangle_area ne renvoie pas le bon résultat.\")\n    elif not isclose(file.triangle_perimeter(3, 4, 5), triangle_perimeter(3, 4, 5)):\n        failed(\"La fonction triangle_perimeter ne renvoie pas le bon résultat.\")\n    elif not isclose(file.disk_area(3), disk_area(3)):\n        failed(\"La fonction disk_area ne renvoie pas le bon résultat.\")\n    elif not isclose(file.disk_perimeter(3), disk_perimeter(3)):\n        failed(\"La fonction disk_perimeter ne renvoie pas le bon résultat.\")\n    else:\n        passed()\n\n\nif __name__ \u003d\u003d \u0027__main__\u0027:\n    run_common_tests()\n    test_functions()\n\n\n"
          },
          "description_text": "\n\n## Partie 5 --- Complex functions\n\n### Ex. 9 --- Géométrie\n\n***Question 1*** : Écrire une fonction `rectangle_area` ayant deux paramètres `height` et `length` et qui renvoie l\u0027aire du rectangle correspondant.\n\n***Question 2*** : Écrire une fonction `rectangle_perimeter` ayant deux paramètres `height` et `length` et qui renvoie le périmètre du rectangle correspondant.\n\n***Question 3*** : Écrire une fonction `triangle_area` ayant trois paramètres `side1`, `side2` et `side3` (les longueurs des trois cotés) et qui \nrenvoie l\u0027aire du triangle correspondant. On utilisera pour cela la [formule de Héron](https://fr.wikipedia.org/wiki/Formule_de_H%C3%A9ron).\n\n***Question 4*** : Écrire une fonction `triangle_perimeter` ayant trois paramètres `side1`, `side2` et `side3` (les longueurs des trois cotés) et qui renvoie le périmètre du triangle correspondant.\n\n***Question 5*** : Écrire une fonction `disk_area` ayant un paramètre `radius` et qui renvoie l\u0027aire du disque correspondant. Pour la valeur de pi, on utilisera `pi` qu\u0027on a importé du module math (deuxième ligne du code).\n\n***Question 6*** : Écrire une fonction `disk_perimeter` ayant un paramètre `radius` et qui renvoie le périmètre du disque correspondant.\n\n",
          "description_format": "md",
          "additional_files": {},
          "update_date": "Jan 1, 1970 1:00:00 AM",
          "feedback_link": {
            "link_type": "STEPIK"
          },
          "task_type": "edu"
        },
        {
          "name": "Exx10---Series",
          "stepic_id": 0,
          "task_files": {
            "task.py": {
              "name": "task.py",
              "placeholders": [
                {
                  "offset": 5,
                  "length": 10,
                  "hints": [],
                  "possible_answer": "def sum_from_begin_to_end(begin, end):\n    s \u003d 0\n    for i in range(begin, end):\n        s +\u003d i\n    return s",
                  "placeholder_text": "#type here"
                },
                {
                  "offset": 21,
                  "length": 10,
                  "hints": [],
                  "possible_answer": "def fibonacci(n):\n    term \u003d 0\n    next_term \u003d 1\n    for i in range(n):\n        temp \u003d next_term\n        next_term +\u003d term\n        term \u003d temp\n    return term",
                  "placeholder_text": "#type here"
                },
                {
                  "offset": 37,
                  "length": 10,
                  "hints": [],
                  "possible_answer": "def syracuse_next_term(term):\n    if term % 2 \u003d\u003d 0:\n        return term//2\n    return 3*term + 1",
                  "placeholder_text": "#type here"
                },
                {
                  "offset": 53,
                  "length": 10,
                  "hints": [],
                  "possible_answer": "def print_syracuse_values(initial_term):\n    term \u003d initial_term\n    while term !\u003d 1:\n        print(term)\n        term \u003d syracuse_next_term(term)\n    print(term)",
                  "placeholder_text": "#type here"
                },
                {
                  "offset": 69,
                  "length": 10,
                  "hints": [],
                  "possible_answer": "print_syracuse_values(15)",
                  "placeholder_text": "#type here"
                }
              ],
              "is_visible": true,
              "text": "\n#Q1\n#type here\n\n#Q2\n#type here\n\n#Q3\n#type here\n\n#Q4\n#type here\n\n#Q5\n#type here"
            }
          },
          "test_files": {
            "tests.py": "from test_helper import run_common_tests, failed, passed, get_answer_placeholders, import_task_file, get_file_output\n\n\ndef sum_from_begin_to_end(begin, end):\n    s \u003d 0\n    for i in range(begin, end):\n        s +\u003d i\n    return s\n\n\ndef fibonacci(n):\n    term \u003d 0\n    next_term \u003d 1\n    for i in range(n):\n        temp \u003d next_term\n        next_term +\u003d term\n        term \u003d temp\n    return term\n\n\ndef syracuse_next_term(term):\n    if term % 2 \u003d\u003d 0:\n        return term//2\n    return 3*term + 1\n\ndef list_str_syracuse(initial_term):\n    term \u003d initial_term\n    list \u003d []\n    while term !\u003d 1:\n        list.append(str(term))\n        term \u003d syracuse_next_term(term)\n    list.append(str(term))\n    return list\n\ndef test_functions():\n    file \u003d import_task_file()\n    if file.fibonacci(12) !\u003d fibonacci(12):\n        failed(\"La fonction fibonacci ne renvoie pas le bon résultat.\")\n    elif file.sum_from_begin_to_end(5, 15) !\u003d sum_from_begin_to_end(5, 15):\n        failed(\"La fonction sum_from_begin_to_end ne renvoie pas le bon résultat.\")\n    elif file.syracuse_next_term(12) !\u003d syracuse_next_term(12) or file.syracuse_next_term(9) !\u003d syracuse_next_term(9):\n        failed(\"La fonction syracuse_next_term ne renvoie pas le bon résultat.\")\n    else:\n        passed()\n\ndef test_output():\n    printed_text \u003d get_file_output()\n    expected_text \u003d list_str_syracuse(15)\n    if printed_text !\u003d expected_text:\n        failed(\"L\u0027affichage des termes de la suite de Syracuse n\u0027est pas correct.\")\n    else:\n        passed()\n\ndef test_answer_placeholders():\n    placeholders \u003d get_answer_placeholders()\n    if placeholders[4].find(\"print_syracuse_values\") !\u003d -1:\n        passed()\n    else:\n        failed(\"Vou n\u0027avez pas appelé la fonction print_syracuse_values.\")\n\n\nif __name__ \u003d\u003d \u0027__main__\u0027:\n    run_common_tests()\n    test_output()\n    test_functions()\n    test_answer_placeholders()\n\n\n"
          },
          "description_text": "\n### Ex. 10 --- Suites\n\n\n***Question 1*** : Écrire une fonction `sum_from_begin_to_end` ayant deux paramètres `begin` et `end` et qui renvoie la somme des entiers de `begin` à `end-1` compris.\n\n***Question 2*** : Écrire une fonction `fibonacci` ayant un paramètre `n` et qui renvoie le terme de rang `n` de la \n[suite de Fibonacci](https://fr.wikipedia.org/wiki/Suite_de_Fibonacci).\n\n***Question 3*** : Écrire une fonction `syracuse_next_term(term)` qui calcule le terme suivant de la \n[suite de Syracuse](https://fr.wikipedia.org/wiki/Conjecture_de_Syracuse) à partir de la valeur `term` du terme de la \nsuite passée en paramètre. utiliser la division entière (opérateur `//`en Python) afin de n\u0027avoir que des entiers.\n\n***Question 4*** : Écrire une fonction `print_syracuse_values(initial_term)` qui affiche tous les termes de la suite commençant par le \nterme initial `initial_term` jusqu\u0027au premier terme égal à 1 compris.\n\n\n***Question 5*** : Appeler la fonction `print_syracuse_values` avec comme argument la valeur `15`.\n\n\n",
          "description_format": "md",
          "additional_files": {},
          "update_date": "Jan 1, 1970 1:00:00 AM",
          "feedback_link": {
            "link_type": "STEPIK"
          },
          "task_type": "edu"
        }
      ],
      "unit_id": 0,
      "type": "lesson"
    },
    {
      "id": 0,
      "update_date": "Jan 1, 1970 1:00:00 AM",
      "title": "Edu additional materials",
      "task_list": [
        {
          "name": "Edu additional materials",
          "stepic_id": 0,
          "task_files": {},
          "test_files": {},
          "description_format": "md",
          "additional_files": {
            "test_helper.py": {
              "is_visible": false,
              "text": "import sys\n\n\ndef get_file_text(path):\n    \"\"\" Returns file text by path\"\"\"\n    file_io \u003d open(path, \"r\")\n    text \u003d file_io.read()\n    file_io.close()\n    return text\n\n\ndef get_file_output(encoding\u003d\"utf-8\", path\u003dsys.argv[-1], arg_string\u003d\"\"):\n    \"\"\"\n    Returns answer file output\n    :param encoding: to decode output in python3\n    :param path: path of file to execute\n    :return: list of strings\n    \"\"\"\n    import subprocess\n\n    proc \u003d subprocess.Popen([sys.executable, path], stdin\u003dsubprocess.PIPE, stdout\u003dsubprocess.PIPE,\n                            stderr\u003dsubprocess.STDOUT)\n    if arg_string:\n        for arg in arg_string.split(\"\\n\"):\n            proc.stdin.write(bytearray(str(arg) + \"\\n\", encoding))\n            proc.stdin.flush()\n\n    return list(map(lambda x: str(x.decode(encoding)), proc.communicate()[0].splitlines()))\n\n\ndef test_file_importable():\n    \"\"\" Tests there is no obvious syntax errors\"\"\"\n    path \u003d sys.argv[-1]\n    if not path.endswith(\".py\"):\n        import os\n\n        parent \u003d os.path.abspath(os.path.join(path, os.pardir))\n        python_files \u003d [f for f in os.listdir(parent) if os.path.isfile(os.path.join(parent, f)) and f.endswith(\".py\")]\n        for python_file in python_files:\n            if python_file \u003d\u003d \"tests.py\":\n                continue\n            check_importable_path(os.path.join(parent, python_file))\n        return\n    check_importable_path(path)\n\n\ndef check_importable_path(path):\n    \"\"\" Checks that file is importable.\n        Reports failure otherwise.\n    \"\"\"\n    saved_input \u003d patch_input()\n    try:\n        import_file(path)\n    except:\n        failed(\"The file contains syntax errors\", test_file_importable.__name__)\n        return\n    finally:\n        revert_input(saved_input)\n\n    passed(test_file_importable.__name__)\n\n\ndef patch_input():\n    def mock_fun(_m\u003d\"\"):\n        return \"mock\"\n\n    if sys.version_info[0] \u003d\u003d 3:\n        import builtins\n        save_input \u003d builtins.input\n        builtins.input \u003d mock_fun\n        return save_input\n    elif sys.version_info[0] \u003d\u003d 2:\n        import __builtin__\n        save_input \u003d __builtin__.raw_input\n        __builtin__.raw_input \u003d mock_fun\n        __builtin__.input \u003d mock_fun\n        return save_input\n\n\ndef revert_input(saved_input):\n    if sys.version_info[0] \u003d\u003d 3:\n        import builtins\n        builtins.input \u003d saved_input\n    elif sys.version_info[0] \u003d\u003d 2:\n        import __builtin__\n        __builtin__.raw_input \u003d saved_input\n        __builtin__.input \u003d saved_input\n\n\ndef import_file(path):\n    \"\"\" Returns imported file \"\"\"\n    if sys.version_info[0] \u003d\u003d 2 or sys.version_info[1] \u003c 3:\n        import imp\n\n        return imp.load_source(\"tmp\", path)\n    elif sys.version_info[0] \u003d\u003d 3:\n        import importlib.machinery\n\n        return importlib.machinery.SourceFileLoader(\"tmp\", path).load_module(\"tmp\")\n\n\ndef import_task_file():\n    \"\"\" Returns imported file.\n        Imports file from which check action was run\n    \"\"\"\n    path \u003d sys.argv[-1]\n    return import_file(path)\n\n\ndef test_is_not_empty():\n    \"\"\"\n        Checks that file is not empty\n    \"\"\"\n    path \u003d sys.argv[-1]\n    file_text \u003d get_file_text(path)\n\n    if len(file_text) \u003e 0:\n        passed()\n    else:\n        failed(\"The file is empty. Please, reload the task and try again.\")\n\n\ndef test_text_equals(text, error_text):\n    \"\"\"\n        Checks that answer equals text.\n    \"\"\"\n    path \u003d sys.argv[-1]\n    file_text \u003d get_file_text(path)\n\n    if file_text.strip() \u003d\u003d text:\n        passed()\n    else:\n        failed(error_text)\n\n\ndef test_answer_placeholders_text_deleted(error_text\u003d\"Don\u0027t just delete task text\"):\n    \"\"\"\n        Checks that all answer placeholders are not empty\n    \"\"\"\n    windows \u003d get_answer_placeholders()\n\n    for window in windows:\n        if len(window) \u003d\u003d 0:\n            failed(error_text)\n            return\n    passed()\n\n\ndef set_congratulation_message(message):\n    \"\"\" Overrides default \u0027Congratulations!\u0027 message \"\"\"\n    print(\"#educational_plugin CONGRATS_MESSAGE \" + message)\n\n\ndef failed(message\u003d\"Please, reload the task and try again.\", name\u003dNone):\n    \"\"\" Reports failure \"\"\"\n    if not name:\n        name \u003d sys._getframe().f_back.f_code.co_name\n    print(\"#educational_plugin \" + name + \" FAILED + \" + message)\n\n\ndef passed(name\u003dNone):\n    \"\"\" Reports success \"\"\"\n    if not name:\n        name \u003d sys._getframe().f_back.f_code.co_name\n    print(\"#educational_plugin \" + name + \" test OK\")\n\n\ndef get_answer_placeholders():\n    \"\"\"\n        Returns all answer placeholders text\n    \"\"\"\n    prefix \u003d \"#educational_plugin_window \u003d \"\n    path \u003d sys.argv[-1]\n    import os\n\n    file_name_without_extension \u003d os.path.splitext(path)[0]\n    windows_path \u003d file_name_without_extension + \"_windows\"\n    windows \u003d []\n    f \u003d open(windows_path, \"r\")\n    window_text \u003d \"\"\n    first \u003d True\n    for line in f.readlines():\n        if line.startswith(prefix):\n            if not first:\n                windows.append(window_text.strip())\n            else:\n                first \u003d False\n            window_text \u003d line[len(prefix):]\n        else:\n            window_text +\u003d line\n\n    if window_text:\n        windows.append(window_text.strip())\n\n    f.close()\n    return windows\n\n\ndef check_samples(samples\u003d()):\n    \"\"\"\n      Check script output for all samples. Sample is a two element list, where the first is input and\n      the second is output.\n    \"\"\"\n    for sample in samples:\n        if len(sample) \u003d\u003d 2:\n            output \u003d get_file_output(arg_string\u003dstr(sample[0]))\n            if \"\\n\".join(output) !\u003d sample[1]:\n                failed(\n                    \"Test from samples failed: \\n \\n\"\n                    \"Input:\\n{}\"\n                    \"\\n \\n\"\n                    \"Expected:\\n{}\"\n                    \"\\n \\n\"\n                    \"Your result:\\n{}\".format(str.strip(sample[0]), str.strip(sample[1]), \"\\n\".join(output)))\n                return\n        set_congratulation_message(\"All test from samples passed. Now we are checking your solution on Stepik server.\")\n\n    passed()\n\n\ndef run_common_tests(error_text\u003d\"Please, reload file and try again\"):\n    test_is_not_empty()\n    test_answer_placeholders_text_deleted()\n    test_file_importable()\n"
            }
          },
          "update_date": "Jan 1, 1970 1:00:00 AM",
          "feedback_link": {
            "link_type": "STEPIK"
          },
          "task_type": "edu"
        }
      ],
      "unit_id": 0,
      "type": "lesson"
    }
  ],
  "version": 7
}