{
  "summary": "TP4",
  "title": "TP4",
  "programming_language": "Python 3.x",
  "language": "en",
  "items": [
    {
      "id": 0,
      "update_date": "Jan 1, 1970 1:00:00 AM",
      "title": "Part1---Number theory",
      "task_list": [
        {
          "name": "Ex1---Primes",
          "stepic_id": 0,
          "task_files": {
            "task.py": {
              "name": "task.py",
              "text": "\n\n# Q1\n#type here\n\n\n# Q2\n#type here\n\n\n# Q3\n#type here\n\n\n# Q4\n#type here\n\n\n# Q5\n#type here\n\n\n# Q6\n#type here\n\n\n# Q7\n#type here\n\n\n# Q8\n#type here\n\n\n",
              "placeholders": [
                {
                  "offset": 7,
                  "length": 10,
                  "hints": [],
                  "possible_answer": "def is_prime(n):\n    if n \u003c\u003d 1:\n        return False\n    for i in range(2, n//2+1):\n        if n % i \u003d\u003d 0:\n            return False\n    return True",
                  "placeholder_text": "#type here"
                },
                {
                  "offset": 25,
                  "length": 10,
                  "hints": [],
                  "possible_answer": "def print_prime(n):\n    if is_prime(n):\n        print(\"Le nombre\", n, \"est premier.\")\n    else:\n        print(\"Le nombre\", n, \"n\u0027est pas premier.\")",
                  "placeholder_text": "#type here"
                },
                {
                  "offset": 43,
                  "length": 10,
                  "hints": [],
                  "possible_answer": "print_prime(4)",
                  "placeholder_text": "#type here"
                },
                {
                  "offset": 61,
                  "length": 10,
                  "hints": [],
                  "possible_answer": "print_prime(7)",
                  "placeholder_text": "#type here"
                },
                {
                  "offset": 79,
                  "length": 10,
                  "hints": [],
                  "possible_answer": "print_prime(15)",
                  "placeholder_text": "#type here"
                },
                {
                  "offset": 97,
                  "length": 10,
                  "hints": [],
                  "possible_answer": "print_prime(101)",
                  "placeholder_text": "#type here"
                },
                {
                  "offset": 115,
                  "length": 10,
                  "hints": [],
                  "possible_answer": "def print_all_prime(n):\n    for i in range(2, n+1):\n        if is_prime(i):\n            print(i)",
                  "placeholder_text": "#type here"
                },
                {
                  "offset": 133,
                  "length": 10,
                  "hints": [],
                  "possible_answer": "print_all_prime(101)",
                  "placeholder_text": "#type here"
                }
              ]
            }
          },
          "test_files": {
            "tests.py": "\nfrom test_helper import run_common_tests, failed, passed, get_answer_placeholders, get_file_output, import_task_file\n\n\ndef test_answer_placeholders():\n    placeholders \u003d get_answer_placeholders()\n    if placeholders[0].replace(\" \", \"\").find(\"defis_prime\") \u003d\u003d -1:\n        failed(\"Vous n\u0027avez pas défini la fonction is_prime.\")\n    elif placeholders[1].replace(\" \", \"\").find(\"defprint_prime\") \u003d\u003d -1:\n        failed(\"Vous n\u0027avez pas défini la fonction print_prime.\")\n    elif placeholders[2].replace(\" \", \"\") !\u003d \"print_prime(4)\":\n        failed(\"Vous n\u0027avez pas appelé la fonction print_prime avec 4 en argument.\")\n    elif placeholders[3].replace(\" \", \"\") !\u003d \"print_prime(7)\":\n        failed(\"Vous n\u0027avez pas appelé la fonction print_prime avec 7 en argument.\")\n    elif placeholders[4].replace(\" \", \"\") !\u003d \"print_prime(15)\":\n        failed(\"Vous n\u0027avez pas appelé la fonction print_prime avec 15 en argument.\")\n    elif placeholders[5].replace(\" \", \"\") !\u003d \"print_prime(101)\":\n        failed(\"Vous n\u0027avez pas appelé la fonction print_prime avec 101 en argument.\")\n    elif placeholders[6].replace(\" \", \"\").find(\"defprint_all_prime\") \u003d\u003d -1:\n        failed(\"Vous n\u0027avez pas défini la fonction print_all_prime.\")\n    elif placeholders[7].replace(\" \", \"\") !\u003d \"print_all_prime(101)\":\n        failed(\"Vous n\u0027avez pas appelé la fonction print_all_prime avec 101 en argument.\")\n    else:\n        passed()\n\n\ndef test_output():\n    printed_text \u003d get_file_output()\n    if printed_text[0] !\u003d \"Le nombre 4 est premier.\" and printed_text[0] !\u003d \"Le nombre 4 n\u0027est pas premier.\":\n        failed(\"Mauvais affichage de print_prime(4).\")\n    elif printed_text[4] !\u003d str(2):\n        failed(\"Mauvais affichage de print_all_prime(101).\")\n    elif printed_text[5] !\u003d str(3):\n        failed(\"Mauvais affichage de print_all_prime(101).\")\n    else:\n        passed()\n\n\ndef test_functions():\n    file \u003d import_task_file()\n    if not file.is_prime(2):\n        failed(\"La fonction is_prime ne renvoie pas le bon résultat pour 2\")\n    elif file.is_prime(4):\n        failed(\"La fonction is_prime ne renvoie pas le bon résultat pour 4\")\n    elif not file.is_prime(7):\n        failed(\"La fonction is_prime ne renvoie pas le bon résultat pour 7\")\n    elif file.is_prime(15):\n        failed(\"La fonction is_prime ne renvoie pas le bon résultat pour 15\")\n    elif not file.is_prime(101):\n        failed(\"La fonction is_prime ne renvoie pas le bon résultat pour 101\")\n    elif file.is_prime(1):\n        failed(\"La fonction is_prime ne renvoie pas le bon résultat pour 1\")\n    else:\n        n \u003d 0\n        for i in range(2, 102):\n            if file.is_prime(i):\n                n \u003d n+1\n        if n !\u003d 26:\n            failed(\"La fonction is_prime ne renvoie pas le bon résultat.\")\n        else:\n            passed()\n\n\nif __name__ \u003d\u003d \u0027__main__\u0027:\n    run_common_tests()\n    test_answer_placeholders()\n    test_output()\n    test_functions()\n"
          },
          "description_text": "\n#TP4\n\n##Partie 1 --- Théorie des nombres\n\n###Ex. 1 --- Primalité d\u0027un entier\n\n\nRappels:\n- Un entier `n` est premier si il n\u0027est divisible par aucun entier `i` tel que  `1\u003ci\u003cn`.\n- Pour savoir si un nombre est premier, il suffit de tester la divisibilité de `n` par tous les entiers entre `2` et `n/2` (arrondi à l\u0027inférieur).\n    - Si aucun diviseur de `n` n\u0027est trouvé parmi les entiers candidats, cela signifie que `n` est premier.\n    - Dès lors qu\u0027un diviseur `n` est trouvé parmi les candidats, alors le nombre n\u0027est pas premier.\n    \nPar exemple:\n - `11` n\u0027est divisible par aucun des nombres `2`, `3`, `4`, et `5`, donc il est premier. \n - `18` est divisible par `3`, donc il n\u0027est pas premier. \n \nQuelques outils utiles:\n- `a` est divisible par `b` lorsque le reste de la division entière de `a` par `b`\nvaut `0`. En python, utiliser l\u0027opérateur `%`.\n- Pour effectuer une division entière, autrement dit la division arrondie à l\u0027entier inférieur, il faut utiliser l\u0027opérateur `//`.\n- Pour énumérer l\u0027ensemble des candidats possibles de diviseurs, vous utiliserez la fonction `range(x,y)` qui énumère tous les nombres de `[x,y[`. Attention au fait que `y` n\u0027est pas énuméré. Si vous en avez besoin, appelez range(x,y+1).\n \n***Question 1*** : Écrire une fonction `is_prime` ayant un paramètre `n`, qui renvoie `True` lorsque `n` est premier et `False` sinon.\n\n***Question 2*** : Écrire une fonction `print_prime` ayant un paramètre `n`, faisant appel à la fonction `is_prime` et qui affiche soit:\n    - une chaîne de la forme \"Le nombre 5 est premier.\" pour les nombres premiers.\n    - une chaîne de la forme \"Le nombre 6 n\u0027est pas premier.\" sinon.\n    \n***Question 3*** : Appeler la fonction `print_prime` avec comme argument la valeur `4`.\n\n***Question 4*** : Appeler la fonction `print_prime` avec comme argument la valeur `7`.\n\n***Question 5*** : Appeler la fonction `print_prime` avec comme argument la valeur `15`.\n\n***Question 6*** : Appeler la fonction `print_prime` avec comme argument la valeur `101`.\n\n***Question 7*** : Écrire une fonction `print_all_prime` ayant un paramètre `n`, qui affiche la suite de tous les entiers premiers entre `2` et `n`. Par exemple, `print_all_prime(11)` affichera:\n    ```\n    2\n    3\n    5\n    7\n    11\n    ```\n    \n***Question 8*** : Appeler `print_all_prime` avec comme argument la valeur `101`.\n",
          "description_format": "md",
          "additional_files": {},
          "update_date": "Jan 1, 1970 1:00:00 AM",
          "feedback_link": {
            "link_type": "STEPIK"
          },
          "task_type": "edu"
        },
        {
          "name": "Ex2---Factoring",
          "stepic_id": 0,
          "task_files": {
            "task.py": {
              "name": "task.py",
              "text": "\n\n# Q1\n#type here\n\n\n# Q2\n#type here\n\n\n# Q3\n#type here\n\n\n# Q4\n#type here\n",
              "placeholders": [
                {
                  "offset": 7,
                  "length": 10,
                  "hints": [],
                  "possible_answer": "def decompose(n):\n    print(\"L\u0027entier\", n, \"se décompose en:\")\n    i \u003d 2\n    while n !\u003d 1:\n        if n % i \u003d\u003d 0:\n            print(i)\n            n \u003d n // i\n        else:\n            i \u003d i + 1",
                  "placeholder_text": "#type here"
                },
                {
                  "offset": 25,
                  "length": 10,
                  "hints": [],
                  "possible_answer": "decompose(6)",
                  "placeholder_text": "#type here"
                },
                {
                  "offset": 43,
                  "length": 10,
                  "hints": [],
                  "possible_answer": "decompose(19)",
                  "placeholder_text": "#type here"
                },
                {
                  "offset": 61,
                  "length": 10,
                  "hints": [],
                  "possible_answer": "decompose(90)",
                  "placeholder_text": "#type here"
                }
              ]
            }
          },
          "test_files": {
            "tests.py": "\n\nfrom test_helper import run_common_tests, failed, passed, get_answer_placeholders, get_file_output\n\n\ndef test_answer_placeholders():\n    placeholders \u003d get_answer_placeholders()\n    if placeholders[0].replace(\" \", \"\").find(\"defdecompose\") \u003d\u003d -1:\n        failed(\"Vous n\u0027avez pas défini la fonction decompose.\")\n    elif placeholders[1].replace(\" \", \"\") !\u003d \"decompose(6)\":\n        failed(\"Vous n\u0027avez pas appelé la fonction decompose avec 6 en argument.\")\n    elif placeholders[2].replace(\" \", \"\") !\u003d \"decompose(19)\":\n        failed(\"Vous n\u0027avez pas appelé la fonction decompose avec 19 en argument.\")\n    elif placeholders[3].replace(\" \", \"\") !\u003d \"decompose(90)\":\n        failed(\"Vous n\u0027avez pas appelé la fonction decompose avec 90 en argument.\")\n    else:\n        passed()\n\n\ndef test_output():\n    printed_text \u003d get_file_output()\n    if printed_text[0] !\u003d \"L\u0027entier 6 se décompose en:\":\n        failed(\"Mauvais affichage de la première ligne\")\n    elif printed_text[1] !\u003d \"2\" or printed_text[2] !\u003d \"3\":\n        failed(\"Mauvaise decomposition de 6\")\n    elif printed_text[4] !\u003d \"19\":\n        failed(\"Mauvaise decomposition de 19\")\n    elif printed_text[6] !\u003d \"2\" or printed_text[7] !\u003d \"3\" or printed_text[8] !\u003d \"3\" or printed_text[9] !\u003d \"5\":\n        failed(\"Mauvaise decompostion de 90.\")\n    else:\n        passed()\n\n\ndef test_functions():\n    passed()\n\n\nif __name__ \u003d\u003d \u0027__main__\u0027:\n    run_common_tests()\n    test_answer_placeholders()\n    test_output()\n    test_functions()\n"
          },
          "description_text": "\n\n### Ex. 2 : Décomposition en facteurs premiers\n\nLe Problème:\n- La décomposition en facteurs premiers d\u0027un entier `n` est la liste\ndes nombres premiers dont le produit vaut `n` (par exemple: `20\u003d2*2*5`)\n- On veut ici écrire une fonction \u0027decompose\u0027 affichant les différents facteurs le composant, dans l\u0027ordre croissant.\n- Pour cela, on va avoir besoin d\u0027une variable `i`, qui au départ vaudra 2. on va tester si `i` divise `n`. Tant que l\u0027on n\u0027a pas trouvé tous les diviseurs (`n` n\u0027est pas égal à `1`) \n    - Si `i` divise `n`, cela signifie que `i` est un diviseur de `n`. Il faut alors:\n        - Afficher `i`\n        - Diviser `n` par `i`\n        - Ne pas modifier `i` (sinon on va oublier de vérifier si `i` n\u0027apparaitrait pas plusieurs fois dans la décomposition)\n    - Si `i` ne divise pas `n`, on ajoute `1` à la valeur de `i`\n    \n\n***Question 1*** : Écrire une fonction `decompose` ayant un paramètre `n`,\nqui affiche une première ligne du type \"L\u0027entier 12 se décompose en:\", suivi de la liste des facteurs premiers de `n`, un par ligne et \ndu plus petit au plus grand. \\\n    Ainsi, `decompose(12)` doit afficher sur quatre lignes:\n\n    L\u0027entier 12 se décompose en: \n`2` \\\n`2` \\\n`3`\n\n***Question 2*** : Appeler la fonction `decompose` avec comme argument la valeur `6`.\n\n***Question 3*** : Appeler la fonction `decompose` avec comme argument la valeur `19`.\n\n***Question 4*** : Appeler la fonction `decompose` avec comme argument la valeur `90`.\n",
          "description_format": "md",
          "additional_files": {},
          "update_date": "Jan 1, 1970 1:00:00 AM",
          "feedback_link": {
            "link_type": "STEPIK"
          },
          "task_type": "edu"
        },
        {
          "name": "Ex3---Euclid",
          "stepic_id": 0,
          "task_files": {
            "task.py": {
              "name": "task.py",
              "text": "\n\n# Q1\n#type here\n\n\n# Q2\n#type here\n\n\n# Q3\n#type here\n",
              "placeholders": [
                {
                  "offset": 7,
                  "length": 10,
                  "hints": [],
                  "possible_answer": "def euclide(a, b):\n    print(\"Calcul du PGCD de\", a, \"et de\", b, \":\")\n    r \u003d 1  # initialiser r à une valeur différente de 0 pour rentrer au moins une fois dans la boucle\n    while r !\u003d 0:\n        r \u003d a % b\n        q \u003d a // b\n        print(a, \"\u003d\", b, \"x\", q, \"+\", r)\n\n        a \u003d b\n        b \u003d r\n\n    pgcd \u003d a\n    print(\"Le PGCD est donc\", pgcd)",
                  "placeholder_text": "#type here"
                },
                {
                  "offset": 25,
                  "length": 10,
                  "hints": [],
                  "possible_answer": "euclide(18, 12)",
                  "placeholder_text": "#type here"
                },
                {
                  "offset": 43,
                  "length": 10,
                  "hints": [],
                  "possible_answer": "euclide(7, 5)",
                  "placeholder_text": "#type here"
                }
              ]
            }
          },
          "test_files": {
            "tests.py": "\n\nfrom test_helper import run_common_tests, failed, passed, get_answer_placeholders, get_file_output\n\n\ndef test_answer_placeholders():\n    placeholders \u003d get_answer_placeholders()\n    if placeholders[0].replace(\" \", \"\").find(\"defeuclide\") \u003d\u003d -1:\n        failed(\"Vous n\u0027avez pas défini la fonction euclide.\")\n    elif placeholders[1].replace(\" \", \"\") !\u003d \"euclide(18,12)\":\n        failed(\"Vous n\u0027avez pas appelé la fonction euclide avec 18 et 12 en arguments.\")\n    elif placeholders[2].replace(\" \", \"\") !\u003d \"euclide(7,5)\":\n        failed(\"Vous n\u0027avez pas appelé la fonction euclide avec 7 et 5 en arguments.\")\n    else:\n        passed()\n\n\ndef test_output():\n    printed_text \u003d get_file_output()\n    if printed_text[0] !\u003d \"Calcul du PGCD de 18 et de 12 :\":\n        failed(\"Mauvais affichage de euclide(18,12).\")\n    elif printed_text[1] !\u003d \"18 \u003d 12 x 1 + 6\":\n        failed(\"Mauvais calcul dans euclide(18,12), 18 \u003d 12 x 1 + 6 attendu\")\n    elif printed_text[2] !\u003d \"12 \u003d 6 x 2 + 0\":\n        failed(\"Mauvais calcul dans euclide(18,12), 12 \u003d 6 x 2 + 0 attendu\")\n    elif printed_text[3] !\u003d \"Le PGCD est donc 6\":\n        failed(\"Mauvais resultat pour euclide(18,12)\")\n    elif printed_text[4] !\u003d \"Calcul du PGCD de 7 et de 5 :\":\n        failed(\"Mauvais affichage de euclide(7,5).\")\n    elif printed_text[8] !\u003d \"Le PGCD est donc 1\":\n        failed(\"Mauvais resultat pour euclide(7,5)\")\n    else:\n        passed()\n\n\ndef test_functions():\n    passed()\n\n\nif __name__ \u003d\u003d \u0027__main__\u0027:\n    run_common_tests()\n    test_answer_placeholders()\n    test_output()\n    test_functions()\n"
          },
          "description_text": "### Ex. 3 Calcul du PGCD par l\u0027Algorithme d\u0027Euclide\n\n\n- Le pgcd de deux entiers `a` et `b` est le plus grand entier `n`\nqui divise `a` et `b`.\n- L\u0027algorithme d\u0027Euclide permet de le calculer, selon le principe suivant:\n    - Si `a` est divisible par `b`, le pgcd de `a` et `b` vaut `b`.\n    - Sinon, soit `r` le reste de la division entière de `a` par `b`\n    - Le pgcd de `a` et `b` est égal au pgcd de `b` et `r`\n\nPar exemple, le calcul du PGCD de `90` et de `35` passe par les étapes suivantes:\n```\na  \u003d b  x q + r\n90 \u003d 35 x 2 + 20\n35 \u003d 20 x 1 + 15\n20 \u003d 15 x 1 + 5\n15 \u003d 5  x 3 + 0\n```\nLe PGCD de `90` et `35` est donc `5`.\n\n\n***Question 1*** : Écrire une fonction `euclide` ayant deux paramètres `a` et `b`,\nqui affiche les différentes étapes du calcul du pgcd de `a` et de `b`. \n    \n    L\u0027affichage sera composé d\u0027une première ligne donnant les arguments de la fonction, de la suite des équations calculés par l\u0027Algorithme, et d\u0027une ligne finale donnant le PGCD.\n\n    Par exemple, `euclide(90,35)` affichera:\n    \n    ```\n    Calcul du PGCD de 90 et de 35 :\n    90 \u003d 35 x 2 + 20\n    35 \u003d 20 x 1 + 15\n    20 \u003d 15 x 1 + 5\n    15 \u003d 5 x 3 + 0\n    Le PGCD est donc 5\n    ```\n***Question 2*** :  Appeler la fonction `euclide` avec comme arguments `18` et `12`.\n\n***Question 3*** :  Appeler la fonction `euclide` avec comme arguments `7` et `5`.\n",
          "description_format": "md",
          "additional_files": {},
          "update_date": "Jan 1, 1970 1:00:00 AM",
          "feedback_link": {
            "link_type": "STEPIK"
          },
          "task_type": "edu"
        }
      ],
      "type": "lesson"
    },
    {
      "id": 0,
      "update_date": "Jan 1, 1970 1:00:00 AM",
      "title": "Part2---Arithmetics",
      "task_list": [
        {
          "name": "Ex4---Fast exponentiation",
          "stepic_id": 0,
          "task_files": {
            "task.py": {
              "name": "task.py",
              "text": "# Q1\n#type here\n\n\n# Q2\n#type here\n\n\n# Q3\n#type here\n",
              "placeholders": [
                {
                  "offset": 5,
                  "length": 10,
                  "hints": [],
                  "possible_answer": "def exponentiation_rapide(x, n):\n    if n \u003d\u003d 0:\n        return 1\n    resultat \u003d 1\n    while n \u003e 1:\n        if n % 2 \u003d\u003d 0:\n            x \u003d x * x\n            n \u003d n // 2\n        else:\n            resultat \u003d resultat * x\n            x \u003d x * x\n            n \u003d (n-1) // 2\n    return resultat * x",
                  "placeholder_text": "#type here"
                },
                {
                  "offset": 23,
                  "length": 10,
                  "hints": [],
                  "possible_answer": "print(exponentiation_rapide(3, 4))",
                  "placeholder_text": "#type here"
                },
                {
                  "offset": 41,
                  "length": 10,
                  "hints": [],
                  "possible_answer": "print(exponentiation_rapide(2, 10))",
                  "placeholder_text": "#type here"
                }
              ]
            }
          },
          "test_files": {
            "tests.py": "from test_helper import run_common_tests, failed, passed, get_answer_placeholders, import_task_file\n\n\ndef test_answer_placeholders():\n    placeholders \u003d get_answer_placeholders()\n    if placeholders[0].replace(\" \", \"\").find(\"defexponentiation_rapide\") \u003d\u003d -1:\n        failed(\"Vous n\u0027avez pas défini la fonction exponentiation_rapide.\")\n    elif placeholders[1].replace(\" \", \"\").find(\"exponentiation_rapide(3,4)\") \u003d\u003d -1:\n        failed(\"Vous n\u0027avez pas appelé la fonction exponentiation_rapide avec 3 et 4 en argument.\")\n    elif placeholders[1].replace(\" \", \"\").find(\"print\") \u003d\u003d -1:\n        failed(\"Vous n\u0027avez pas appelé la fonction print en question 2\")\n    elif placeholders[2].replace(\" \", \"\").find(\"exponentiation_rapide(2,10)\") \u003d\u003d -1:\n        failed(\"Vous n\u0027avez pas appelé la fonction exponentiation_rapide avec 2 et 10 en argument.\")\n    elif placeholders[2].replace(\" \", \"\").find(\"print\") \u003d\u003d -1:\n        failed(\"Vous n\u0027avez pas appelé la fonction print en question 3\")\n    else:\n        passed()\n\n\ndef test_output():\n    passed()\n\n\ndef test_functions():\n    file \u003d import_task_file()\n    if file.exponentiation_rapide(3, 4) !\u003d 81:\n        failed(\"La fonction is_prime ne renvoie pas le bon résultat pour 3 et 4\")\n    elif file.exponentiation_rapide(2, 10) !\u003d 1024:\n        failed(\"La fonction is_prime ne renvoie pas le bon résultat pour 2 et 10\")\n    elif file.exponentiation_rapide(2, 1) !\u003d 2:\n        failed(\"La fonction is_prime ne renvoie pas le bon résultat pour 2 et 1\")\n    elif file.exponentiation_rapide(2, 0) !\u003d 1:\n        failed(\"La fonction is_prime ne renvoie pas le bon résultat pour 2 et 0\")\n    elif file.exponentiation_rapide(1, 1) !\u003d 1**1:\n        failed(\"La fonction is_prime ne renvoie pas le bon résultat\")\n    elif file.exponentiation_rapide(21, 11) !\u003d 21**11:\n        failed(\"La fonction is_prime ne renvoie pas le bon résultat\")\n    elif file.exponentiation_rapide(6, 57) !\u003d 6**57:\n        failed(\"La fonction is_prime ne renvoie pas le bon résultat\")\n    else:\n        passed()\n\n\nif __name__ \u003d\u003d \u0027__main__\u0027:\n    run_common_tests()\n    test_answer_placeholders()\n    test_output()\n    test_functions()\n"
          },
          "description_text": "\n## Partie 2 --- Arithmétique\n\n### Ex. 4 --- Exponentiation Rapide\n\n\nLe but de cet exercie est d\u0027écrire une fonction réalisant l\u0027opérateur d\u0027exponentiation (x**n) en n\u0027utilisant que les opérations + et *\n\n- L\u0027exponentiation d\u0027un entier `x` par un entier `n` est l\u0027entier x\u003csup\u003en\u003c/sup\u003e\u003d`x*x*...*x` (`n` fois).\n- L\u0027algorithme d\u0027exponentiation rapide permet de calculer x\u003csup\u003en\u003c/sup\u003e efficacement, selon le principe suivant:\n    - Si `n` est égal à `0`, x\u003csup\u003en\u003c/sup\u003e \u003d 1\n    - Si `n` est égal à `1`, x\u003csup\u003en\u003c/sup\u003e \u003d x\n    - Si `n` est pair, alors `n` peut s\u0027écrire `2*m` (division entière), et x\u003csup\u003en\u003c/sup\u003e \u003d x\u003csup\u003em\u003c/sup\u003e * x\u003csup\u003em\u003c/sup\u003e\n    - Si `n` est impair, alors `n` peut s\u0027écrire `2*m+1`, et x\u003csup\u003en\u003c/sup\u003e \u003d x\u003csup\u003em\u003c/sup\u003e * x\u003csup\u003em\u003c/sup\u003e * x\n\nOn utilisera une variable `resultat` initialisée à `1`. \nSi `n` est pair, on peut faire x\u003dx\u003csup\u003e2\u003c/sup\u003e et n\u003dn/2 sans changer le résultat.\nSi `n` est impair, on peut multiplier `resultat` par `x`, puis  faire x\u003dx\u003csup\u003e2\u003c/sup\u003e et n\u003d(n-1)/2.\n\n***Question 1*** : Écrire une fonction `exponentiation_rapide` ayant deux paramètres `x` et `n`,\nqui retourne l\u0027entier x\u003csup\u003en\u003c/sup\u003e, calculé par exponentiation rapide.\n\n***Question 2*** :  Appeler et afficher le résultat de la fonction `exponentitiation_rapide` avec comme arguments `3` et `4`.\n\n***Question 3*** :  Appeler et afficher le résultat de la fonction `exponentitiation_rapide` avec comme arguments `2` et `10`.\n\n",
          "description_format": "md",
          "additional_files": {},
          "update_date": "Jan 1, 1970 1:00:00 AM",
          "feedback_link": {
            "link_type": "STEPIK"
          },
          "task_type": "edu"
        },
        {
          "name": "Ex5---Syracuse",
          "stepic_id": 0,
          "task_files": {
            "task.py": {
              "name": "task.py",
              "text": "# Q1\n#type here\n\n\n# Q2\nprint(\"Question 2:\")\n#type here\n\n\n# Q3\nprint(\"Question 3:\")\n#type here\n\n\n# Q4\nprint(\"Question 4:\")\n#type here\n",
              "placeholders": [
                {
                  "offset": 5,
                  "length": 10,
                  "hints": [],
                  "possible_answer": "def syracuse(n):\n    while n !\u003d 1:\n        print(n)\n        if n % 2 \u003d\u003d 0:\n            n \u003d n // 2\n        else:\n            n \u003d 3 * n + 1\n    print(n)",
                  "placeholder_text": "#type here"
                },
                {
                  "offset": 44,
                  "length": 10,
                  "hints": [],
                  "possible_answer": "syracuse(4)",
                  "placeholder_text": "#type here"
                },
                {
                  "offset": 83,
                  "length": 10,
                  "hints": [],
                  "possible_answer": "syracuse(13)",
                  "placeholder_text": "#type here"
                },
                {
                  "offset": 122,
                  "length": 10,
                  "hints": [],
                  "possible_answer": "syracuse(25)",
                  "placeholder_text": "#type here"
                }
              ]
            }
          },
          "test_files": {
            "tests.py": "from test_helper import run_common_tests, failed, passed, get_answer_placeholders, get_file_output\n\n\ndef test_answer_placeholders():\n    placeholders \u003d get_answer_placeholders()\n    if placeholders[0].replace(\" \", \"\").find(\"defsyracuse\") \u003d\u003d -1:\n        failed(\"Vous n\u0027avez pas défini la fonction syracuse.\")\n    elif placeholders[1].replace(\" \", \"\").find(\"syracuse(4)\") \u003d\u003d -1:\n        failed(\"Vous n\u0027avez pas appelé la fonction syracuse avec 4 en argument.\")\n    elif placeholders[2].replace(\" \", \"\").find(\"syracuse(13)\") \u003d\u003d -1:\n        failed(\"Vous n\u0027avez pas appelé la fonction syracuse avec 13 en argument.\")\n    elif placeholders[3].replace(\" \", \"\").find(\"syracuse(25)\") \u003d\u003d -1:\n        failed(\"Vous n\u0027avez pas appelé la fonction syracuse avec 25 en argument.\")\n    else:\n        passed()\n\n\ndef test_output():\n    printed_text \u003d get_file_output()\n    if printed_text[1] !\u003d str(4):\n        failed(\"Mauvais resultat en question 2\")\n    elif printed_text[2] !\u003d str(2):\n        failed(\"Mauvais resultat en question 2.\")\n    elif printed_text[3] !\u003d str(1):\n        failed(\"Mauvais resultat en question 2.\")\n    elif printed_text[5] !\u003d str(13):\n        failed(\"Mauvais resultat en question 3.\")\n    elif printed_text[6] !\u003d str(40):\n        failed(\"Mauvais resultat en question 3.\")\n    elif printed_text[14] !\u003d str(1):\n        failed(\"Mauvais resultat en question 3.\")\n    elif printed_text[22] !\u003d str(88):\n        failed(\"Mauvais resultat en question 4.\")\n    else:\n        passed()\n\n\ndef test_functions():\n    passed()\n\n\nif __name__ \u003d\u003d \u0027__main__\u0027:\n    run_common_tests()\n    test_answer_placeholders()\n    test_output()\n    test_functions()\n"
          },
          "description_text": "### Ex. 5 --- Suite de Syracuse\n\n\n- La suite de Syracuse depuis `x` est la suite (u\u003csub\u003en\u003c/sub\u003e) telle que:\n    - u\u003csub\u003e0\u003c/sub\u003e \u003d x\n    - Si u\u003csub\u003en\u003c/sub\u003e est pair, alors u\u003csub\u003en+1\u003c/sub\u003e \u003d u\u003csub\u003en\u003c/sub\u003e/2\n    - Si u\u003csub\u003en\u003c/sub\u003e est impair, alors u\u003csub\u003en+1\u003c/sub\u003e \u003d 3*u\u003csub\u003en\u003c/sub\u003e+1\n\n- On observe que quel que soit `x`, après un certain nombres d\u0027étapes `n`, u\u003csub\u003en\u003c/sub\u003e\u003d`1`, Après ce `n`, la suite alterne entre trois valeurs: `4`, `2` et `1`.\n- L\u0027objectif ici est d\u0027afficher les termes de la suite depuis `x`, jusqu\u0027à la première apparition de la valeur `1`.\n\n***Question 1*** : Écrire une fonction `syracuse` ayant un paramètre `x`,\nqui affiche les entier produits par la suite de syracuse initialisée en `x`, jusqu\u0027à atteindre `1`.\\\nAinsi, `syracuse(10)` doi afficher sur sept lignes:\\\n`10` \\\n`5` \\\n`16` \\\n`8` \\\n`4` \\\n`2` \\\n`1`\n\n***Question 2*** : Appeler la fonction `syracuse` avec comme argument la valeur `4`.\n\n***Question 3*** : Appeler la fonction `syracuse` avec comme argument la valeur `13`.\n\n***Question 4*** : Appeler la fonction `syracuse` avec comme argument la valeur `25`.\n",
          "description_format": "md",
          "additional_files": {},
          "update_date": "Jan 1, 1970 1:00:00 AM",
          "feedback_link": {
            "link_type": "STEPIK"
          },
          "task_type": "edu"
        }
      ],
      "type": "lesson"
    },
    {
      "id": 0,
      "update_date": "Jan 1, 1970 1:00:00 AM",
      "title": "Edu additional materials",
      "task_list": [
        {
          "name": "Edu additional materials",
          "stepic_id": 0,
          "task_files": {},
          "test_files": {},
          "description_format": "md",
          "additional_files": {
            "test_helper.py": "import sys\n\n\ndef get_file_text(path):\n    \"\"\" Returns file text by path\"\"\"\n    file_io \u003d open(path, \"r\")\n    text \u003d file_io.read()\n    file_io.close()\n    return text\n\n\ndef get_file_output(encoding\u003d\"utf-8\", path\u003dsys.argv[-1], arg_string\u003d\"\"):\n    \"\"\"\n    Returns answer file output\n    :param encoding: to decode output in python3\n    :param path: path of file to execute\n    :return: list of strings\n    \"\"\"\n    import subprocess\n\n    proc \u003d subprocess.Popen([sys.executable, path], stdin\u003dsubprocess.PIPE, stdout\u003dsubprocess.PIPE,\n                            stderr\u003dsubprocess.STDOUT)\n    if arg_string:\n        for arg in arg_string.split(\"\\n\"):\n            proc.stdin.write(bytearray(str(arg) + \"\\n\", encoding))\n            proc.stdin.flush()\n\n    return list(map(lambda x: str(x.decode(encoding)), proc.communicate()[0].splitlines()))\n\n\ndef test_file_importable():\n    \"\"\" Tests there is no obvious syntax errors\"\"\"\n    path \u003d sys.argv[-1]\n    if not path.endswith(\".py\"):\n        import os\n\n        parent \u003d os.path.abspath(os.path.join(path, os.pardir))\n        python_files \u003d [f for f in os.listdir(parent) if os.path.isfile(os.path.join(parent, f)) and f.endswith(\".py\")]\n        for python_file in python_files:\n            if python_file \u003d\u003d \"tests.py\":\n                continue\n            check_importable_path(os.path.join(parent, python_file))\n        return\n    check_importable_path(path)\n\n\ndef check_importable_path(path):\n    \"\"\" Checks that file is importable.\n        Reports failure otherwise.\n    \"\"\"\n    saved_input \u003d patch_input()\n    try:\n        import_file(path)\n    except:\n        failed(\"The file contains syntax errors\", test_file_importable.__name__)\n        return\n    finally:\n        revert_input(saved_input)\n\n    passed(test_file_importable.__name__)\n\n\ndef patch_input():\n    def mock_fun(_m\u003d\"\"):\n        return \"mock\"\n\n    if sys.version_info[0] \u003d\u003d 3:\n        import builtins\n        save_input \u003d builtins.input\n        builtins.input \u003d mock_fun\n        return save_input\n    elif sys.version_info[0] \u003d\u003d 2:\n        import __builtin__\n        save_input \u003d __builtin__.raw_input\n        __builtin__.raw_input \u003d mock_fun\n        __builtin__.input \u003d mock_fun\n        return save_input\n\n\ndef revert_input(saved_input):\n    if sys.version_info[0] \u003d\u003d 3:\n        import builtins\n        builtins.input \u003d saved_input\n    elif sys.version_info[0] \u003d\u003d 2:\n        import __builtin__\n        __builtin__.raw_input \u003d saved_input\n        __builtin__.input \u003d saved_input\n\n\ndef import_file(path):\n    \"\"\" Returns imported file \"\"\"\n    if sys.version_info[0] \u003d\u003d 2 or sys.version_info[1] \u003c 3:\n        import imp\n\n        return imp.load_source(\"tmp\", path)\n    elif sys.version_info[0] \u003d\u003d 3:\n        import importlib.machinery\n\n        return importlib.machinery.SourceFileLoader(\"tmp\", path).load_module(\"tmp\")\n\n\ndef import_task_file():\n    \"\"\" Returns imported file.\n        Imports file from which check action was run\n    \"\"\"\n    path \u003d sys.argv[-1]\n    return import_file(path)\n\n\ndef test_is_not_empty():\n    \"\"\"\n        Checks that file is not empty\n    \"\"\"\n    path \u003d sys.argv[-1]\n    file_text \u003d get_file_text(path)\n\n    if len(file_text) \u003e 0:\n        passed()\n    else:\n        failed(\"The file is empty. Please, reload the task and try again.\")\n\n\ndef test_text_equals(text, error_text):\n    \"\"\"\n        Checks that answer equals text.\n    \"\"\"\n    path \u003d sys.argv[-1]\n    file_text \u003d get_file_text(path)\n\n    if file_text.strip() \u003d\u003d text:\n        passed()\n    else:\n        failed(error_text)\n\n\ndef test_answer_placeholders_text_deleted(error_text\u003d\"Don\u0027t just delete task text\"):\n    \"\"\"\n        Checks that all answer placeholders are not empty\n    \"\"\"\n    windows \u003d get_answer_placeholders()\n\n    for window in windows:\n        if len(window) \u003d\u003d 0:\n            failed(error_text)\n            return\n    passed()\n\n\ndef set_congratulation_message(message):\n    \"\"\" Overrides default \u0027Congratulations!\u0027 message \"\"\"\n    print(\"#educational_plugin CONGRATS_MESSAGE \" + message)\n\n\ndef failed(message\u003d\"Please, reload the task and try again.\", name\u003dNone):\n    \"\"\" Reports failure \"\"\"\n    if not name:\n        name \u003d sys._getframe().f_back.f_code.co_name\n    print(\"#educational_plugin \" + name + \" FAILED + \" + message)\n\n\ndef passed(name\u003dNone):\n    \"\"\" Reports success \"\"\"\n    if not name:\n        name \u003d sys._getframe().f_back.f_code.co_name\n    print(\"#educational_plugin \" + name + \" test OK\")\n\n\ndef get_answer_placeholders():\n    \"\"\"\n        Returns all answer placeholders text\n    \"\"\"\n    prefix \u003d \"#educational_plugin_window \u003d \"\n    path \u003d sys.argv[-1]\n    import os\n\n    file_name_without_extension \u003d os.path.splitext(path)[0]\n    windows_path \u003d file_name_without_extension + \"_windows\"\n    windows \u003d []\n    f \u003d open(windows_path, \"r\")\n    window_text \u003d \"\"\n    first \u003d True\n    for line in f.readlines():\n        if line.startswith(prefix):\n            if not first:\n                windows.append(window_text.strip())\n            else:\n                first \u003d False\n            window_text \u003d line[len(prefix):]\n        else:\n            window_text +\u003d line\n\n    if window_text:\n        windows.append(window_text.strip())\n\n    f.close()\n    return windows\n\n\ndef check_samples(samples\u003d()):\n    \"\"\"\n      Check script output for all samples. Sample is a two element list, where the first is input and\n      the second is output.\n    \"\"\"\n    for sample in samples:\n        if len(sample) \u003d\u003d 2:\n            output \u003d get_file_output(arg_string\u003dstr(sample[0]))\n            if \"\\n\".join(output) !\u003d sample[1]:\n                failed(\n                    \"Test from samples failed: \\n \\n\"\n                    \"Input:\\n{}\"\n                    \"\\n \\n\"\n                    \"Expected:\\n{}\"\n                    \"\\n \\n\"\n                    \"Your result:\\n{}\".format(str.strip(sample[0]), str.strip(sample[1]), \"\\n\".join(output)))\n                return\n        set_congratulation_message(\"All test from samples passed. Now we are checking your solution on Stepik server.\")\n\n    passed()\n\n\ndef run_common_tests(error_text\u003d\"Please, reload file and try again\"):\n    test_is_not_empty()\n    test_answer_placeholders_text_deleted()\n    test_file_importable()\n"
          },
          "update_date": "Jan 1, 1970 1:00:00 AM",
          "feedback_link": {
            "link_type": "STEPIK"
          },
          "task_type": "edu"
        }
      ],
      "type": "lesson"
    }
  ]
}