{
  "summary": "TP 6 : Visualisation et Simulation",
  "title": "TP6",
  "programming_language": "Python",
  "language": "en",
  "items": [
    {
      "id": 0,
      "update_date": "Jan 1, 1970 1:00:00 AM",
      "title": "Part1---Visualisation",
      "task_list": [
        {
          "name": "Ex1---Scatter",
          "stepic_id": 0,
          "task_files": {
            "task.py": {
              "name": "task.py",
              "placeholders": [
                {
                  "offset": 6,
                  "length": 10,
                  "hints": [],
                  "possible_answer": "import matplotlib.pyplot as plt\nxs \u003d range(0,200,4)\nys \u003d [(100 - x) ** 2 for x in xs]\nplt.scatter(xs, ys)",
                  "placeholder_text": "#type here"
                },
                {
                  "offset": 25,
                  "length": 10,
                  "hints": [],
                  "possible_answer": "plt.scatter(xs, ys, label\u003d\"y\u003d(100 - x)^2\")\nplt.xlabel(\"$x$\")\nplt.ylabel(\"Valeur\")\nplt.title(\" Parabole\\\" \")\nplt.legend();\nplt.show()",
                  "placeholder_text": "#type here"
                }
              ],
              "is_visible": true,
              "text": "# Q1\n\n#type here\n\n\n# Q2\n\n#type here\n\n"
            }
          },
          "test_files": {
            "tests.py": "from test_helper import run_common_tests, failed, passed, get_answer_placeholders\n\ndef test_answer_placeholders():\n    placeholders \u003d get_answer_placeholders()\n    test_Q1(placeholders[0])\n    test_Q2(placeholders[1])\n\n\n\ndef test_Q1(answer):\n    if answer.replace(\" \", \"\").find(\"plt.scatter(\") \u003d\u003d-1:\n        failed(\"Votre reponse n\u0027est pas exactement celle attendue.\")\n    else :\n        passed()\n\n\ndef test_Q2(answer):\n    if answer.replace(\" \", \"\").find(\"plt.legend(\") \u003d\u003d-1 or answer.replace(\" \", \"\").find(\"plt.scatter(\") \u003d\u003d-1:\n        failed(\"Votre reponse n\u0027est pas exactement celle attendue.\")\n    else :\n        passed()\n\nif __name__ \u003d\u003d \u0027__main__\u0027:\n    run_common_tests()\n    test_answer_placeholders()       # TODO: uncomment test call\n\n"
          },
          "description_text": "# TP6\n\n## Partie 1 --- Visualisation avec matplotlib\n\nMatplotlib est une excellente librairie graphique pour générer des figures scientifiques en 2D et 3D. Parmi les avanatges de cette librairie, on peut citer :\n\n* prise en main facile,\n* des figures de haute qualité et plusieurs formats PNG, PDF, SVG, EPS et PGF,\n\n### Comment utiliser la librairie matplotlib dans votre programme ?\nPour utiliser la librairie, il faut importer le module `matplotlib`. Ceci peut être réalisé avec la ligne de commande suivante :\n\n`import matplotlib` \n\nLes fonctions de visulaisation de la librairie que nous allons utiliser dans ce TP se trouvent dans le sous-module `pyplot` de `matplotlib`.\nIl est possible d\u0027importer uniquement les fonctions du sous-module `pyplot`. La commande à utiliser dans ce cas est : \n\n`import matplotlib.pyplot as plt`\n\n\n\n### Ex. 1 --- \"Scatter plot\" (nuage de points)\n\nNous nous intéressons ici à dessiner des nuages de points. Commençons par créer des points à afficher : \n\n```\nxs \u003d range(1, 25)\nys \u003d [1 / x for x in xs]\n```\n\nLe code ci-dessus permet de générer des points xs ayant comme valeurs de 1 à 25 et des points ys égales à l\u0027inverse de ces valeurs.\n\nLa ligne de code `ys \u003d [1 / x for x in xs]` permet de créer une liste `ys` dont les valeurs égales à `1/x` pour tout `x` dans `xs`.\n\n* Pour dessiner un \"scatter plot\" (nuage de point), on utilise la méthode scatter comme suit :\n  \n    `plt.scatter(xs, ys)`\n    \n    `xs` contient les abscisses  et `ys` les ordonnées des points à dessiner.\n\n* On peut combiner ce graphique avec un autre ensemble de points. Créons d\u0027autres points : \n\n    `zs \u003d [1 / (25 - x) for x in xs]`\n\n* Pour afficher les deux courbes dans un même graphique : \n\n  ```\n  plt.scatter(xs, ys)\n  plt.scatter(xs, zs)\n  ```\n\n* Pour afficher les courbes en ajoutant une légende, des axes et un titre à notre graphique : \n   \n    ```      \n    plt.scatter(xs, ys, label\u003d\"y\u003d1/x\")\n    plt.scatter(xs, zs, label\u003d\"y\u003d1/(25-x)$\")\n    plt.xlabel(\"$x$\")\n    plt.ylabel(\"Valeur\")\n    plt.title(\"Mon premier \\\"scatter plot\\\" \")\n    plt.legend();\n    ``` \n    \n\n#### Question 1 :  \nEcrire un programme qui permet de dessiner un \"scatter plot\" avec les points suivants :\n\n    ```\n    xs \u003d range(0,200,4)\n    ys \u003d [(100 - x) ** 2 for x in xs]\n    ```\n\n#### Question 2 :  \nAjouter une légende, des axes et un titre au graphique.\n\n",
          "description_format": "md",
          "additional_files": {},
          "update_date": "Jan 1, 1970 1:00:00 AM",
          "feedback_link": {
            "link_type": "STEPIK"
          },
          "task_type": "edu"
        },
        {
          "name": "Ex2---Plot",
          "stepic_id": 0,
          "task_files": {
            "task.py": {
              "name": "task.py",
              "placeholders": [
                {
                  "offset": 7,
                  "length": 10,
                  "hints": [],
                  "possible_answer": "x \u003d range(0,10)",
                  "placeholder_text": "#type here"
                },
                {
                  "offset": 26,
                  "length": 10,
                  "hints": [],
                  "possible_answer": "y \u003d x\nz \u003d [v*v for v in x]",
                  "placeholder_text": "#type here"
                },
                {
                  "offset": 44,
                  "length": 10,
                  "hints": [],
                  "possible_answer": "import matplotlib.pyplot as plt\nplt.plot(x, y, label\u003d\"lineaire en x\")\nplt.plot(x,z, label\u003d\"quadratique en x\")\nplt.legend()",
                  "placeholder_text": "#type here"
                },
                {
                  "offset": 64,
                  "length": 10,
                  "hints": [],
                  "possible_answer": "plt.scatter(x, y)\nplt.scatter(x, z)\nplt.show()",
                  "placeholder_text": "#type here"
                }
              ],
              "is_visible": true,
              "text": "\n# Q1\n\n#type here\n\n\n# Q2\n\n#type here\n\n# Q3\n\n#type here\n\n\n\n# Q4\n\n#type here\n\n\n"
            }
          },
          "test_files": {
            "tests.py": "from test_helper import run_common_tests, failed, passed, get_answer_placeholders\n\n\ndef test_answer_placeholders():\n    placeholders \u003d get_answer_placeholders()\n    test_Q1(placeholders[0])\n    test_Q2(placeholders[1])\n    test_Q3(placeholders[2])\n    test_Q4(placeholders[3])\n\n\n\ndef test_Q1(answer):\n    correction\u003d\"\"\"x \u003d range(0,10)\"\"\"\n    correction \u003d correction.replace(\" \", \"\")\n    answer \u003d answer.replace(\" \", \"\")\n    if answer \u003d\u003d correction :\n        passed()\n    else :\n        failed(\"Votre reponse n\u0027est pas exactement celle attendue.\")\n\n\n\ndef test_Q2(answer):\n    correction\u003d\"\"\"y \u003d x\nz \u003d [v*v for v in x]\"\"\"\n    correction \u003d correction.replace(\" \", \"\")\n    answer \u003d answer.replace(\" \", \"\")\n    if answer \u003d\u003d correction :\n        passed()\n    else :\n        failed(\"Votre reponse n\u0027est pas exactement celle attendue.\")\n\n\n\ndef test_Q3(answer):\n    correction\u003d\"\"\"import matplotlib.pyplot as plt\nplt.plot(x, y, label\u003d\"lineaire en x\")\nplt.plot(x,z, label\u003d\"quadratique en x\")\nplt.legend()\"\"\"\n    correction \u003d correction.replace(\" \", \"\")\n    answer \u003d answer.replace(\" \", \"\")\n    if answer \u003d\u003d correction :\n        passed()\n    else :\n        failed(\"Votre reponse n\u0027est pas exactement celle attendue.\")\n\n\n\ndef test_Q4(answer):\n    correction\u003d\"\"\"plt.scatter(x, y)\nplt.scatter(x, z)\nplt.show()\"\"\"\n    correction \u003d correction.replace(\" \", \"\")\n    answer \u003d answer.replace(\" \", \"\")\n    if answer \u003d\u003d correction :\n        passed()\n    else :\n        failed(\"Votre reponse n\u0027est pas exactement celle attendue.\")\n\n\n\n\n\nif __name__ \u003d\u003d \u0027__main__\u0027:\n    run_common_tests()\n    test_answer_placeholders()       # TODO: uncomment test call\n\n\n"
          },
          "description_text": "### Ex.2 --- Plot\n\nNous venons de voir dans l\u0027exercice 1 comment dessiner un nuage de point. On s\u0027intéresse ici à dessiner des courbes.\n\nLa fonction de `matplotlib` permettant de représenter des courbes est `plot`. Comme la fonction `scatter `, elle prend comme paramètres les abscisses et les ordonnées des points de la courbe à dessiner.\n\n####Question 1 : \nUtiliser la fonction `range` pour générer une liste `x contenant des valeurs entre 0 et 10.\n\n####Question 2 : \nCréer une liste `y` contenant les mêmes valeurs dans la liste `x` et une liste `z` contenant le carré des valeurs dans `x`.\n\n\n####Question 3 : \nTracer les deux courbes `y` en fonction de `x` et `z` en fonction de `x`. De la même manière qu\u0027avec la fonction `Scatter`, ajouter `lineaire en x` et `quadratique en x` comme légende pour chaque courbe.\n\n####Question 4 : \nUtilisant la fonction `scatter`, dessiner dans le même graphique les points permettant de représenter les courbes.",
          "description_format": "md",
          "additional_files": {},
          "update_date": "Jan 1, 1970 1:00:00 AM",
          "feedback_link": {
            "link_type": "STEPIK"
          },
          "task_type": "edu"
        },
        {
          "name": "Ex3---Hist",
          "stepic_id": 0,
          "task_files": {
            "task.py": {
              "name": "task.py",
              "placeholders": [
                {
                  "offset": 7,
                  "length": 10,
                  "hints": [],
                  "possible_answer": "from random import *\nL \u003d [random() for i in range(100)]",
                  "placeholder_text": "#type here"
                },
                {
                  "offset": 26,
                  "length": 10,
                  "hints": [],
                  "possible_answer": "import matplotlib.pyplot as plt\nplt.hist(L,20)\nplt.show()\nplt.hist(L,5)\nplt.show()",
                  "placeholder_text": "#type here"
                }
              ],
              "is_visible": true,
              "text": "\n# Q1\n\n#type here\n\n\n# Q2\n\n#type here\n\n"
            }
          },
          "test_files": {
            "tests.py": "from test_helper import run_common_tests, failed, passed, get_answer_placeholders\n\n\ndef test_answer_placeholders():\n    placeholders \u003d get_answer_placeholders()\n    test_Q1(placeholders[0])\n    test_Q2(placeholders[1])\n\n\n\ndef test_Q1(answer):\n    correction\u003d\"\"\"from random import *\nL \u003d [random() for i in range(100)]\"\"\"\n    correction \u003d correction.replace(\" \", \"\")\n    answer \u003d answer.replace(\" \", \"\")\n    if answer \u003d\u003d correction :\n        passed()\n    else :\n        failed(\"Votre reponse n\u0027est pas exactement celle attendue.\")\n\n\n\ndef test_Q2(answer):\n    correction\u003d\"\"\"import matplotlib.pyplot as plt\nplt.hist(L,20)\nplt.show()\nplt.hist(L,5)\nplt.show()\"\"\"\n    correction \u003d correction.replace(\" \", \"\")\n    answer \u003d answer.replace(\" \", \"\")\n    if answer \u003d\u003d correction :\n        passed()\n    else :\n        failed(\"Votre reponse n\u0027est pas exactement celle attendue.\")\n\n\n\nif __name__ \u003d\u003d \u0027__main__\u0027:\n    run_common_tests()\n    test_answer_placeholders()       # TODO: uncomment test call\n\n\n"
          },
          "description_text": "### Ex.3 --- Hist\n\nOn sintéresse maintenant à la représentation graphique par histogramme. Un histogramme est un graphique permettant de représenter la répartition d\u0027une variable continue en la représentant avec des colonnes verticales. \n\nLa fonction de `matplotlib` permettant de représenter un histogramme est `hist`. Comme pour les fonctions `scatter` et `plot`, la fonction `hist` se trouve dans le sous-module `pyplot` de la librairie `matplotlib`.\n\nPour représenter un histogramme, on utilise la commande suivante : \n\n```\nhist(L,nombre)\n```\navec `L` une liste qui contient les données.  C’est le seul argument\nobligatoire. Le paramètre `nombre contient le nombre de barres de l’histogramme.\n\n####Question 1 : \nLes deux lignes de code suivants permettent de générer et afficher un nombre réel aléatoire dans l\u0027intervalle [0,1).\n\n```\nfrom random import *\nrd \u003d random()\nprint(rd)\n```\n\nUtiliser la fonction `random` pour créer une liste de 100 éléments contenant des valeurs alétaoires.\n\n\n####Question 2 : \nAfficher l\u0027histogramme de ces éléments. Utiliser plusieurs valeurs pour le nombre de barres de l\u0027histogramme. \n\n",
          "description_format": "md",
          "additional_files": {},
          "update_date": "Jan 1, 1970 1:00:00 AM",
          "feedback_link": {
            "link_type": "STEPIK"
          },
          "task_type": "edu"
        }
      ],
      "unit_id": 0,
      "type": "lesson"
    },
    {
      "id": 0,
      "update_date": "Jan 1, 1970 1:00:00 AM",
      "title": "Part2---Simulation",
      "task_list": [
        {
          "name": "Ex1---AffichagePendule",
          "stepic_id": 0,
          "task_files": {
            "task.py": {
              "name": "task.py",
              "placeholders": [
                {
                  "offset": 235,
                  "length": 10,
                  "hints": [],
                  "possible_answer": "penduleFromXY(0,-1)",
                  "placeholder_text": "#type here"
                },
                {
                  "offset": 254,
                  "length": 10,
                  "hints": [],
                  "possible_answer": "def pendule(angle):\n    x \u003d math.sin(angle)\n    y \u003d -math.cos(angle)\n    penduleFromXY(x,y)",
                  "placeholder_text": "#type here"
                },
                {
                  "offset": 274,
                  "length": 10,
                  "hints": [],
                  "possible_answer": "pendule(pi/4)",
                  "placeholder_text": "#type here"
                }
              ],
              "is_visible": true,
              "text": "\nimport math\nimport matplotlib.pyplot as plt\n\n\ndef penduleFromXY(x,y):\n    plt.figure()\n    plt.plot(x,y,\u0027bo\u0027,markersize\u003d20)\n    plt.plot([0,x], [0,y])\n    plt.xlim(-1.5,1.5)\n    plt.ylim(-1.5,1.5)\n    plt.show()\n\n\npi \u003d 3.14159\n\n# Q1\n\n#type here\n\n\n# Q2\n\n#type here\n\n\n\n# Q3\n\n#type here"
            }
          },
          "test_files": {
            "tests.py": "from test_helper import run_common_tests, failed, passed, get_answer_placeholders\n\n\ndef test_answer_placeholders():\n    placeholders \u003d get_answer_placeholders()\n    test_Q1(placeholders[0])\n    test_Q2(placeholders[1])\n    test_Q3(placeholders[2])\n\n\n\ndef test_Q1(answer):\n    correction\u003d\"\"\"penduleFromXY(0,-1)\"\"\"\n    correction \u003d correction.replace(\" \", \"\")\n    answer \u003d answer.replace(\" \", \"\")\n    if answer \u003d\u003d correction :\n        passed()\n    else :\n        failed(\"Votre reponse n\u0027est pas exactement celle attendue.\")\n\n\n\ndef test_Q2(answer):\n    correction\u003d\"\"\"def pendule(angle):\n    x \u003d math.sin(angle)\n    y \u003d -math.cos(angle)\n    penduleFromXY(x,y)\"\"\"\n    correction \u003d correction.replace(\" \", \"\")\n    answer \u003d answer.replace(\" \", \"\")\n    if answer \u003d\u003d correction :\n        passed()\n    else :\n        failed(\"Votre reponse n\u0027est pas exactement celle attendue.\")\n\n\ndef test_Q3(answer):\n    correction\u003d\"\"\"pendule(pi/4)\"\"\"\n    correction \u003d correction.replace(\" \", \"\")\n    answer \u003d answer.replace(\" \", \"\")\n    if answer \u003d\u003d correction :\n        passed()\n    else :\n        failed(\"Votre reponse n\u0027est pas exactement celle attendue.\")\n\n\n\nif __name__ \u003d\u003d \u0027__main__\u0027:\n    run_common_tests()\n    test_answer_placeholders()       # TODO: uncomment test call\n\n\n"
          },
          "description_text": "## Partie 2 --- Affichage et simulation d\u0027un pendule\n\nLe but de cette partie est d\u0027afficher et simuler un pendule simple. En physique, le pendule est un système oscillant qui, écarté de sa position d\u0027équilibre, y retourne en décrivant des oscillations, sous l\u0027effet d\u0027une force, par exemple le poids d\u0027une masse. \n\n\n\n\n\n### Librairies \nLes librairies que nous allons utiliser sont :  math (fonctions mathématiques), matplotlib (visualisation).\nCi-dessous les lignes de code pour les importer :\n```\nimport math\nimport matplotlib.pyplot as plt\n```\n\n\n### Affichage\nNous allons utiliser la fonction suivante pour afficher le pendule à une position donnée.\n```\ndef penduleFromXY(x,y):\n    plt.figure()\n    plt.plot(x,y,\u0027bo\u0027,markersize\u003d20)\n    plt.plot([0,x], [0,y])\n    plt.xlim(-1.5,1.5)\n    plt.ylim(-1.5,1.5)\n    plt.show()\n ```\nLa fonction prend comme paramètre la position du pendule (x et y : coordonnées cartésiennes de la masse du pendule).\n\n \n \n### Ex.1 --- Affichage d\u0027un pendule \n\n#### Question 1 :\n\nAfficher le pendule avec la fonction `penduleFromXY` à la position `x\u003d0` et `y\u003d-1.`\n  \n \n \n#### Question 2 :\nOn souhaite afficher le pendule suivant un angle d\u0027inclinaison. \nLa relation entre l\u0027angle d\u0027inclinaison `angle` et les coordonnées cartésiennes est donnée par les formules suivantes : \n$x \u003d \\sin(angle), \\quad y \u003d -cos(angle)$.\n    \nA titre d\u0027exemple, les fonctions trigonométriques de python peuvent être appelées de la manière suiante : `math.sin(angle)` et `math.cos(angle)`.\n\n \n Ecrire une fonction `pendule` qui prend en paramètre un angle et affiche le pendule à la position déterminée en fonction de cet angle.\n Pour cela utiliser la fonction `penduleFromXY`.\n \n #### Question 3 : \n\n Afficher le pendule à la position $\\displaystyle\\frac{\\pi}{4}$.\n \n ",
          "description_format": "md",
          "additional_files": {},
          "update_date": "Jan 1, 1970 1:00:00 AM",
          "feedback_link": {
            "link_type": "STEPIK"
          },
          "task_type": "edu"
        },
        {
          "name": "Ex2---SimulationPendule",
          "stepic_id": 0,
          "task_files": {
            "task.py": {
              "name": "task.py",
              "placeholders": [
                {
                  "offset": 317,
                  "length": 10,
                  "hints": [],
                  "possible_answer": "def acc(angle,vitesse):\n    return -1.5 * vitesse - 9.81 * math.sin(angle)",
                  "placeholder_text": "#type here"
                },
                {
                  "offset": 337,
                  "length": 10,
                  "hints": [],
                  "possible_answer": "def nouvelAngle(angle,vitesse):\n    return angle + vitesse * 0.1",
                  "placeholder_text": "#type here"
                },
                {
                  "offset": 356,
                  "length": 10,
                  "hints": [],
                  "possible_answer": "def nouvelleVitesse(angle,vitesse):\n    return vitesse + acc(angle, vitesse) * 0.1",
                  "placeholder_text": "#type here"
                },
                {
                  "offset": 376,
                  "length": 10,
                  "hints": [],
                  "possible_answer": "def simulation(angle,vitesse,nb):\n    angles \u003d [angle]\n    for step in range(0,nb):\n        angle \u003d nouvelAngle(angle,vitesse)\n        vitesse \u003d nouvelleVitesse(angle, vitesse)\n        angles.append(angle)\n    return angles",
                  "placeholder_text": "#type here"
                },
                {
                  "offset": 396,
                  "length": 10,
                  "hints": [],
                  "possible_answer": "angles \u003d simulation(0,5,50)\nfor angle in angles :\n    pendule(angle)",
                  "placeholder_text": "#type here"
                }
              ],
              "is_visible": true,
              "text": "\nimport math\nimport matplotlib.pyplot as plt\n\n\ndef penduleFromXY(x,y):\n    plt.figure()\n    plt.plot(x,y,\u0027bo\u0027,markersize\u003d20)\n    plt.plot([0,x], [0,y])\n    plt.xlim(-1.5,1.5)\n    plt.ylim(-1.5,1.5)\n    plt.show()\n\n\ndef pendule(angle):\n    x \u003d math.sin(angle)\n    y \u003d -math.cos(angle)\n    penduleFromXY(x,y)\n\n\n\n\n# Q1\n\n#type here\n\n\n\n# Q2\n\n#type here\n\n\n# Q3\n\n#type here\n\n\n\n# Q4\n\n#type here\n\n\n\n# Q5\n\n#type here\n\n\n\n\n"
            }
          },
          "test_files": {
            "tests.py": "from test_helper import run_common_tests, failed, passed, get_answer_placeholders\n\n\n\ndef test_answer_placeholders():\n    placeholders \u003d get_answer_placeholders()\n    test_Q1(placeholders[0])\n    test_Q2(placeholders[1])\n    test_Q3(placeholders[2])\n    test_Q4(placeholders[3])\n    test_Q5(placeholders[4])\n\n\n\ndef test_Q1(answer):\n    correction\u003d\"\"\"def acc(angle,vitesse):\n    return -1.5 * vitesse - 9.81 * math.sin(angle)\"\"\"\n    correction \u003d correction.replace(\" \", \"\")\n    answer \u003d answer.replace(\" \", \"\")\n    if answer \u003d\u003d correction :\n        passed()\n    else :\n        failed(\"Votre reponse n\u0027est pas exactement celle attendue.\")\n\n\n\ndef test_Q2(answer):\n    correction\u003d\"\"\"def nouvelAngle(angle,vitesse):\n    return angle + vitesse * 0.1\"\"\"\n    correction \u003d correction.replace(\" \", \"\")\n    answer \u003d answer.replace(\" \", \"\")\n    if answer \u003d\u003d correction :\n        passed()\n    else :\n        failed(\"Votre reponse n\u0027est pas exactement celle attendue.\")\n\n\n\ndef test_Q3(answer):\n    correction\u003d\"\"\"def nouvelleVitesse(angle,vitesse):\n    return vitesse + acc(angle, vitesse) * 0.1\"\"\"\n    correction \u003d correction.replace(\" \", \"\")\n    answer \u003d answer.replace(\" \", \"\")\n    if answer \u003d\u003d correction :\n        passed()\n    else :\n        failed(\"Votre reponse n\u0027est pas exactement celle attendue.\")\n\n\n\ndef test_Q4(answer):\n    correction\u003d\"\"\"def simulation(angle,vitesse,nb):\n    angles \u003d [angle]\n    for step in range(0,nb):\n        angle \u003d nouvelAngle(angle,vitesse)\n        vitesse \u003d nouvelleVitesse(angle, vitesse)\n        angles.append(angle)\n    return angles\"\"\"\n    correction \u003d correction.replace(\" \", \"\")\n    answer \u003d answer.replace(\" \", \"\")\n    if answer \u003d\u003d correction :\n        passed()\n    else :\n        failed(\"Votre reponse n\u0027est pas exactement celle attendue.\")\n\n\n\n\ndef test_Q5(answer):\n    correction\u003d\"\"\"angles \u003d simulation(0,5,50)\nfor angle in angles :\n    pendule(angle)\"\"\"\n    correction \u003d correction.replace(\" \", \"\")\n    answer \u003d answer.replace(\" \", \"\")\n    if answer \u003d\u003d correction :\n        passed()\n    else :\n        failed(\"Votre reponse n\u0027est pas exactement celle attendue.\")\n\n\n\n\nif __name__ \u003d\u003d \u0027__main__\u0027:\n    run_common_tests()\n    test_answer_placeholders()       # TODO: uncomment test call\n\n\n"
          },
          "description_text": "### Ex.2 --- Simulation d\u0027un pendule\n\nNous allons maintenant utiliser la fonction d\u0027affichage du pendule de l\u0027exercice 1 pour visualiser la trajectoire effectuée par le pendule pendant une simulation.\n\nLa trajectoire effectuée par le pendule dépend de la position (angle) et de la vitesse du pendule. Nous allons considérer une simulations suivant le modèle simple ci-dessous : \n\n\n * $angle \u003d angle + vitesse * intervalle\\ de\\ temps$\n\n * $vitesse \u003d vitesse + acc * intervalle\\ de\\ temps$\n\nL\u0027intervalle de temps est fixé à 0.1. Le paramètre `acc` est calculé à partir de la formule suivante :\n\n* $acc \u003d -1.5 * vitesse - 9.81 * sin(angle)$ \n\nLa valeur de 9.81 dans l\u0027équation ci-dessus représente l\u0027accélération due à la pesanteur.\n\n\n#### Question 1 :\n \nEcrire une fonction `acc` qui prend comme paramètres un angle et une vitesse et qui retourne la valeur du pramètre `acc` calculée à partir de la l\u0027équation ci-dessus.\n \n \n#### Question 2 :\n  \nEcrire une fonction `nouvelAngle` qui prend comme paramètres une angle et une vitesse et qui retourne la nouvelle position (angle) du pendule suivant le modèle présenté ci-dessus.\n\n \n#### Question 3 :\n  \nEcrire une fonction `nouvelleVitesse` qui prend comme paramètres un angle et une vitesse et qui retourne la nouvelle vitesse du pendule suivant le modèle présenté ci-dessus.\nLa fonction fait appel à la fonction `acc`.\n\n\n#### Question 4 :\n\nEcrire une fonction `simulation` qui prend comme paramètres un angle initial, une vitesse initiale et un paramètre `nb`.\nLa fonction retourne une liste de taille `nb` qui contient les angles successives après `nb` étapes.\n\nPour ceci utiliser les fonctions `nouvelAngle` et `nouvelleVitesse` dans une boucle afin de calculer à chaque fois la nouvelle position (angle) et la nouvelle vitesse du pendule.\n\n\n#### Question 5 :\n\nRéaliser une simulation avec comme paramètres : \n* angle initial \u003d 0, \n* vitesse initiale \u003d 5,\n* nb \u003d 50.\n\nAfficher à chaque étape de la simulation le pendule avec la fonction `pendule` de l\u0027Exercice 1. \nLa fonction `pendule` prend comme paramètre de manière successive les angles fournies par la simulation.\n\n\n",
          "description_format": "md",
          "additional_files": {},
          "update_date": "Jan 1, 1970 1:00:00 AM",
          "feedback_link": {
            "link_type": "STEPIK"
          },
          "task_type": "edu"
        }
      ],
      "unit_id": 0,
      "type": "lesson"
    },
    {
      "id": 0,
      "update_date": "Jan 1, 1970 1:00:00 AM",
      "title": "Edu additional materials",
      "task_list": [
        {
          "name": "Edu additional materials",
          "stepic_id": 0,
          "task_files": {},
          "test_files": {},
          "description_format": "md",
          "additional_files": {
            "test_helper.py": {
              "is_visible": false,
              "text": "import sys\n\n\ndef get_file_text(path):\n    \"\"\" Returns file text by path\"\"\"\n    file_io \u003d open(path, \"r\")\n    text \u003d file_io.read()\n    file_io.close()\n    return text\n\n\ndef get_file_output(encoding\u003d\"utf-8\", path\u003dsys.argv[-1], arg_string\u003d\"\"):\n    \"\"\"\n    Returns answer file output\n    :param encoding: to decode output in python3\n    :param path: path of file to execute\n    :return: list of strings\n    \"\"\"\n    import subprocess\n\n    proc \u003d subprocess.Popen([sys.executable, path], stdin\u003dsubprocess.PIPE, stdout\u003dsubprocess.PIPE,\n                            stderr\u003dsubprocess.STDOUT)\n    if arg_string:\n        for arg in arg_string.split(\"\\n\"):\n            proc.stdin.write(bytearray(str(arg) + \"\\n\", encoding))\n            proc.stdin.flush()\n\n    return list(map(lambda x: str(x.decode(encoding)), proc.communicate()[0].splitlines()))\n\n\ndef test_file_importable():\n    \"\"\" Tests there is no obvious syntax errors\"\"\"\n    path \u003d sys.argv[-1]\n    if not path.endswith(\".py\"):\n        import os\n\n        parent \u003d os.path.abspath(os.path.join(path, os.pardir))\n        python_files \u003d [f for f in os.listdir(parent) if os.path.isfile(os.path.join(parent, f)) and f.endswith(\".py\")]\n        for python_file in python_files:\n            if python_file \u003d\u003d \"tests.py\":\n                continue\n            check_importable_path(os.path.join(parent, python_file))\n        return\n    check_importable_path(path)\n\n\ndef check_importable_path(path):\n    \"\"\" Checks that file is importable.\n        Reports failure otherwise.\n    \"\"\"\n    saved_input \u003d patch_input()\n    try:\n        import_file(path)\n    except:\n        failed(\"The file contains syntax errors\", test_file_importable.__name__)\n        return\n    finally:\n        revert_input(saved_input)\n\n    passed(test_file_importable.__name__)\n\n\ndef patch_input():\n    def mock_fun(_m\u003d\"\"):\n        return \"mock\"\n\n    if sys.version_info[0] \u003d\u003d 3:\n        import builtins\n        save_input \u003d builtins.input\n        builtins.input \u003d mock_fun\n        return save_input\n    elif sys.version_info[0] \u003d\u003d 2:\n        import __builtin__\n        save_input \u003d __builtin__.raw_input\n        __builtin__.raw_input \u003d mock_fun\n        __builtin__.input \u003d mock_fun\n        return save_input\n\n\ndef revert_input(saved_input):\n    if sys.version_info[0] \u003d\u003d 3:\n        import builtins\n        builtins.input \u003d saved_input\n    elif sys.version_info[0] \u003d\u003d 2:\n        import __builtin__\n        __builtin__.raw_input \u003d saved_input\n        __builtin__.input \u003d saved_input\n\n\ndef import_file(path):\n    \"\"\" Returns imported file \"\"\"\n    if sys.version_info[0] \u003d\u003d 2 or sys.version_info[1] \u003c 3:\n        import imp\n\n        return imp.load_source(\"tmp\", path)\n    elif sys.version_info[0] \u003d\u003d 3:\n        import importlib.machinery\n\n        return importlib.machinery.SourceFileLoader(\"tmp\", path).load_module(\"tmp\")\n\n\ndef import_task_file():\n    \"\"\" Returns imported file.\n        Imports file from which check action was run\n    \"\"\"\n    path \u003d sys.argv[-1]\n    return import_file(path)\n\n\ndef test_is_not_empty():\n    \"\"\"\n        Checks that file is not empty\n    \"\"\"\n    path \u003d sys.argv[-1]\n    file_text \u003d get_file_text(path)\n\n    if len(file_text) \u003e 0:\n        passed()\n    else:\n        failed(\"The file is empty. Please, reload the task and try again.\")\n\n\ndef test_text_equals(text, error_text):\n    \"\"\"\n        Checks that answer equals text.\n    \"\"\"\n    path \u003d sys.argv[-1]\n    file_text \u003d get_file_text(path)\n\n    if file_text.strip() \u003d\u003d text:\n        passed()\n    else:\n        failed(error_text)\n\n\ndef test_answer_placeholders_text_deleted(error_text\u003d\"Don\u0027t just delete task text\"):\n    \"\"\"\n        Checks that all answer placeholders are not empty\n    \"\"\"\n    windows \u003d get_answer_placeholders()\n\n    for window in windows:\n        if len(window) \u003d\u003d 0:\n            failed(error_text)\n            return\n    passed()\n\n\ndef set_congratulation_message(message):\n    \"\"\" Overrides default \u0027Congratulations!\u0027 message \"\"\"\n    print(\"#educational_plugin CONGRATS_MESSAGE \" + message)\n\n\ndef failed(message\u003d\"Please, reload the task and try again.\", name\u003dNone):\n    \"\"\" Reports failure \"\"\"\n    if not name:\n        name \u003d sys._getframe().f_back.f_code.co_name\n    print(\"#educational_plugin \" + name + \" FAILED + \" + message)\n\n\ndef passed(name\u003dNone):\n    \"\"\" Reports success \"\"\"\n    if not name:\n        name \u003d sys._getframe().f_back.f_code.co_name\n    print(\"#educational_plugin \" + name + \" test OK\")\n\n\ndef get_answer_placeholders():\n    \"\"\"\n        Returns all answer placeholders text\n    \"\"\"\n    prefix \u003d \"#educational_plugin_window \u003d \"\n    path \u003d sys.argv[-1]\n    import os\n\n    file_name_without_extension \u003d os.path.splitext(path)[0]\n    windows_path \u003d file_name_without_extension + \"_windows\"\n    windows \u003d []\n    f \u003d open(windows_path, \"r\")\n    window_text \u003d \"\"\n    first \u003d True\n    for line in f.readlines():\n        if line.startswith(prefix):\n            if not first:\n                windows.append(window_text.strip())\n            else:\n                first \u003d False\n            window_text \u003d line[len(prefix):]\n        else:\n            window_text +\u003d line\n\n    if window_text:\n        windows.append(window_text.strip())\n\n    f.close()\n    return windows\n\n\ndef check_samples(samples\u003d()):\n    \"\"\"\n      Check script output for all samples. Sample is a two element list, where the first is input and\n      the second is output.\n    \"\"\"\n    for sample in samples:\n        if len(sample) \u003d\u003d 2:\n            output \u003d get_file_output(arg_string\u003dstr(sample[0]))\n            if \"\\n\".join(output) !\u003d sample[1]:\n                failed(\n                    \"Test from samples failed: \\n \\n\"\n                    \"Input:\\n{}\"\n                    \"\\n \\n\"\n                    \"Expected:\\n{}\"\n                    \"\\n \\n\"\n                    \"Your result:\\n{}\".format(str.strip(sample[0]), str.strip(sample[1]), \"\\n\".join(output)))\n                return\n        set_congratulation_message(\"All test from samples passed. Now we are checking your solution on Stepik server.\")\n\n    passed()\n\n\ndef run_common_tests(error_text\u003d\"Please, reload file and try again\"):\n    test_is_not_empty()\n    test_answer_placeholders_text_deleted()\n    test_file_importable()\n"
            }
          },
          "update_date": "Jan 1, 1970 1:00:00 AM",
          "feedback_link": {
            "link_type": "STEPIK"
          },
          "task_type": "edu"
        }
      ],
      "unit_id": 0,
      "type": "lesson"
    }
  ],
  "version": 7
}