{
  "summary": "TP10 : Graphes",
  "title": "TP10_Graphes",
  "programming_language": "Python",
  "language": "en",
  "items": [
    {
      "id": 0,
      "update_date": "Jan 1, 1970 1:00:00 AM",
      "title": "Graphes",
      "task_list": [
        {
          "name": "Création de graphes",
          "stepic_id": 0,
          "task_files": {
            "task.py": {
              "name": "task.py",
              "text": "# Les deux lignes prochaines permettent d\u0027ajouter de nouvelles fonctions dont vous aurez besoin après. Ne les supprimez pas !\nfrom tp10_tools import draw_graph, symetrize\nfrom random import randint\n\n\n# Q1\n# fonction random_row\n\n\n# Q2\n# appel random_row\n\n\n# Q3\n# fonction random_oriented_graph\n\n\n# Q4\n# appel random_oriented_graph\n\n\n# Q5\n# fonction random_graph\n\n\n# Q6\n# appel random_graph\n# affichage de G\n\n# Q7\n# fonction print_graph_matrix\n\n\n# Q8\n# appel print_graph_matrix\n\n# Q9\n# dessin du graphe\n\n# Q10\n# test voisinage 0, 3\n\n# Q11\n# test voisinage 2, 4\n",
              "placeholders": [
                {
                  "offset": 205,
                  "length": 21,
                  "hints": [],
                  "possible_answer": "def random_row(n):\n    R \u003d []\n    for i in range(n):\n        R.append(randint(0, 1))\n    return R",
                  "placeholder_text": "# fonction random_row"
                },
                {
                  "offset": 234,
                  "length": 18,
                  "hints": [],
                  "possible_answer": "print(random_row(6))",
                  "placeholder_text": "# appel random_row"
                },
                {
                  "offset": 260,
                  "length": 32,
                  "hints": [],
                  "possible_answer": "def random_oriented_graph(n):\n    G \u003d []\n    for i in range(n):\n        G.append(random_row(n))\n    return G",
                  "placeholder_text": "# fonction random_oriented_graph"
                },
                {
                  "offset": 300,
                  "length": 29,
                  "hints": [],
                  "possible_answer": "print(random_oriented_graph(3))",
                  "placeholder_text": "# appel random_oriented_graph"
                },
                {
                  "offset": 337,
                  "length": 23,
                  "hints": [],
                  "possible_answer": "def random_graph(n):\n    G \u003d random_oriented_graph(n)\n    for i in range(len(G)):\n        G[i][i] \u003d 0\n    G \u003d symetrize(G)\n    return G",
                  "placeholder_text": "# fonction random_graph"
                },
                {
                  "offset": 368,
                  "length": 20,
                  "hints": [],
                  "possible_answer": "G \u003d random_graph(6)",
                  "placeholder_text": "# appel random_graph"
                },
                {
                  "offset": 389,
                  "length": 16,
                  "hints": [],
                  "possible_answer": "print(G)",
                  "placeholder_text": "# affichage de G"
                },
                {
                  "offset": 412,
                  "length": 29,
                  "hints": [],
                  "possible_answer": "def print_graph_matrix(g):\n    for line in g:\n        print(line)",
                  "placeholder_text": "# fonction print_graph_matrix"
                },
                {
                  "offset": 449,
                  "length": 26,
                  "hints": [],
                  "possible_answer": "print_graph_matrix(G)",
                  "placeholder_text": "# appel print_graph_matrix"
                },
                {
                  "offset": 482,
                  "length": 18,
                  "hints": [],
                  "possible_answer": "# draw_graph(G)",
                  "placeholder_text": "# dessin du graphe"
                },
                {
                  "offset": 508,
                  "length": 21,
                  "hints": [],
                  "possible_answer": "print(G[0][3] \u003d\u003d 1)",
                  "placeholder_text": "# test voisinage 0, 3"
                },
                {
                  "offset": 537,
                  "length": 21,
                  "hints": [],
                  "possible_answer": "print(G[2][4] \u003d\u003d 1)",
                  "placeholder_text": "# test voisinage 2, 4"
                }
              ]
            }
          },
          "test_files": {
            "tests.py": "# coding\u003dutf-8\nfrom test_helper import run_common_tests, failed, passed, get_answer_placeholders, import_task_file\n\n\ndef test_answer_placeholders():\n    placeholders \u003d get_answer_placeholders()\n    test_random_row(placeholders[0])\n    if placeholders[1].replace(\" \",\"\") !\u003d \"print(random_row(6))\":\n        failed(\"Q2 : Affichez le résultat de l\u0027appel à random_row pour 6\")\n    test_random_oriented_graph(placeholders[2])\n    if placeholders[3].replace(\" \",\"\") !\u003d \"print(random_oriented_graph(4))\":\n        failed(\"Q4 : Affichez le résultat de l\u0027appel à random_row pour 6\")\n    test_random_graph(placeholders[4])\n    test_q6(placeholders[5])\n    if placeholders[6].replace(\" \", \"\") !\u003d \"print(G)\":\n        failed(\"Q6 : Il faut afficher la variable G\")\n    if placeholders[8].replace(\" \", \"\") !\u003d \"print_graph_matrix(G)\":\n        failed(\"Q8 : il faut appeler la fonction print_graph_matrix sur G\")\n    if placeholders[9].replace(\" \", \"\") !\u003d \"draw_graph(G)\":\n        failed(\"Q9 : il faut appeler la fonction draw_graph sur G\")\n    if placeholders[10].replace(\" \", \"\") !\u003d \"print(G[0][3]\u003d\u003d1\" and placeholders[10].replace(\" \",\n                                                                                            \"\") !\u003d \"print(G[3][0]\u003d\u003d1\":\n        failed()\n    if placeholders[11].replace(\" \", \"\") !\u003d \"print(G[2][4]\u003d\u003d1\" and placeholders[11].replace(\" \",\n                                                                                            \"\") !\u003d \"print(G[4][2]\u003d\u003d1\":\n        failed()\n\n\ndef test_q6(answer):\n    correction \u003d \"G\u003drandom_graph(6)\"\n    answer \u003d answer.replace(\" \", \"\")\n    if answer.find(\"G\u003d\") \u003d\u003d -1:\n        failed(\"Q6 : Il faut affecter le résultat à une variable G\")\n    elif answer.find(\"random_graph\") \u003d\u003d -1:\n        failed(\"Q6 : Vous n\u0027avez pas appelé votre fonction random_graph\")\n    elif answer.find(\"6\"):\n        failed(\"Q6 : Vous n\u0027avez pas appelé la fonction sur la valeur demandée\")\n    elif answer !\u003d correction:\n        failed(\"Q6\")\n\n\ndef test_random_row(answer):\n    file \u003d import_task_file()\n    answer \u003d answer.replace(\" \", \"\")\n    if answer.find(\"defrandom_row\") \u003d\u003d -1:\n        failed(\"Q1 : Votre fonction n\u0027a pas le nom demandé ou n\u0027est pas définie\")\n    elif answer.find(\"defrandom_row(n)\") \u003d\u003d -1:\n        failed(\"Q1 : Votre fonction n\u0027a pas les bons arguments\")\n    elif answer.find(\"randint\") \u003d\u003d -1:\n        failed(\"Q1 : Votre fonction n\u0027utilise pas randint\")\n    elif answer.find(\"randint(0,1)\") \u003d\u003d -1:\n        failed(\"Q1 : Votre fonction n\u0027utilise pas randint sur les bons arguments\")\n    elif answer.find(\"return\") \u003d\u003d -1:\n        failed(\"Q1 : Votre fonction ne retourne rien\")\n    elif type(file.random_row(1)) !\u003d list:\n        failed(\"Q1 : Votre fonction ne renvoie pas une liste\")\n    elif len(file.random_row(5)) !\u003d 5:\n        failed(\"Q1 : La liste renvoyée par votre fonction n\u0027est pas de la bonne taille\")\n    elif not all_0_1_list(file.random_row(5)):\n        failed(\"Q1 : Votre liste ne contient pas que des 0 et des 1\")\n\n\ndef line_length_equal(matrix, length):\n    for line in range(len(matrix)):\n        if len(line) !\u003d length:\n            return False\n    return True\n\n\ndef all_0_1_list(matrix):\n    for element in matrix:\n        if element !\u003d 0 and element !\u003d 1:\n            return False\n    return True\n\n\ndef test_random_oriented_graph(answer):\n    file \u003d import_task_file()\n    answer \u003d answer.replace(\" \", \"\")\n    if answer.find(\"defrandom_oriented_graph\") \u003d\u003d -1:\n        failed(\"Q3 : Votre fonction n\u0027a pas le nom demandé ou n\u0027est pas définie\")\n    elif answer.find(\"defrandom_oriented_graph(n)\") \u003d\u003d -1:\n        failed(\"Q3 : Votre fonction n\u0027a pas les bons arguments\")\n    elif answer.find(\"random_row\") \u003d\u003d -1:\n        failed(\"Q3 : Votre fonction n\u0027utilise pas random_row\")\n    elif answer.find(\"random_row(n)\") \u003d\u003d -1:\n        failed(\"Q3 : Votre fonction n\u0027utilise pas random_row sur le bon argument\")\n    elif answer.find(\"return\") \u003d\u003d -1:\n        failed(\"Q3 : Votre fonction ne retourne rien\")\n    elif type(file.random_oriented_graph(1)) !\u003d list:\n        failed(\"Q3 : Votre fonction ne renvoie pas une liste\")\n    elif len(file.random_oriented_graph(5)) !\u003d 5:\n        failed(\"Q3 : La matrice renvoyée par votre fonction n\u0027a pas le bon nombre de lignes\")\n    elif not line_length_equal(file.random_oriented_graph(6), 6):\n        failed(\"Q3 : Votre matrice n\u0027a pas le bon nombre de colonnes\")\n    elif not all_0_1_matrix(file.random_oriented_graph(3)):\n        failed(\"Q3 : Votre matrice ne contient pas que des 0 et des 1\")\n\n\ndef all_0_1_matrix(matrix):\n    for line in matrix:\n        if not all_0_1_list(line):\n            return False\n    return True\n\n\ndef test_random_graph(answer):\n    file \u003d import_task_file()\n    answer \u003d answer.replace(\" \", \"\")\n    if answer.find(\"deffrandom_graph\") \u003d\u003d -1:\n        failed(\"Q3 : Votre fonction n\u0027a pas le nom demandé ou n\u0027est pas définie\")\n    elif answer.find(\"def\u003drandom_graph(n)\") \u003d\u003d -1:\n        failed(\"Q3 : Votre fonction n\u0027a pas les bons arguments\")\n    elif answer.find(\"random_oriented_graph\") \u003d\u003d -1:\n        failed(\"Q3 : Votre fonction n\u0027utilise pas random_oriented_graph\")\n    elif answer.find(\"random_oriented_graph(n)\") \u003d\u003d -1:\n        failed(\"Q3 : Votre fonction n\u0027utilise pas random_oriented_graph sur le bon argument\")\n    elif answer.find(\"return\") \u003d\u003d -1:\n        failed(\"Q3 : Votre fonction ne retourne rien\")\n    else:\n        graph \u003d file.random_graph(5)\n        if type(graph) !\u003d list:\n            failed(\"Q3 : Votre fonction ne renvoie pas une liste\")\n        elif len(graph) !\u003d 5:\n            failed(\"Q3 : La matrice renvoyée par votre fonction n\u0027a pas le bon nombre de lignes\")\n        elif not line_length_equal(graph, 5):\n            failed(\"Q3 : Votre matrice n\u0027a pas le bon nombre de colonnes\")\n        elif not zero_diag(graph):\n            failed(\"Q5 : La diagonale de votre matrice ne contient pas que des 0\")\n        elif not is_symetric(graph):\n            failed(\"Q5 : Votre matrice n\u0027est pas symétrique\")\n\n\ndef zero_diag(matrix):\n    for i in range(len(matrix)):\n        if matrix[i][i] !\u003d 0:\n            return False\n    return True\n\n\ndef is_symetric(matrix):\n    for i in range(len(matrix)):\n        for j in range(i + 1, len(matrix)):\n            if matrix[i][j] !\u003d matrix[j][i]:\n                return False\n    return True\n\n\nif __name__ \u003d\u003d \u0027__main__\u0027:\n    run_common_tests()\n    test_answer_placeholders()\n"
          },
          "description_text": "# Avant de commencer\n\n**IMPORTANT** : Dans ce TP, vous allez parfois devoir dessiner des graphes, ce qui ouvre une fenêtre supplémentaire avec le\ndessin du graphe demandé. Les fenêtres s\u0027ouvrent une à la fois et il faut donc les fermer une par une pour que le code \ncontinue de s\u0027éxécuter. Pendant les corrections automatiques, PyCharm exécute vos fichiers et il risque donc d\u0027ouvrir\nénormément de fenêtres que vous devrez fermer une par une. Pour éviter cela :\n- quand on vous demande de dessiner un graphe et que vous voulez voir le résultat, tapez votre ligne de code normalement\n et **EXÉCUTEZ** le fichier (en faisant Clic Droit/Run) pour voir votre dessin;\n- quand vous voulez utiliser la correction automatique, **COMMENTEZ** (c\u0027est-à-dire ajoutez un # au début de la ligne) \ntoutes les lignes qui font des dessins (la correction automatique vous comptera quand même juste).\n\n# Graphes\n\nLes graphes sont utilisés pour résoudre divers problèmes. Ce sont des modèles abstraits de dessins de réseaux reliant des\n objets et leurs applications sont nombreuses dans tous les domaines liés à la notion de réseau (réseau social, réseau informatique, télécommunications, etc.) et dans bien d\u0027autres domaines (par exemple génétique).\n\n\nUn graphe est un ensemble de points nommés nœuds (parfois sommets ou cellules) reliés par des traits (segments) ou flèches nommées arêtes (ou liens ou arcs).\n\nOn note $G \u003d (V,E)$ un graphe $G$ composé d\u0027un ensemble de noeuds $V$ et un ensemble d\u0027arêtes $E$.\n\n## Implémentation par matrice d\u0027adjacence\n### Rappel sur les listes\nVous avez vu lors du TP5 comment manipuler des listes. Pour accéder à l\u0027élément d\u0027indice $i$ d\u0027une liste $L$, on écrit `L[i]`.\n\nIci, nous allons manipuler des listes de listes. Par exemple, si `L \u003d [[1,2], [3,4]]`. Dans ce cas, `L[0] \u003d [1,2]`. \n\nOn peut donc accéder aux éléments de `L[0]` en faisant par exemple `L[0][1]` qui est égal à 2.\n\n### Matrice d\u0027adjacence\n\n* Une approche pour représenter un graphe est la matrice d\u0027adjacence. \nL\u0027idée ici est de construire une matrice de taille $n \\times n$ où $n$ est le nombre de noeuds. On numérote ensuie les noeuds de 0 à n-1, correspondant aux indices de la liste.\nLa matrice contient les valeurs 1 ou 0:\n    - la valeur 1 dans la case du tableau d\u0027indice i,j indique la présence d\u0027une arête entre les noeuds i et j;\n    - la valeur 0 indique l\u0027absence d\u0027arête.\n\n* La matrice d\u0027adjacence ci-dessous représente donc un graphe :\n\n```\nG\u003d[[0, 1, 1, 0, 0],\n   [1, 0, 1, 1, 0],\n   [1, 1, 0, 1, 1],\n   [0, 1, 1, 0, 0],\n   [0, 0, 1, 0, 0]]\n```\n\n\n`G[0][1] \u003d 1` donc les sommets 0 et 1 sont voisins.\n\nA l\u0027inverse, `G[0][3] \u003d 0` ce qui signifie que les sommets 0 et 3 ne sont pas voisins.\n\n## Terminologie\n\n* Noeud : généralement représenté par un point dans un graphe. On les numérote $0, 1, 2, ..., n-1$\n\n* Arête :  une connexion entre deux noeuds. La ligne connectant 0 et 1 est un exemple d\u0027arête.\n\n* Boucle : quand une arête a pour extrémités le même sommet. \n\n* Degré d\u0027un noeud :  le nombre d\u0027arêtes/arcs qui lui sont incidents. Le degré du noeud 2 est 4 : il a une arête vers 0, vers 1, vers 3 et vers 4.\n\n* Adjacence : connexion(s) entre un noeud et ses voisins. Le noeud 2 est adjacent au noeud 4 car il y a une arête qui lie les deux noeuds.\n\n\n\n## Exercice\n\nLa fonction `randint(a,b)` permet de générer des nombres entiers aléatoires entre `a` et `b`.\n\n1. Écrivez une fonction `random_row(n)` qui crée une liste de taille `n` contenant des `0` et des `1` de manière aléatoire.\n2. Essayez votre fonction pour créer une liste de `6` éléments.\n3. Écrivez une fonction `random_oriented_graph(n)` qui génère un graphe aléatoire contenant `n` sommets.\n4. Affichez un graphe orienté aléatoire de 4 sommets généré par votre fonction.\n\nDans le cas d\u0027un graphe non orienté, la matrice d\u0027adjacence est symétrique. En effet, une arête entre $i$ et $j$ est aussi une arête entre $j$ et $i$.\nOn donne la fonction `symetrize(M)` qui permet de modifier la matrice donnée pour la rendre symétrique en conservant sa partie triangulaire supérieure.\n\nOn considèrera de plus que nos graphes n\u0027ont pas de boucles, ce qui signifie que la diagonale de la matrice d\u0027adjacence doit ne contenir que des 0.\n\n5. Écrivez une fonction `random_graph(n)` qui génère un graphe non orienté contenant `n` sommets. Pour cela, générez un graphe\norienté quelconque avec votre fonction `random_oriented_graph`, mettez des 0 sur la diagonale puis rendez-là symétrique en utilisant la fonction `symetrize`.\n \n6. Affectez le résultat de votre fonction pour `6` sommets à une variable `G` et affichez la variable `G`.\n\n7. Écrivez une fonction `print_graph_matrix(g)` qui afficher la matrice du graphe sous la forme :\n```\n[0, 1, 1, 0, 0]\n[1, 0, 1, 1, 0]\n[1, 1, 0, 1, 1]\n[0, 1, 1, 0, 0]\n[0, 0, 1, 0, 0]\n```\nc\u0027est-à-dire qui affiche une ligne après l\u0027autre.\n8. Affichez votre graphe `G` avec la fonction `print_graph_matrix`.\n\nOn fournit la fonction `draw_graph(matrix)` qui prend en argument une matrice d\u0027adjacence et dessine le graphe non orienté associé. \n\n9. Dessinez votre graphe en utilisant la fonction `draw_graph`. (pensez à exécuter votre code pour voir le dessin puis à\n le commenter comme expliqué au début de l\u0027énoncé pour utiliser la correction automatique)\n10. Affichez l\u0027évaluation d\u0027une expression booléenne qui vérifie si le sommet 0 et le sommet 3 sont voisins.\n11. Affichez l\u0027évaluation d\u0027une expression booléenne qui vérifie si le sommet 2 et le sommet 4 sont voisins.",
          "description_format": "md",
          "additional_files": {},
          "update_date": "Jan 1, 1970 1:00:00 AM",
          "feedback_link": {
            "link_type": "STEPIK"
          },
          "task_type": "edu"
        },
        {
          "name": "Modification de graphes",
          "stepic_id": 0,
          "task_files": {
            "task.py": {
              "name": "task.py",
              "text": "# La ligne prochaine permet d\u0027ajouter une nouvelle fonction dont vous aurez besoin après. Ne la supprimez pas !\nfrom tp10_tools import draw_graph\n\nG \u003d [[0, 1, 1, 1, 0], [1, 0, 1, 0, 0, ], [1, 1, 0, 1, 1], [1, 0, 1, 0, 0], [0, 0, 1, 0, 0]]\n\n# Q1\n# dessin du graphe\n\n\n# Q2\n# fonction add_edge\n\n\n# Q3\n# appel add_edge\n\n# Q4\n# dessin du graphe\n\n\n# Q5\n# fonction delete_edge\n\n\n# Q6\n# appel delete_edge\n\n# Q7\n# dessin du graphe\n\n\n# Q8\n# fonction neighbours\n\n\n# Q9\n# appel neighbours\n\n\n# Q10\n# fonction add_node\n\n# Q11\n# appel add_node\n\n# Q12\n# dessin du graphe\n\n\n# Q13\n# fonction delete_node\n\n\n# Q14\n# appel delete_node\n\n# Q15\n# dessin du graphe\n",
              "placeholders": [
                {
                  "offset": 245,
                  "length": 18,
                  "hints": [],
                  "possible_answer": "# draw_graph(G)",
                  "placeholder_text": "# dessin du graphe"
                },
                {
                  "offset": 271,
                  "length": 19,
                  "hints": [],
                  "possible_answer": "def add_edge(G, v1, v2):\n    if G[v1][v2] \u003d\u003d 0:\n        G[v1][v2] \u003d 1\n        G[v2][v1] \u003d 1",
                  "placeholder_text": "# fonction add_edge"
                },
                {
                  "offset": 298,
                  "length": 16,
                  "hints": [],
                  "possible_answer": "add_edge(G, 3, 4)",
                  "placeholder_text": "# appel add_edge"
                },
                {
                  "offset": 321,
                  "length": 18,
                  "hints": [],
                  "possible_answer": "# draw_graph(G)",
                  "placeholder_text": "# dessin du graphe"
                },
                {
                  "offset": 347,
                  "length": 22,
                  "hints": [],
                  "possible_answer": "def delete_edge(G, v1, v2):\n    if G[v1][v2] \u003d\u003d 1:\n        G[v1][v2] \u003d 0\n        G[v2][v1] \u003d 0",
                  "placeholder_text": "# fonction delete_edge"
                },
                {
                  "offset": 377,
                  "length": 19,
                  "hints": [],
                  "possible_answer": "delete_edge(G, 3, 4)",
                  "placeholder_text": "# appel delete_edge"
                },
                {
                  "offset": 403,
                  "length": 18,
                  "hints": [],
                  "possible_answer": "# draw_graph(G)",
                  "placeholder_text": "# dessin du graphe"
                },
                {
                  "offset": 429,
                  "length": 21,
                  "hints": [],
                  "possible_answer": "def neighbours(G, node):\n    l \u003d []\n    for i in range(len(G)):\n        if G[node][i] \u003d\u003d 1:\n            l.append(i)\n    return l",
                  "placeholder_text": "# fonction neighbours"
                },
                {
                  "offset": 458,
                  "length": 18,
                  "hints": [],
                  "possible_answer": "print(neighbours(G, 2))",
                  "placeholder_text": "# appel neighbours"
                },
                {
                  "offset": 485,
                  "length": 19,
                  "hints": [],
                  "possible_answer": "def add_node(G, neighbours):\n    for i in range(len(G)):\n        G[i].append(neighbours[i])\n    neighbours.append(0)\n    G.append(neighbours)",
                  "placeholder_text": "# fonction add_node"
                },
                {
                  "offset": 512,
                  "length": 16,
                  "hints": [],
                  "possible_answer": "add_node(G, [0, 0, 1, 0, 0])",
                  "placeholder_text": "# appel add_node"
                },
                {
                  "offset": 536,
                  "length": 18,
                  "hints": [],
                  "possible_answer": "# draw_graph(G)",
                  "placeholder_text": "# dessin du graphe"
                },
                {
                  "offset": 563,
                  "length": 22,
                  "hints": [],
                  "possible_answer": "def delete_node(G, node):\n    if node \u003c len(G):\n        del (G[node])\n    for i in range(len(G)):\n        del (G[i][node])",
                  "placeholder_text": "# fonction delete_node"
                },
                {
                  "offset": 594,
                  "length": 19,
                  "hints": [],
                  "possible_answer": "delete_node(G, 5)",
                  "placeholder_text": "# appel delete_node"
                },
                {
                  "offset": 621,
                  "length": 18,
                  "hints": [],
                  "possible_answer": "# draw_graph(G)",
                  "placeholder_text": "# dessin du graphe"
                }
              ]
            }
          },
          "test_files": {
            "tests.py": "# coding\u003dutf-8\nfrom test_helper import run_common_tests, failed, passed, get_answer_placeholders, import_task_file\n\n\ndef test_answer_placeholders():\n    placeholders \u003d get_answer_placeholders()\n    test_draw_graph(placeholders[0], 1)\n    test_add_edge(placeholders[1])\n    if placeholders[2].replace(\" \", \"\") !\u003d \"add_edge(G,3,4)\" and placeholders[2].replace(\" \", \"\") !\u003d \"add_edge(G,4,3)\":\n        failed(\"Q3 : il faut appeler la fonction add_edge sur G pour les bonnes valeurs\")\n    test_draw_graph(placeholders[3], 4)\n    test_delete_edge(placeholders[4])\n    if placeholders[5].replace(\" \", \"\") !\u003d \"delete_edge(G,3,4)\" and placeholders[5].replace(\" \",\n                                                                                            \"\") !\u003d \"delete_edge(G,4,3)\":\n        failed(\"Q6 : il faut appeler la fonction delete_edge sur G pour les bonnes valeurs\")\n    test_draw_graph(placeholders[6], 7)\n    test_neighbours(placeholders[7])\n    if placeholders[8].replace(\" \", \"\") !\u003d \"print(neighbours(G,2))\":\n        failed(\"Q9 : il faut afficher les voisins de 2 dans G en utilisant la fonction neighbours\")\n    test_add_node(placeholders[9])\n    if placeholders[10].replace(\" \", \"\") !\u003d \"add_node(G,[0,0,1,0,0])\":\n        failed(\"Q11 : il faut afficher les voisins de 2 dans G en utilisant la fonction neighbours\")\n    test_draw_graph(placeholders[11], 12)\n    test_delete_node(placeholders[12])\n    if placeholders[13].replace(\" \", \"\") !\u003d \"delete_node(G,5)\":\n        failed(\"Q14 : il faut appeler la fonction delete_node sur les bons arguments\")\n    test_draw_graph(placeholders[14], 15)\n\n\ndef test_draw_graph(answer, question):\n    answer \u003d answer.replace(\" \", \"\")\n    if answer !\u003d \"draw_graph(G)\" and answer !\u003d \"#draw_graph(G)\":\n        failed(\"Q\" + str(question) + \" : Il faut appeler la fonction draw_graph pour dessiner le graphe G\")\n\n\ndef test_add_edge(answer):\n    answer \u003d answer.replace(\" \", \"\")\n    if answer.find(\"def\") \u003d\u003d -1:\n        failed(\"Q2 : Vous n\u0027avez pas défini de fonction\")\n    elif answer.find(\"defadd_edge\") \u003d\u003d -1:\n        failed(\"Q2 : Votre fonction doit s\u0027appeler add_edge\")\n    elif answer.find(\"defadd_edge(G,v1,v2)\"):\n        failed(\"Q2 : Votre fonction ne prend pas les bons arguments G, v1, v2\")\n    elif answer.find(\"G[v1][v2]\u003d1\") \u003d\u003d -1 or answer.find(\"G[v2][v1]\u003d1\") \u003d\u003d -1:\n        failed(\"Q2 : Il faut ajouter l\u0027arête\")\n\n\ndef test_delete_edge(answer):\n    answer \u003d answer.replace(\" \", \"\")\n    if answer.find(\"def\") \u003d\u003d -1:\n        failed(\"Q4 : Vous n\u0027avez pas défini de fonction\")\n    elif answer.find(\"defdelete_edge\") \u003d\u003d -1:\n        failed(\"Q4 : Votre fonction doit s\u0027appeler delete_edge\")\n    elif answer.find(\"defdelete_edge(G,v1,v2)\"):\n        failed(\"Q4 : Votre fonction ne prend pas les bons arguments G, v1, v2\")\n    elif answer.find(\"G[v1][v2]\u003d0\") \u003d\u003d -1 or answer.find(\"G[v2][v1]\u003d0\") \u003d\u003d -1:\n        failed(\"Q4 : Il faut supprimer l\u0027arête\")\n\n\ndef neighbours(G, node):\n    l \u003d []\n    for i in range(len(G)):\n        if G[node][i] \u003d\u003d 1:\n            l.append(i)\n    return l\n\n\ndef test_neighbours(answer):\n    file \u003d import_task_file()\n    answer \u003d answer.replace(\" \", \"\")\n    if answer.find(\"def\") \u003d\u003d -1:\n        failed(\"Q8 : Vous n\u0027avez pas défini de fonction\")\n    elif answer.find(\"defneighbours\") \u003d\u003d -1:\n        failed(\"Q8 : Votre fonction doit s\u0027appeler neighbours\")\n    elif answer.find(\"defneighbours(G,node)\"):\n        failed(\"Q8 : Votre fonction ne prend pas les bons arguments G et node\")\n    elif answer.find(\"for\") \u003d\u003d -1:\n        failed(\"Q8 : Il faut parcourir la matrice\")\n    else:\n        G \u003d [[0, 1, 1, 1, 0], [1, 0, 1, 0, 0], [1, 1, 0, 1, 1], [1, 0, 1, 0, 0], [0, 0, 1, 0, 0]]\n        if file.neighbours(G, 0) !\u003d [1, 2, 3] or file.neighbours(G, 1) !\u003d [0, 2] or file.neighbours(G, 2) !\u003d [0, 1, 3,\n                                                                                                              4] or file.neighbours(\n            G, 3) !\u003d [0, 2] or file.neighbours(G, 4) !\u003d [2]:\n            failed(\"Q8 : Votre fonction a renvoyé le mauvais résultat sur au moins un cas\")\n\n\ndef add_node(G, neighbours):\n    for i in range(len(G)):\n        G[i].append(neighbours[i])\n    neighbours.append(0)\n    G.append(neighbours)\n\n\ndef test_add_node(answer):\n    file \u003d import_task_file()\n    answer \u003d answer.replace(\" \", \"\")\n    G \u003d [[0, 1, 1, 1, 0], [1, 0, 1, 0, 0], [1, 1, 0, 1, 1], [1, 0, 1, 0, 0], [0, 0, 1, 0, 0]]\n    G_begin \u003d [[0, 1, 1, 1, 0], [1, 0, 1, 0, 0], [1, 1, 0, 1, 1], [1, 0, 1, 0, 0], [0, 0, 1, 0, 0]]\n    if answer.find(\"return\") \u003d\u003d 1:\n        failed(\"Q10 : Votre fonction ne doit rien renvoyer\")\n    elif answer.find(\"def\") \u003d\u003d -1:\n        failed((\"Q10 : Vous devez définir une fonction\"))\n    elif answer.find(\"defadd_node\") \u003d\u003d -1:\n        failed((\"Q10 : Votre fonction doit s\u0027appeler add_node\"))\n    elif answer.find(\"add_node(G,neighbours)\") \u003d\u003d -1:\n        failed((\"Q10 : Votre fonction ne prend pas les bons arguments\"))\n    else:\n        file.add_node(G, [0, 0, 0, 0, 0])\n        if G \u003d\u003d G_begin:\n            failed(\"Q10 : Votre fonction ne modifie pas le graphe donné en entrée\")\n        elif len(G) !\u003d 6:\n            failed(\"Q10 : Votre fonction n\u0027a pas ajouté de ligne à G\")\n        elif G[5] !\u003d [0, 0, 0, 0, 0, 0]:\n            failed(\"Q10 : Votre fonction n\u0027a pas ajouté la bonne ligne à G\")\n        elif [len(G[i]) for i in range(len(G))] !\u003d [6 for i in range(len(G))]:\n            failed(\"Q10 : Votre fonction n\u0027a pas ajouté de colonne à G\")\n        elif [G[i][len(G) - 1] for i in range(len(G))] !\u003d [0 for i in range(len(G))]:\n            failed(\"Q10 : Votre fonction n\u0027a pas ajouté la bonne colonne à G\")\n        G \u003d [[0, 1, 1, 1, 0], [1, 0, 1, 0, 0], [1, 1, 0, 1, 1], [1, 0, 1, 0, 0], [0, 0, 1, 0, 0]]\n        file.add_node(G, [1, 0, 0, 0, 0])\n        G_added \u003d [[0, 1, 1, 1, 0, 1], [1, 0, 1, 0, 0, 0], [1, 1, 0, 1, 1, 0], [1, 0, 1, 0, 0, 0], [0, 0, 1, 0, 0, 0],\n                   [1, 0, 0, 0, 0, 0]]\n        if G !\u003d G_added:\n            failed(\"Q10 : Votre fonction n\u0027a pas renvoyé le bon résultat au moins sur un cas.\")\n\n\ndef test_delete_node(answer):\n    file \u003d import_task_file()\n    answer \u003d answer.replace(\" \", \"\")\n    G \u003d [[0, 1, 1, 1, 0], [1, 0, 1, 0, 0], [1, 1, 0, 1, 1], [1, 0, 1, 0, 0], [0, 0, 1, 0, 0]]\n    G_begin \u003d [[0, 1, 1, 1, 0], [1, 0, 1, 0, 0], [1, 1, 0, 1, 1], [1, 0, 1, 0, 0], [0, 0, 1, 0, 0]]\n    if answer.find(\"return\") \u003d\u003d 1:\n        failed(\"Q13 : Votre fonction ne doit rien renvoyer\")\n    elif answer.find(\"def\") \u003d\u003d -1:\n        failed((\"Q13 : Vous devez définir une fonction\"))\n    elif answer.find(\"defdelete_node\") \u003d\u003d -1:\n        failed((\"Q13 : Votre fonction doit s\u0027appeler delete_node\"))\n    elif answer.find(\"delete_node(G,node)\") \u003d\u003d -1:\n        failed((\"Q13 : Votre fonction ne prend pas les bons arguments\"))\n    else:\n        file.delete_node(G, 4)\n        if G \u003d\u003d G_begin:\n            failed(\"Q13 : Votre fonction ne modifie pas le graphe donné en entrée\")\n        elif len(G) !\u003d 4:\n            failed(\"Q13 : Votre fonction n\u0027a pas supprimé de ligne de G\")\n        elif [len(G[i]) for i in range(len(G))] !\u003d [4 for i in range(len(G))]:\n            failed(\"Q13 : Votre fonction n\u0027a pas supprimé de colonne de G\")\n        G \u003d [[0, 1, 1, 1, 0], [1, 0, 1, 0, 0], [1, 1, 0, 1, 1], [1, 0, 1, 0, 0], [0, 0, 1, 0, 0]]\n        file.add_node(G, 3)\n        G_added \u003d [[0, 1, 1, 0], [1, 0, 1, 0], [1, 1, 0, 1], [0, 0, 1, 0]]\n        if G !\u003d G_added:\n            failed(\"Q13 : Votre fonction n\u0027a pas renvoyé le bon résultat au moins sur un cas.\")\n\n\nif __name__ \u003d\u003d \u0027__main__\u0027:\n    run_common_tests()\n    test_answer_placeholders()\n"
          },
          "description_text": "# Modification de graphe\n## Ajout d\u0027arête\n\nOn donne le graphe G \u003d [[0,1,1,1,0], [1,0,1,0,0,], [1,1,0,1,1], [1,0,1,0,0],[0,0,1,0,0]]\n\n\n1. Représentez graphiquement `G` avec la fonction donnée `draw_graph`.\n2. Écrivez une fonction `add_edge(G,i,j)` qui permet d\u0027ajouter l\u0027arête (i,j) à un graphe G donné. \n3. Ajoutez l\u0027arête (3,4) au graphe `G`.\n4. Représentez graphiquement le graphe après modification et vérifiez que l\u0027arête a bien été ajoutée.\n\n## Suppression d\u0027arête\n\n5. Écrivez une fonction `delete_edge(G,v1,v2)` qui permet de supprimer l\u0027arête (v1,v2) d\u0027un graphe G donné.\n6. Supprimez l\u0027arête (3,4) du graphe `G`.\n7. Représentez graphiquement le graphe après modification et vérifiez que l\u0027arête a bien été supprimée.\n\n## Recherche des voisin\n8. Écrivez une fonction `neighbours(G, node)` qui renvoie la liste des voisins du noeud `node` dans un graphe `G`.\n9. Affichez les voisins du noeud 2 dans G.\n\n\n## Ajout d\u0027un noeud\n\n10. Écrivez une fonction `add_node(G, neighbours)` qui prend en argument un graphe et la liste d\u0027adjacence du noeud que \nl\u0027on veut créer et qui ajoute au graphe G un noeud ayant les voisins demandés. Par exemple, si on veut ajouter un noeud \navec pour voisins 1,3 et 4, la liste neighbours vaudra [0,1,0,1,1].\n11. Ajoutez un noeud à votre graphe avec comme seul voisin le noeud 2. \n12. Représentez graphiquement le graphe après modification.\n\n## Suppression d\u0027un noeud\n13. Écrivez une fonction `delete_node(G, node)` qui prend en argument un graphe et le nom d\u0027un noeud et qui supprime le noeud donné du graphe G. \nOn rappelle qu\u0027on peut utiliser del G[i] pour supprimer l\u0027élément d\u0027indice i de G.\n14. Supprimez le noeud 5 de votre graphe. \n15. Représentez graphiquement le graphe après modification.",
          "description_format": "md",
          "additional_files": {},
          "update_date": "Jan 1, 1970 1:00:00 AM",
          "feedback_link": {
            "link_type": "STEPIK"
          },
          "task_type": "edu"
        },
        {
          "name": "Cycles eulériens",
          "stepic_id": 0,
          "task_files": {
            "task.py": {
              "name": "task.py",
              "text": "G \u003d [[0,1,1,1,0], [1,0,1,0,0,], [1,1,0,1,1], [1,0,1,0,0],[0,0,1,0,0]]\n\n\n# Q1\n# fonction node_degree\n\n\n# Q2\n# appel node_degree\n\n\n# Q3\n# fonction eulerian_cycle\n\n\n# Q4\n# appel\n\n\n# Q5\n# autre appel",
              "placeholders": [
                {
                  "offset": 77,
                  "length": 22,
                  "hints": [],
                  "possible_answer": "def node_degree(G, node):\n    cpt \u003d 0\n    for edge in G[node]:\n        if edge\u003d\u003d1:\n            cpt \u003d cpt + 1\n    return cpt",
                  "placeholder_text": "# fonction node_degree"
                },
                {
                  "offset": 107,
                  "length": 19,
                  "hints": [],
                  "possible_answer": "print(node_degree(G,2))",
                  "placeholder_text": "# appel node_degree"
                },
                {
                  "offset": 134,
                  "length": 25,
                  "hints": [],
                  "possible_answer": "def eulerian_cycle(G):\n    for node in range(len(G)):\n        if node_degree(G, node) % 2 \u003d\u003d 1:\n            return False\n    return True",
                  "placeholder_text": "# fonction eulerian_cycle"
                },
                {
                  "offset": 167,
                  "length": 7,
                  "hints": [],
                  "possible_answer": "print(eulerian_cycle([[0,1,1,1], [1,0,1,1], [1,1,0,1], [1,1,1,0]]))",
                  "placeholder_text": "# appel"
                },
                {
                  "offset": 182,
                  "length": 13,
                  "hints": [],
                  "possible_answer": "print(eulerian_cycle([[0,1,1,1,1], [1,0,1,1,1], [1,1,0,1,1], [1,1,1,0,1],[1,1,1,1,0]]))",
                  "placeholder_text": "# autre appel"
                }
              ]
            }
          },
          "test_files": {
            "tests.py": "from test_helper import run_common_tests, failed, passed, get_answer_placeholders, import_task_file\n\n\ndef test_answer_placeholders():\n    placeholders \u003d get_answer_placeholders()\n    test_node_degree(placeholders[0])\n    if placeholders[1].replace(\" \",\"\") !\u003d \"print(node_degree(G,2))\":\n        failed(\"Q2 : Il faut afficher le résultat de node_degree sur G et 2\")\n    test_eulerian_cycle(placeholders[2])\n    if placeholders[3].replace(\" \",\"\") !\u003d \"print(eulerian_cycle([[0,1,1,1],[1,0,1,1],[1,1,0,1],[1,1,1,0]]))\":\n        failed(\"Q4\")\n    if placeholders[4].replace(\" \",\"\") !\u003d \"print(eulerian_cycle([[0,1,1,1,1],[1,0,1,1,1],[1,1,0,1,1],[1,1,1,0,1],[1,1,1,1,0]]))\":\n        failed(\"Q5\")\n\n\ndef test_node_degree(answer):\n    file \u003d import_task_file()\n    answer \u003d answer.replace(\" \", \"\")\n    if answer.find(\"def\") \u003d\u003d -1:\n        failed(\"Q1 : Vous n\u0027avez pas défini de fonction\")\n    elif answer.find(\"defnode_degree\") \u003d\u003d -1:\n        failed(\"Q1 : Votre fonction doit s\u0027appeler node_degree\")\n    elif answer.find(\"defnode_degree(G,node)\"):\n        failed(\"Q1 : Votre fonction ne prend pas les bons arguments G et node\")\n    elif answer.find(\"for\") \u003d\u003d -1:\n        failed(\"Q1 : Il faut parcourir la matrice\")\n    else:\n        G \u003d [[0, 1, 1, 1, 0], [1, 0, 1, 0, 0], [1, 1, 0, 1, 1], [1, 0, 1, 0, 0], [0, 0, 1, 0, 0]]\n        student_answer3 \u003d file.node_degree(G,3)\n        student_answer1 \u003d file.node_degree(G,1)\n        student_answer4 \u003d file.node_degree(G,4)\n        if student_answer1 !\u003d 2 or student_answer3 !\u003d 2 or student_answer4 !\u003d 1:\n            failed(\"Q1 : Votre fonction a renvoyé le mauvais résultat sur au moins un cas\")\n\n\ndef test_eulerian_cycle(answer):\n    file \u003d import_task_file()\n    answer \u003d answer.replace(\" \", \"\")\n    if answer.find(\"def\") \u003d\u003d -1:\n        failed(\"Q3 : Vous n\u0027avez pas défini de fonction\")\n    elif answer.find(\"defeulerian_cycle\") \u003d\u003d -1:\n        failed(\"Q3 : Votre fonction doit s\u0027appeler eulerian_cycle\")\n    elif answer.find(\"defeulerian_cycle(G)\"):\n        failed(\"Q3 : Votre fonction ne prend pas le bon argument G\")\n    elif answer.find(\"for\") \u003d\u003d -1:\n        failed(\"Q3 : Il faut parcourir la matrice\")\n    elif answer.find(\"node_degree\") \u003d\u003d -1:\n        failed(\"Q3 : Il faut utiliser la fonction node_degree\")\n    elif answer.find(\"%2\") \u003d\u003d -1:\n        failed(\"Q3 : Il faut tester la parité des degrés\")\n    else:\n        G \u003d [[0, 1, 1, 1, 0], [1, 0, 1, 0, 0], [1, 1, 0, 1, 1], [1, 0, 1, 0, 0], [0, 0, 1, 0, 0]]\n        student_answerG \u003d file.eulerian_cycle(G)\n        G1 \u003d [[0, 1, 1, 0, 0], [1, 0, 1, 0, 0], [1, 1, 0, 1, 1], [1, 0, 1, 0, 0], [0, 0, 1, 1, 0]]\n        student_answerG1 \u003d file.eulerian_cycle(G1)\n        if student_answerG:\n            failed(\"Q3 : Votre fonction a renvoyé le mauvais résultat sur au moins un cas\")\n        if not student_answerG1:\n            failed(\"Q3 : Votre fonction a renvoyé le mauvais résultat sur au moins un cas\")\n\n\nif __name__ \u003d\u003d \u0027__main__\u0027:\n    run_common_tests()\n    test_answer_placeholders()\n\n\n"
          },
          "description_text": "# Graphe eulérien\n\nOn donne le graphe G \u003d [[0,1,1,1,0], [1,0,1,0,0,], [1,1,0,1,1], [1,0,1,0,0],[0,0,1,0,0]].\n\nOn définit le degré d\u0027un noeud $v$ du graphe $G$ par le nombre d\u0027arêtes ayant $v$ comme extrémité.\n\n## Degré d\u0027un noeud\n1. Écrivez une fonction `node_degree(G, node)` qui renvoie le degré du noeud `node` dans le graphe G.\n2. Affichez le degré du noeud 2 du graphe G.\n\n## Existence d\u0027un cycle eulérien\nVous avez vu en Introduction à l\u0027informatique qu\u0027un graphe non orienté connexe admet un cycle qui traverse chaque arête exactement une fois\n(un cycle eulérien) si et seulement si chaque sommet est de degré pair.\n\n3. Écrivez une fonction `eulerian_cycle(G)` qui renvoie `True` si le graphe `G` contient un cycle eulérien et `False` sinon.\n4. On donne G \u003d [[0,1,1,1], [1,0,1,1], [1,1,0,1], [1,1,1,0]] . Affichez si G contient un cycle eulérien ou non.\n4. On donne G \u003d [[0,1,1,1,1], [1,0,1,1,1], [1,1,0,1,1], [1,1,1,0,1],[1,1,1,1,0]]. Affichez si G contient un cycle eulérien ou non.\n",
          "description_format": "md",
          "additional_files": {},
          "update_date": "Jan 1, 1970 1:00:00 AM",
          "feedback_link": {
            "link_type": "STEPIK"
          },
          "task_type": "edu"
        }
      ],
      "type": "lesson"
    },
    {
      "id": 0,
      "update_date": "Jan 1, 1970 1:00:00 AM",
      "title": "Edu additional materials",
      "task_list": [
        {
          "name": "Edu additional materials",
          "stepic_id": 0,
          "task_files": {},
          "test_files": {},
          "description_format": "md",
          "additional_files": {
            "tp10_tools.py": "from matplotlib import pyplot\nimport numpy\nimport networkx\n\n\ndef draw_graph(adjacency_matrix):\n    adjacency_numpy \u003d numpy.matrix(adjacency_matrix)\n    graph \u003d networkx.from_numpy_matrix(adjacency_numpy)\n    networkx.draw(graph)\n    pyplot.show()\n    pyplot.close()\n\n\ndef symetrize(M):\n    for row in range(1, len(M)):\n        for column in range(row):\n            M[row][column] \u003d M[column][row]\n    return M\n",
            "test_helper.py": "import sys\n\n\ndef get_file_text(path):\n    \"\"\" Returns file text by path\"\"\"\n    file_io \u003d open(path, \"r\")\n    text \u003d file_io.read()\n    file_io.close()\n    return text\n\n\ndef get_file_output(encoding\u003d\"utf-8\", path\u003dsys.argv[-1], arg_string\u003d\"\"):\n    \"\"\"\n    Returns answer file output\n    :param encoding: to decode output in python3\n    :param path: path of file to execute\n    :return: list of strings\n    \"\"\"\n    import subprocess\n\n    proc \u003d subprocess.Popen([sys.executable, path], stdin\u003dsubprocess.PIPE, stdout\u003dsubprocess.PIPE,\n                            stderr\u003dsubprocess.STDOUT)\n    if arg_string:\n        for arg in arg_string.split(\"\\n\"):\n            proc.stdin.write(bytearray(str(arg) + \"\\n\", encoding))\n            proc.stdin.flush()\n\n    return list(map(lambda x: str(x.decode(encoding)), proc.communicate()[0].splitlines()))\n\n\ndef test_file_importable():\n    \"\"\" Tests there is no obvious syntax errors\"\"\"\n    path \u003d sys.argv[-1]\n    if not path.endswith(\".py\"):\n        import os\n\n        parent \u003d os.path.abspath(os.path.join(path, os.pardir))\n        python_files \u003d [f for f in os.listdir(parent) if os.path.isfile(os.path.join(parent, f)) and f.endswith(\".py\")]\n        for python_file in python_files:\n            if python_file \u003d\u003d \"tests.py\":\n                continue\n            check_importable_path(os.path.join(parent, python_file))\n        return\n    check_importable_path(path)\n\n\ndef check_importable_path(path):\n    \"\"\" Checks that file is importable.\n        Reports failure otherwise.\n    \"\"\"\n    saved_input \u003d patch_input()\n    try:\n        import_file(path)\n    except:\n        failed(\"The file contains syntax errors\", test_file_importable.__name__)\n        return\n    finally:\n        revert_input(saved_input)\n\n    passed(test_file_importable.__name__)\n\n\ndef patch_input():\n    def mock_fun(_m\u003d\"\"):\n        return \"mock\"\n\n    if sys.version_info[0] \u003d\u003d 3:\n        import builtins\n        save_input \u003d builtins.input\n        builtins.input \u003d mock_fun\n        return save_input\n    elif sys.version_info[0] \u003d\u003d 2:\n        import __builtin__\n        save_input \u003d __builtin__.raw_input\n        __builtin__.raw_input \u003d mock_fun\n        __builtin__.input \u003d mock_fun\n        return save_input\n\n\ndef revert_input(saved_input):\n    if sys.version_info[0] \u003d\u003d 3:\n        import builtins\n        builtins.input \u003d saved_input\n    elif sys.version_info[0] \u003d\u003d 2:\n        import __builtin__\n        __builtin__.raw_input \u003d saved_input\n        __builtin__.input \u003d saved_input\n\n\ndef import_file(path):\n    \"\"\" Returns imported file \"\"\"\n    if sys.version_info[0] \u003d\u003d 2 or sys.version_info[1] \u003c 3:\n        import imp\n\n        return imp.load_source(\"tmp\", path)\n    elif sys.version_info[0] \u003d\u003d 3:\n        import importlib.machinery\n\n        return importlib.machinery.SourceFileLoader(\"tmp\", path).load_module(\"tmp\")\n\n\ndef import_task_file():\n    \"\"\" Returns imported file.\n        Imports file from which check action was run\n    \"\"\"\n    path \u003d sys.argv[-1]\n    return import_file(path)\n\n\ndef test_is_not_empty():\n    \"\"\"\n        Checks that file is not empty\n    \"\"\"\n    path \u003d sys.argv[-1]\n    file_text \u003d get_file_text(path)\n\n    if len(file_text) \u003e 0:\n        passed()\n    else:\n        failed(\"The file is empty. Please, reload the task and try again.\")\n\n\ndef test_text_equals(text, error_text):\n    \"\"\"\n        Checks that answer equals text.\n    \"\"\"\n    path \u003d sys.argv[-1]\n    file_text \u003d get_file_text(path)\n\n    if file_text.strip() \u003d\u003d text:\n        passed()\n    else:\n        failed(error_text)\n\n\ndef test_answer_placeholders_text_deleted(error_text\u003d\"Don\u0027t just delete task text\"):\n    \"\"\"\n        Checks that all answer placeholders are not empty\n    \"\"\"\n    windows \u003d get_answer_placeholders()\n\n    for window in windows:\n        if len(window) \u003d\u003d 0:\n            failed(error_text)\n            return\n    passed()\n\n\ndef set_congratulation_message(message):\n    \"\"\" Overrides default \u0027Congratulations!\u0027 message \"\"\"\n    print(\"#educational_plugin CONGRATS_MESSAGE \" + message)\n\n\ndef failed(message\u003d\"Please, reload the task and try again.\", name\u003dNone):\n    \"\"\" Reports failure \"\"\"\n    if not name:\n        name \u003d sys._getframe().f_back.f_code.co_name\n    print(\"#educational_plugin \" + name + \" FAILED + \" + message)\n\n\ndef passed(name\u003dNone):\n    \"\"\" Reports success \"\"\"\n    if not name:\n        name \u003d sys._getframe().f_back.f_code.co_name\n    print(\"#educational_plugin \" + name + \" test OK\")\n\n\ndef get_answer_placeholders():\n    \"\"\"\n        Returns all answer placeholders text\n    \"\"\"\n    prefix \u003d \"#educational_plugin_window \u003d \"\n    path \u003d sys.argv[-1]\n    import os\n\n    file_name_without_extension \u003d os.path.splitext(path)[0]\n    windows_path \u003d file_name_without_extension + \"_windows\"\n    windows \u003d []\n    f \u003d open(windows_path, \"r\")\n    window_text \u003d \"\"\n    first \u003d True\n    for line in f.readlines():\n        if line.startswith(prefix):\n            if not first:\n                windows.append(window_text.strip())\n            else:\n                first \u003d False\n            window_text \u003d line[len(prefix):]\n        else:\n            window_text +\u003d line\n\n    if window_text:\n        windows.append(window_text.strip())\n\n    f.close()\n    return windows\n\n\ndef check_samples(samples\u003d()):\n    \"\"\"\n      Check script output for all samples. Sample is a two element list, where the first is input and\n      the second is output.\n    \"\"\"\n    for sample in samples:\n        if len(sample) \u003d\u003d 2:\n            output \u003d get_file_output(arg_string\u003dstr(sample[0]))\n            if \"\\n\".join(output) !\u003d sample[1]:\n                failed(\n                    \"Test from samples failed: \\n \\n\"\n                    \"Input:\\n{}\"\n                    \"\\n \\n\"\n                    \"Expected:\\n{}\"\n                    \"\\n \\n\"\n                    \"Your result:\\n{}\".format(str.strip(sample[0]), str.strip(sample[1]), \"\\n\".join(output)))\n                return\n        set_congratulation_message(\"All test from samples passed. Now we are checking your solution on Stepik server.\")\n\n    passed()\n\n\ndef run_common_tests(error_text\u003d\"Please, reload file and try again\"):\n    test_is_not_empty()\n    test_answer_placeholders_text_deleted()\n    test_file_importable()\n"
          },
          "update_date": "Jan 1, 1970 1:00:00 AM",
          "feedback_link": {
            "link_type": "STEPIK"
          },
          "task_type": "edu"
        }
      ],
      "type": "lesson"
    }
  ]
}