{
  "summary": "TP1",
  "title": "TP1",
  "programming_language": "Python 3.x",
  "language": "en",
  "items": [
    {
      "id": 0,
      "title": "Part1 --- Expressions",
      "task_list": [
        {
          "name": "Ex1 --- Interpreter \u0026 arithmetics",
          "stepic_id": 0,
          "task_files": {
            "task.py": {
              "name": "task.py",
              "text": "# TODO : Utiliser le shell et la console, en cliquant en bas à gauche, pour cet exercice.",
              "placeholders": []
            }
          },
          "test_files": {
            "tests.py": "from test_helper import run_common_tests, failed, passed, get_answer_placeholders\n\n\ndef test_answer_placeholders():\n    placeholders \u003d get_answer_placeholders()\n    placeholder \u003d placeholders[0]\n    if placeholder \u003d\u003d \"\":       # TODO: your condition here\n        passed()\n    else:\n        failed()\n\n\nif __name__ \u003d\u003d \u0027__main__\u0027:\n    run_common_tests()\n    # test_answer_placeholders()       # TODO: uncomment test call\n\n\n"
          },
          "description_text": "\n#TP1\n\n##Partie 1 --- Expressions\n\n###Ex.1 --- Interpréteur et arithmétique\n\nDans ce cours vous apprendrez le langage Python : un langage moderne, facile d\u0027accès et très utilisé.\nVous travaillerez dans pycharm : une IDE (*Integrated Development Environment*) pour Python, \nc\u0027est-à-dire un éditeur spécialisé dans la rédaction de programmes python, leur exécution, débogage, etc.\n\n \n**Question 1** : Parcourir rapidement \nMettre la [Documentation Python 3](https://docs.python.org/fr/3/) dans vos signets. \nFaire le [Quick tour](https://www.jetbrains.com/pycharm/documentation/). \n\n*Note : si vous ne comprenez pas l\u0027anglais... il faut s\u0027y mettre, il est omniprésent dans le monde de la programmation, de l\u0027ingénierie et des Sciences en général.*\n\n\nPython est un langage interprété : pas besoin, donc, d\u0027écrire le programme complet et de le compiler pour pouvoir enfin l\u0027exécuter; on peut écrire et faire exécuter du python ligne par ligne. \n\n**Question 2** : Ouvrir la console python en bas à gauche de pycharm. Ecrire\n```\n\u003e\u003e\u003e 2+2\n```\npuis entrée.\n\n*Noter que `2+2` fait partie du langage python. En appuyant sur entrée vous transmettez ce fragment de code python à l\u0027interpréteur, qui l\u0027évalue et renvoie `4`.*\n\nIl existe probablement plusieurs versions de python sur votre machine, il faut s\u0027assurez que vous utilisez la bonne. \n\n**Question 3** : Lorsque vous avez ouvert la console, à la question précédente, la première chaîne de caractère qui s\u0027est affiché indiquait le chemin d\u0027accès de l\u0027interpréteur python que vous utilisez. Assurez vous qu\u0027il s\u0027agisse bien du Python 3 fourni par Anaconda3. Sinon revoir a fin de *AMETICE \u003e L1MEO \u003e Pour lancer vos TPs* pour arranger ça, et relancer la console. \n\n**Question 4**\nExécuter dans la console :\n```buildoutcfg\n\u003e\u003e\u003e 7+3*5\n\u003e\u003e\u003e (7+3)*5\n\u003e\u003e\u003e 20/7\n\u003e\u003e\u003e 20//7\n\u003e\u003e\u003e 20 % 7\n\u003e\u003e\u003e 2,5/5\n\u003e\u003e\u003e 2.5/5\n```\n*Noter les priorités entre opérateurs: `*` a précédence sur `+`.*\n\n*Noter que `/` est la division, `//` est la division entière, et `%` est le reste de la division entière.*\n\n*Noter que le séparateur décimal est le point, et non pas la virgule, car celle-ci est déjà utilisée pour séparer les éléments d\u0027une liste.*",
          "description_format": "md",
          "additional_files": {},
          "task_type": "edu"
        },
        {
          "name": "Ex2 --- Variables \u0026 types",
          "stepic_id": 0,
          "task_files": {
            "task.py": {
              "name": "task.py",
              "text": "# Cet exercice se fait dans la console python.\n\n",
              "placeholders": []
            }
          },
          "test_files": {
            "tests.py": "from test_helper import run_common_tests, failed, passed, import_task_file, get_answer_placeholders\n\n\ndef test_var_used():\n    window \u003d get_answer_placeholders()[0]\n    if \"a\" in window and \"b\" in window:\n        passed()\n    else:\n        failed(\"Veuillez affecter les variables a et b par leurs valeurs\")\n\n\ndef test_somme():\n    file \u003d import_task_file()\n    if file.resultat \u003d\u003d 29.492:\n        passed()\n    else:\n        failed(\"Resultat errone!\")\n\n\ndef test_convert_value():\n    file \u003d import_task_file()\n\n    if file.telephone_euro \u003d\u003d file.telephone_usd*0.86:\n        passed()\n    else:\n        failed(\"Resultat errone!\")\n\n\nif __name__ \u003d\u003d \u0027__main__\u0027:\n    run_common_tests()\n    test_var_used()\n    test_somme()\n    test_convert_value()\n\n\n\n\n\n"
          },
          "description_text": "\n###Ex. 2 --- Variables and types\n\n####Variables\n\nEn python les variables sont comme des étiquettes que l\u0027on pose sur les objets, pour leur donner un nom. \n \nUn nom de variable est :\n* une séquence de lettres (a → z , A → Z) et de chiffres (0 → 9), qui commence par une lettre. \n* Les lettres accentuées, les cédilles, les espaces, les\ncaractères spéciaux etc. sont interdits, à l’exception \nde l\u0027underscore _.\n* Les lettres majuscules et minuscules sont distingués: `Joseph`, `joseph`, `JOSEPH` sont donc des variables différentes.\n* Choisissez des noms de variables clairs, significatifs. \n\nL\u0027instruction python\n```\ncode\u003d4287\n```\npose l\u0027étiquette `code` sur l\u0027objet `4287`. Désormais, `code` se verra affectée la valeur `4287`. Cette instruction est une *affectation*. On décide que `code` vaut `4287`, c\u0027est une affirmation, pas une question. \n\nA l\u0027inverse, l\u0027instruction python\n```\ncode\u003d\u003d4287\n```\ninterroge l\u0027interpréteur sur le fait que `code` vaille `4287`, ou pas. La réponse peut être `True` (vrai) ou `False` (faux). Cette instruction de modifie pas la valeur de `¢ode`. C\u0027est une question, pas une affirmation. \n\n\n**Question 1** : Affecter les valeurs `7.692` et `21.8` aux variables `a` et `b`.\nCalculer leur somme dans une variable nommée `resultat` et affichez le contenu de cette dernière.\n\n**Question 2** : On cherche à calculer la valeur d\u0027un téléphone valant 999 USD en euros. Affecter cette valeur à une variable `telephone_usd`. En supposant que 1 USD \u003d 0.9 EUR, calculer la conversion dans une variable nommée `telephone_eur`. En utilisant les flèches haut-bas, changer la valeur de `telephone_usd` à 888 USD et recalculer `telephone_eur`.\n\n\n####Types\n\nCombien valent 3 chaussettes plus 4 caleçons? \n\nLa question est déconcertante, peut-être est-elle mal posée, il est parfois difficile de mélanger ainsi des objets de différents types. \n\nEn python, les objets ont des types :\n* **int** : désigne un entier\n* **float** : désigne un nombre décimal\n* **str** : désigne une chaîne de caractères\nOn peut consulter le type d\u0027un objet à l\u0027aide de la fonction `type(.)`.\n\n**Question 3** Exécuter, dans la console:\n```\n\u003e\u003e\u003e type(2)\n\u003e\u003e\u003e a\u003d2\n\u003e\u003e\u003e type(a)\n\u003e\u003e\u003e type(10 // 3)\n\u003e\u003e\u003e type(10 / 3)\n\u003e\u003e\u003e type(2.5)\n\u003e\u003e\u003e a\u003d2.5\n\u003e\u003e\u003e type(a)\n\u003e\u003e\u003e type(2 + 2.5)\n\u003e\u003e\u003e type(3 * 1.0)\n\u003e\u003e\u003e type(3.14 * 1)\n\u003e\u003e\u003e type(\"Bonjour\")\n\u003e\u003e\u003e type(\"\"\"Aurevoir\"\"\")\n\u003e\u003e\u003e type(\u0027!!!\u0027)\n\u003e\u003e\u003e type(\"2\")\n\u003e\u003e\u003e a\u003d\"2\"\n\u003e\u003e\u003e type(a)\n``` \n*Noter que les variables ne sont pas d\u0027un type figé en python, car ce sont simplement des étiquettes que l\u0027on pose sur des objets, qui eux ont un type figé.*\n\n*Noter que les trois types de guillemets qui permettent de former des chaînes de caractère en python.*\n\n*Noter que python accepte de faire des opérations mélangeant `int` et `float`, et que cela donne un objet de type `float`. Cela a du sens.*\n \nPar contre, additionner des nombres à des chaînes de caractère n\u0027a pas de sens, et python ne vous signale alors une erreur. \n\n**Question 4** Exécuter, dans la console:\n```\n\u003e\u003e\u003e 2+\"hello\" #Erreur de type\n\u003e\u003e\u003e 2+\"2\" #Erreur de type     \n\u003e\u003e\u003e nombre\u003d2\n\u003e\u003e\u003e mot\u003d\"hello\"\n\u003e\u003e\u003e nombre+mot #Erreur de type\n\u003e\u003e\u003e nombre+nombre\n\u003e\u003e\u003e mot+mot\n```\n\n*Remarquer que `+` est, tantôt une opération sur les nombres, tantôt une opération sur les chaînes de caractères, mais n\u0027accepte pas de mélange des deux.*\n\n*Remarquer en effet que `2` n\u0027a rien à voir avec `\"2\"` car l\u0027un est un entier, tandis que l\u0027autre est une chaîne de caractères.*\n\nToutefois, l\u0027un peut être converti en l\u0027autre si on le souhaite vraiment:\n\n**Question 5** Exécuter, dans la console:\n```\n\u003e\u003e\u003e 2+int(\"2\")\n\u003e\u003e\u003e str(2)+\"2\"\n```\n\n\n**Question 5** Exécuter, dans la console:\n```\n\u003e\u003e\u003e x\u003d2\n\u003e\u003e\u003e x+x\n\u003e\u003e\u003e x\u003d\"hello\"\n\u003e\u003e\u003e x+x\n```\n\n*Remarquer que python ne peut pas savoir, en voyant juste la ligne `x+x`, si l\u0027on est en train de lui demander de faire le `+` sur les entiers ou bien le `+` sur les chaînes de caractères. Il a besoin pour ça de connaître le type de `x`, mais celui-ci peut varier au cours du programme. Le comportement de `x+x` peut donc varier aussi au cours du programme; le terme technique pour désigner ceci est le \"typage dynamique\".*\n",
          "description_format": "md",
          "additional_files": {},
          "task_type": "edu"
        },
        {
          "name": "Ex3 --- Manipulations \u0026 prints",
          "stepic_id": 0,
          "task_files": {
            "task.py": {
              "name": "task.py",
              "text": "# Cet exercice se fait dans la console python.\n",
              "placeholders": []
            }
          },
          "test_files": {
            "tests.py": "from test_helper import run_common_tests, failed, passed, get_answer_placeholders\n\n\ndef test_answer_placeholders():\n    placeholders \u003d get_answer_placeholders()\n    placeholder \u003d placeholders[0]\n    if placeholder \u003d\u003d \"\":       # TODO: your condition here\n        passed()\n    else:\n        failed()\n\n\nif __name__ \u003d\u003d \u0027__main__\u0027:\n    run_common_tests()\n    # test_answer_placeholders()       # TODO: uncomment test call\n\n\n"
          },
          "description_text": "\n###Ex. 3 --- Manipulations \u0026 affichages\n\n**Question 1** :  Exécuter dans la console :\n```buildoutcfg\n\u003e\u003e\u003e print(\"hello\")\n\u003e\u003e\u003e mot\u003d\"hello\"\n\u003e\u003e\u003e print(mot)\n\u003e\u003e\u003e print(mot+mot)\n\u003e\u003e\u003e print(mot+\" \"+mot)\n\u003e\u003e\u003e print(mot,mot)\n\u003e\u003e\u003e print(2)\n\u003e\u003e\u003e nombre\u003d2\n\u003e\u003e\u003e print(nombre)\n\u003e\u003e\u003e print(nombre+nombre)\n\u003e\u003e\u003e print(nombre,nombre)\n\u003e\u003e\u003e print(mot+nombre) #Erreur de type\n\u003e\u003e\u003e print(mot,nombre)\n```\n\n\n**Question 2** : \n* Définir deux variables : `a` et `b` ayant pour valeurs respectivement `5` et `15`.\n* En une ligne de code, afficher la phrase : \"`a vaut 5 et b  vaut 15, leur somme fait 20`\"---sans tricher: en utilisant les valeurs des variables à ce moment là.\n* Changer `b` en `10` et réexécuter la ligne, pour voir si l\u0027affirmation de la phrase reste correcte.\n\n**Question 3** : \n* En utilisant l\u0027opérateur `%`, et en une ligne de code, afficher la phrase : \"`That b is a multiple of a is True`\"---sans tricher: en utilisant les valeurs des variables à ce moment là.\n* Changer `b` en `13` et réexécuter la ligne, pour voir si l\u0027affirmation de la phrase reste correcte.\n\n**Question 4** : \nÉcrivez les lignes de code permettant d’échanger les valeurs de `a` et de `b`.  Sans tricher: vos lignes de codes ne doivent pas dépendre des valeurs spécifique que contiennent `a` et `b` initialement. Réexécuter la ligne de la question 2 pour voir si ça a marché. \n\n\n**Question 5** : \nA la question 4, est-ce que vous avez eu besoin d\u0027une troisième variable? Ca n\u0027était pas indispensable. Utilisez, soit votre esprit mathématique, soit votre esprit geek, pour vous en dispenser.\n",
          "description_format": "md",
          "additional_files": {},
          "task_type": "edu"
        }
      ],
      "type": "lesson"
    },
    {
      "id": 0,
      "update_date": "Jan 1, 1970 1:00:00 AM",
      "title": "Part 2 --- Programs",
      "task_list": [
        {
          "name": "Ex4",
          "stepic_id": 0,
          "task_files": {
            "task.py": {
              "name": "task.py",
              "text": "#Cet exercice se fait en modifiant ce fichier.\n#1. Ne modifiez que l\u0027intérieur les zones marquées\n#   (les \"placeholders\").\n#2. Exécutez votre programme à chaque fois que vous y ajoutez une ligne de code !!!\n# Pour ça :\n#   - Clique droit sur task.py\n#   - Run\n#   - La fenêtre d\u0027exécution remplace la console en bas.\n#3. Quand vous aurez terminé, appuyer sur le bouton Check du pannel de droite.\n# Cela vous indiquera si votre réponse est exactement celle que nous attendions.\n#4. Une fois le bouton Check appuyé, si vous bloquez, vous pouvez consulter la solution en appuyant sur Peek...\n\n#Q1\n#type here\n\n#Q2\n#type here\n\n\n",
              "placeholders": [
                {
                  "offset": 595,
                  "length": 10,
                  "hints": [],
                  "possible_answer": "note1 \u003d 15.5\nnote2 \u003d 12.75\nnote3 \u003d 14.25\nmoyenne \u003d (note1 + note2 + note3) / 3\nprint(\"La moyenne des trois notes est : \", moyenne)",
                  "placeholder_text": "#type here"
                },
                {
                  "offset": 611,
                  "length": 10,
                  "hints": [],
                  "possible_answer": "etudiants \u003d 15\nordinateurs \u003d 5\nratio \u003d etudiants / ordinateurs\nresultat \u003d 90 * ratio\nprint(resultat)",
                  "placeholder_text": "#type here"
                }
              ]
            }
          },
          "test_files": {
            "tests.py": "from test_helper import run_common_tests, failed, passed, get_answer_placeholders\n\n\ndef test_answer_placeholders():\n    placeholders \u003d get_answer_placeholders()\n    test_Q1(placeholders[0])\n    test_Q2(placeholders[1])\n\ndef test_Q1(answer):\n    correction\u003d\"\"\"note1 \u003d 15.5\nnote2 \u003d 12.75\nnote3 \u003d 14.25\nmoyenne \u003d (note1 + note2 + note3) / 3\nprint(\"La moyenne des trois notes est : \", moyenne)\"\"\"\n    correction \u003d correction.replace(\" \", \"\")\n    answer \u003d answer.replace(\" \", \"\")\n    if answer \u003d\u003d correction :\n        passed()\n    else :\n        failed(\"Votre réponse n\u0027est pas exactement celle attendue.\")\n\ndef test_Q2(answer):\n    correction\u003d\"\"\"etudiants \u003d 15\nordinateurs \u003d 5\nratio \u003d etudiants / ordinateurs\nresultat \u003d 90 * ratio\nprint(resultat)\"\"\"\n    correction \u003d correction.replace(\" \", \"\")\n    answer \u003d answer.replace(\" \", \"\")\n    if answer \u003d\u003d correction :\n        passed()\n    else :\n        failed(\"Votre réponse n\u0027est pas exactement celle attendue.\")\n\nif __name__ \u003d\u003d \u0027__main__\u0027:\n    run_common_tests()\n    test_answer_placeholders()"
          },
          "description_text": "\n##Partie 2 --- Programmes\n\n###Ex. 4\n\nUn programme est une combinaison d\u0027instructions, tout comme dans une recette de cuisine. Les blocs instructions qui se suivent forment une séquence; l\u0027interpreteur prendra ce bloc et les exécutera l\u0027une après l\u0027autre. \n\nVous écrirez vos programme dans le fichier `task.py`, dans le pannel du milieu.\n\n_\"L\u0027état normal d\u0027un programme, c\u0027est de bugger.\"_\n---Gérard Berry, Professeur d\u0027informatique au Collège de France. \n\nLe remède, c\u0027est de tester votre programme à chaque fois que vous le modifiez. Pour ça, clique droit sur `task.py`, et `Run`.\n\n\n\n\n\n\n**Question 1** : Écrire un programme qui affecte les variables `note1`, `note2`, `note3` avec les valeurs `15.5`, `12.75` et `14.25` respectivement. Ensuite, calculer la moyenne de ces notes et stocker le résultat dans une variable nommée `moyenne`.\n Affichez la valeur de la variable `moyenne` précédée du message :\n \"La moyenne des trois notes est\".\n    \n**Question 2** : Si 15 étudiants utilisent 5 ordinateurs, combien utiliseront d\u0027ordinateurs 90 étudiants ? Écrire un programme contenant des variables bien nommées avec les données du problème, puis calculant le résultat dans une variable et l\u0027affichant.\n\n\nQuand vous aurez terminé, appuyer sur le bouton `Check` du pannel de droite. Cela vous indiquera si votre réponse est exactement celle que nous attendions. Si votre réponse diffère mais qu\u0027elle marche et reste élégante, vous pouvez la conserver.\n\nUne fois le bouton `Check` appuyé, si vous bloquez, vous pouvez consulter la solution en appuyant sur Peek...\n\n###Correction\n\n```python\n#Q1\nnote1 \u003d 15.5\nnote2 \u003d 12.75\nnote3 \u003d 14.25\nmoyenne \u003d (note1 + note2 + note3) / 3\nprint(\"La moyenne des trois notes est : \", moyenne)\n\n#Q2\netudiants \u003d 15\nordinateurs \u003d 5\nratio \u003d etudiants / ordinateurs\nresultat \u003d 90 * ratio\nprint(resultat)\n```",
          "description_format": "md",
          "additional_files": {},
          "task_type": "edu"
        }
      ],
      "type": "lesson"
    },
    {
      "id": 0,
      "title": "Edu additional materials",
      "task_list": [
        {
          "name": "Edu additional materials",
          "stepic_id": 0,
          "task_files": {},
          "test_files": {},
          "description_format": "html",
          "additional_files": {
            "test_helper.py": "import sys\n\n\ndef get_file_text(path):\n    \"\"\" Returns file text by path\"\"\"\n    file_io \u003d open(path, \"r\")\n    text \u003d file_io.read()\n    file_io.close()\n    return text\n\n\ndef get_file_output(encoding\u003d\"utf-8\", path\u003dsys.argv[-1], arg_string\u003d\"\"):\n    \"\"\"\n    Returns answer file output\n    :param encoding: to decode output in python3\n    :param path: path of file to execute\n    :return: list of strings\n    \"\"\"\n    import subprocess\n\n    proc \u003d subprocess.Popen([sys.executable, path], stdin\u003dsubprocess.PIPE, stdout\u003dsubprocess.PIPE,\n                            stderr\u003dsubprocess.STDOUT)\n    if arg_string:\n        for arg in arg_string.split(\"\\n\"):\n            proc.stdin.write(bytearray(str(arg) + \"\\n\", encoding))\n            proc.stdin.flush()\n\n    return list(map(lambda x: str(x.decode(encoding)), proc.communicate()[0].splitlines()))\n\n\ndef test_file_importable():\n    \"\"\" Tests there is no obvious syntax errors\"\"\"\n    path \u003d sys.argv[-1]\n    if not path.endswith(\".py\"):\n        import os\n\n        parent \u003d os.path.abspath(os.path.join(path, os.pardir))\n        python_files \u003d [f for f in os.listdir(parent) if os.path.isfile(os.path.join(parent, f)) and f.endswith(\".py\")]\n        for python_file in python_files:\n            if python_file \u003d\u003d \"tests.py\":\n                continue\n            check_importable_path(os.path.join(parent, python_file))\n        return\n    check_importable_path(path)\n\n\ndef check_importable_path(path):\n    \"\"\" Checks that file is importable.\n        Reports failure otherwise.\n    \"\"\"\n    saved_input \u003d patch_input()\n    try:\n        import_file(path)\n    except:\n        failed(\"The file contains syntax errors\", test_file_importable.__name__)\n        return\n    finally:\n        revert_input(saved_input)\n\n    passed(test_file_importable.__name__)\n\n\ndef patch_input():\n    def mock_fun(_m\u003d\"\"):\n        return \"mock\"\n\n    if sys.version_info[0] \u003d\u003d 3:\n        import builtins\n        save_input \u003d builtins.input\n        builtins.input \u003d mock_fun\n        return save_input\n    elif sys.version_info[0] \u003d\u003d 2:\n        import __builtin__\n        save_input \u003d __builtin__.raw_input\n        __builtin__.raw_input \u003d mock_fun\n        __builtin__.input \u003d mock_fun\n        return save_input\n\n\ndef revert_input(saved_input):\n    if sys.version_info[0] \u003d\u003d 3:\n        import builtins\n        builtins.input \u003d saved_input\n    elif sys.version_info[0] \u003d\u003d 2:\n        import __builtin__\n        __builtin__.raw_input \u003d saved_input\n        __builtin__.input \u003d saved_input\n\n\ndef import_file(path):\n    \"\"\" Returns imported file \"\"\"\n    if sys.version_info[0] \u003d\u003d 2 or sys.version_info[1] \u003c 3:\n        import imp\n\n        return imp.load_source(\"tmp\", path)\n    elif sys.version_info[0] \u003d\u003d 3:\n        import importlib.machinery\n\n        return importlib.machinery.SourceFileLoader(\"tmp\", path).load_module(\"tmp\")\n\n\ndef import_task_file():\n    \"\"\" Returns imported file.\n        Imports file from which check action was run\n    \"\"\"\n    path \u003d sys.argv[-1]\n    return import_file(path)\n\n\ndef test_is_not_empty():\n    \"\"\"\n        Checks that file is not empty\n    \"\"\"\n    path \u003d sys.argv[-1]\n    file_text \u003d get_file_text(path)\n\n    if len(file_text) \u003e 0:\n        passed()\n    else:\n        failed(\"The file is empty. Please, reload the task and try again.\")\n\n\ndef test_text_equals(text, error_text):\n    \"\"\"\n        Checks that answer equals text.\n    \"\"\"\n    path \u003d sys.argv[-1]\n    file_text \u003d get_file_text(path)\n\n    if file_text.strip() \u003d\u003d text:\n        passed()\n    else:\n        failed(error_text)\n\n\ndef test_answer_placeholders_text_deleted(error_text\u003d\"Don\u0027t just delete task text\"):\n    \"\"\"\n        Checks that all answer placeholders are not empty\n    \"\"\"\n    windows \u003d get_answer_placeholders()\n\n    for window in windows:\n        if len(window) \u003d\u003d 0:\n            failed(error_text)\n            return\n    passed()\n\n\ndef set_congratulation_message(message):\n    \"\"\" Overrides default \u0027Congratulations!\u0027 message \"\"\"\n    print(\"#educational_plugin CONGRATS_MESSAGE \" + message)\n\n\ndef failed(message\u003d\"Please, reload the task and try again.\", name\u003dNone):\n    \"\"\" Reports failure \"\"\"\n    if not name:\n        name \u003d sys._getframe().f_back.f_code.co_name\n    print(\"#educational_plugin \" + name + \" FAILED + \" + message)\n\n\ndef passed(name\u003dNone):\n    \"\"\" Reports success \"\"\"\n    if not name:\n        name \u003d sys._getframe().f_back.f_code.co_name\n    print(\"#educational_plugin \" + name + \" test OK\")\n\n\ndef get_answer_placeholders():\n    \"\"\"\n        Returns all answer placeholders text\n    \"\"\"\n    prefix \u003d \"#educational_plugin_window \u003d \"\n    path \u003d sys.argv[-1]\n    import os\n\n    file_name_without_extension \u003d os.path.splitext(path)[0]\n    windows_path \u003d file_name_without_extension + \"_windows\"\n    windows \u003d []\n    f \u003d open(windows_path, \"r\")\n    window_text \u003d \"\"\n    first \u003d True\n    for line in f.readlines():\n        if line.startswith(prefix):\n            if not first:\n                windows.append(window_text.strip())\n            else:\n                first \u003d False\n            window_text \u003d line[len(prefix):]\n        else:\n            window_text +\u003d line\n\n    if window_text:\n        windows.append(window_text.strip())\n\n    f.close()\n    return windows\n\n\ndef check_samples(samples\u003d()):\n    \"\"\"\n      Check script output for all samples. Sample is a two element list, where the first is input and\n      the second is output.\n    \"\"\"\n    for sample in samples:\n        if len(sample) \u003d\u003d 2:\n            output \u003d get_file_output(arg_string\u003dstr(sample[0]))\n            if \"\\n\".join(output) !\u003d sample[1]:\n                failed(\n                    \"Test from samples failed: \\n \\n\"\n                    \"Input:\\n{}\"\n                    \"\\n \\n\"\n                    \"Expected:\\n{}\"\n                    \"\\n \\n\"\n                    \"Your result:\\n{}\".format(str.strip(sample[0]), str.strip(sample[1]), \"\\n\".join(output)))\n                return\n        set_congratulation_message(\"All test from samples passed. Now we are checking your solution on Stepik server.\")\n\n    passed()\n\n\ndef run_common_tests(error_text\u003d\"Please, reload file and try again\"):\n    test_is_not_empty()\n    test_answer_placeholders_text_deleted()\n    test_file_importable()\n",
            "Part1 --- Expressions/Ex3 --- Manipulations \u0026 prints/taskcorr.py": "\n# sol 1\n\na\u003d5\nb\u003d3\n\n# sol 2\nprint(\"a vaut \",a,\"b vaut\",b,\"leur somme fait\",a+b)\n\n# sol 3\nprint(a % b)\n\n# sol 4\nc\u003da\na\u003db\nb\u003dc\n\n# sol 5\na \u003d a+b\nb \u003d a-b\na \u003d a-b\n\n"
          },
          "task_type": "edu"
        }
      ],
      "type": "lesson"
    }
  ]
}