{
  "summary": "L1MEO",
  "title": "TP1",
  "programming_language": "Python",
  "language": "en",
  "items": [
    {
      "id": 0,
      "title": "Exercises",
      "task_list": [
        {
          "name": "Ex0",
          "stepic_id": 0,
          "task_files": {
            "task.py": {
              "name": "task.py",
              "text": "# TODO : Utiliser le shell et la console, en cliquant en bas à gauche, pour cet exercice.",
              "placeholders": []
            }
          },
          "test_files": {
            "tests.py": "from test_helper import run_common_tests, failed, passed, get_answer_placeholders\r\n\r\n\r\ndef test_answer_placeholders():\r\n    placeholders \u003d get_answer_placeholders()\r\n    placeholder \u003d placeholders[0]\r\n    if placeholder \u003d\u003d \"\":       # TODO: your condition here\r\n        passed()\r\n    else:\r\n        failed()\r\n\r\n\r\nif __name__ \u003d\u003d \u0027__main__\u0027:\r\n    run_common_tests()\r\n    # test_answer_placeholders()       # TODO: uncomment test call\r\n\r\n\r\n"
          },
          "description_text": "\r\n# Utilisation du terminal\r\n\r\n\\\u003e _Aide pour les commandes Unix : **man** (MANual)._\r\n\r\nOuvrez un terminal. Par défaut, vous êtes dans votre espace de travail (home).\r\n\r\n1. Affichez les éléments contenus dans le répertoire principal (racine ~ \u003d ou \"répertoire home\")\r\nen utilisant la commande **ls**.\r\n2. Si le répertoire principal ne contient pas un sous-répertoire nommé \u0027Documents\u0027, \r\n créez-le en utilisant la commande **mkdir**.\r\n3. Depuis \u0027Documents\u0027, créez un sous-répertoire nommé \u0027Septembre_2018\u0027. Pour se déplacer d\u0027un\r\nrépertoire à un autre, utilisez la commande **cd**.\r\n4. Créez deux fichiers \u0027tp1.py\u0027 et \u0027tp2.py\u0027 dans le dossier \u0027Septembre_2018\u0027. \r\nPour cela, utilisez la commande **touch**.\r\n5. Quelle est la commande qui affiche à l\u0027écran le nom de votre répertoire courant ?\r\n6. Écrivez les commandes qui vous permettent d\u0027aller dans le répertoire principal et d\u0027afficher récursivement son contenu\r\n(sous-dossiers et fichiers).\r\n7. Dessinez l’arborescence de tous les répertoires et fichiers depuis le répertoire principal.\r\n8. Écrivez une commande qui déplace dans \u0027Documents\u0027 tous les fichiers .py du répertoire \u0027Septembre_2018\u0027.\r\nPour cela, utilisez la commande **mv**.\r\n9. Écrivez une commande qui supprime le répertoire \u0027Septembre_2018\u0027.\r\nPour cela, utilisez la commande **rmdir**.\r\n\r\n# Python\r\n\r\n \\# Ceci est un commentaire en python.\r\n\r\nRéférence Python 3: https://docs.python.org/fr/3/ \r\n\r\n- Python, un langage interprété.\r\n- Vous allez d’abord utiliser  python en mode interactif, c’est-à-dire de manière à dialoguer avec lui directement depuis le  clavier.\r\n- Vous pouvez utiliser l’interpréteur  directement comme une simple calculatrice de bureau.\r\n- Dans la console python, entrez les expressions ci-dessous et observez le résultat :\r\n- Pour ouvrir la console, il suffit  de cliquer sur le bouton Python console en bas de votre fenêtre de Pycharm :\r\n\r\n\u003e - 5+10\r\n\u003e - 7 - 9\r\n\u003e - 7+3 * 5\r\n\u003e - (7 +3) *5\r\n\u003e - 20/6\r\n\u003e - 8,7 / 5\r\n\r\n- Notez que le séparateur décimal est toujours un point, et non une virgule!\r\n\r\n- Les opérateurs arithmétiques : _+ (addition) / ( division)  - (soustraction) * ( multiplication) % (reste de la division entière) // (division entière) ** (puissance)_\r\n",
          "description_format": "md",
          "additional_files": {},
          "task_type": "edu"
        },
        {
          "name": "Ex1",
          "stepic_id": 0,
          "task_files": {
            "task.py": {
              "name": "task.py",
              "text": "# TODO: type solution here\n\n",
              "placeholders": []
            }
          },
          "test_files": {
            "tests.py": "from test_helper import run_common_tests, failed, passed, import_task_file, get_answer_placeholders\r\n\r\n\r\ndef test_var_used():\r\n    window \u003d get_answer_placeholders()[0]\r\n    if \"a\" in window and \"b\" in window:\r\n        passed()\r\n    else:\r\n        failed(\"Veuillez affecter les variables a et b par leurs valeurs\")\r\n\r\n\r\ndef test_somme():\r\n    file \u003d import_task_file()\r\n    if file.resultat \u003d\u003d 29.492:\r\n        passed()\r\n    else:\r\n        failed(\"Resultat errone!\")\r\n\r\n\r\ndef test_convert_value():\r\n    file \u003d import_task_file()\r\n\r\n    if file.telephone_euro \u003d\u003d file.telephone_usd*0.86:\r\n        passed()\r\n    else:\r\n        failed(\"Resultat errone!\")\r\n\r\n\r\nif __name__ \u003d\u003d \u0027__main__\u0027:\r\n    run_common_tests()\r\n    test_var_used()\r\n    test_somme()\r\n    test_convert_value()\r\n\r\n\r\n\r\n\r\n\r\n"
          },
          "description_text": "# Variables et types\r\n\r\n**Remarques préliminaires**\r\n\r\n- Les variables sont utilisées pour stocker des valeurs afin que \r\nnous puissions nous y référer ultérieurement. \r\n- Un nom de variable est une séquence de lettres (a → z , A → Z) \r\net de chiffres (0 → 9), qui doit toujours commencer par une lettre. Seules les lettres ordinaires sont autorisées. Les lettres accentuées, les cédilles, les espaces, les\r\ncaractères spéciaux tels que $, #, @, etc. sont interdits, à l’exception \r\ndu caractère _ (souligné).\r\n- La casse est significative (les caractères majuscules et minuscules sont distingués).\r\nAttention : Joseph, joseph, JOSEPH sont donc des variables différentes. Soyez attentifs !\r\n\r\n- L\u0027opération d’affectation est représentée par le signe égale _\"\u003d\"_ exemple: **nom_de_la_variable** par la valeur **2** en Python:\r\n  _nom_de_la_variable \u003d 2_. Attention, elle ne signifie pas l\u0027égalité au sens mathématiques.\r\n  \r\n- Sous Python, on peut assigner une valeur à plusieurs variables \r\nsimultanément. Exemple : a \u003d b \u003d 8  \r\n- **print()** : permet d\u0027afficher la valeur d’une variable.\r\nExemple:  _print(nom_de_la_variable)_\r\n- Il est possible de connaître le type d’une variable en utilisant la \r\nfonction type :  _print(type(nom_de_la_variable))_\r\n- **int** : désigne un entier\r\n- **float** : désigne un nombre décimal\r\n- **str** : désigne une chaîne de caractères\r\n\r\n**Exercice**\r\n\r\n1. Affectez les valeurs **7.692** et **21.8** aux variables **a** et **b**.\r\nCalculez leur somme dans une variable nommée **resultat** et affichez le contenu de cette dernière.\r\n\r\n2. On cherche à calculer la valeur d\u0027un téléphone valant 999 dollars US en euros.\r\nAffectez cette valeur à une variable **telephone_usd**. Calculez la conversion en euros\r\net affectez le résultat à une variable nommée **telephone_euro**. Rappel: 1 dollar \u003d 0.86 euro lors de la création de cp TP. \r\n \r\n3. Affectez la valeur **2** à une variable nommée **_ma_variable_**. \r\n Quel est le type de cette variable ? Répétez l’opération avec les \r\n valeurs suivantes: \r\n- 2.5\r\n- 2 + 2.5\r\n- 3 * 1.0\r\n- 3.14 * 1\r\n- \u0027z\u0027\r\n- \"bonjour\"\r\n- 10 / 3\r\n- 10 // 3\r\n\r\n**Note :** En python, une variable peut changer de type au gré des valeurs qu\u0027elle prend.",
          "description_format": "md",
          "additional_files": {},
          "task_type": "edu"
        },
        {
          "name": "Ex2",
          "stepic_id": 0,
          "task_files": {
            "task.py": {
              "name": "task.py",
              "text": "# TODO: type solution here\n",
              "placeholders": []
            }
          },
          "test_files": {
            "tests.py": "from test_helper import run_common_tests, failed, passed, get_answer_placeholders\r\n\r\n\r\ndef test_answer_placeholders():\r\n    placeholders \u003d get_answer_placeholders()\r\n    placeholder \u003d placeholders[0]\r\n    if placeholder \u003d\u003d \"\":       # TODO: your condition here\r\n        passed()\r\n    else:\r\n        failed()\r\n\r\n\r\nif __name__ \u003d\u003d \u0027__main__\u0027:\r\n    run_common_tests()\r\n    # test_answer_placeholders()       # TODO: uncomment test call\r\n\r\n\r\n"
          },
          "description_text": "Exercice\r\n-\r\n\r\n1) Définissez deux variables : **_a_** et **_b_** ayant pour valeur respectivement 5 et 3.\r\n\r\n2) Afficher la phrase suivante : \"**_a_** vaut 5 et **_b_** vaut 3, leur somme fait 8\" en utilisant les valeurs effectives des variables.\r\n\r\n**Note** : print() peut prendre une liste de choses à afficher séparées par des virgules. Exemple : `print(\"x vaut\", x, \"et y vaut\", y)` \r\n\r\n3) L\u0027opérateur `%` entre deux nombres calcule le reste de la division du premier par le second. Utilisez cet opérateur pour savoir si « **_a_** est un multiple de **_b_** ? ».\r\n\r\n4) Écrivez les lignes de code permettant d’échanger les valeurs de **_a_** et **_b_**, en utilisant une variable temporaire tmp.\r\n\r\n5) Échangez à nouveau les valeurs de **_a_** et **_b_**, mais sans utiliser de variable temporaire.\r\n\r\n**Note** : en python, on peut assigner plusieurs variables d\u0027un seul coup à l\u0027aide de l\u0027opérateur égal : `x, y \u003d 1, 2` met 1 dans x et 2 dans y. Dans cet exercice, on ne vous autorise pas à utiliser cette méthode (utilisez des additions et soustractions).",
          "description_format": "md",
          "additional_files": {},
          "task_type": "edu"
        },
        {
          "name": "Ex3",
          "stepic_id": 0,
          "task_files": {
            "task.py": {
              "name": "task.py",
              "text": "# TODO: type solution here\n\n\n",
              "placeholders": []
            }
          },
          "test_files": {
            "tests.py": "from test_helper import run_common_tests, failed, passed, get_answer_placeholders\r\n\r\n\r\ndef test_answer_placeholders():\r\n    placeholders \u003d get_answer_placeholders()\r\n    placeholder \u003d placeholders[0]\r\n    if placeholder \u003d\u003d \"\":       # TODO: your condition here\r\n        passed()\r\n    else:\r\n        failed()\r\n\r\n\r\nif __name__ \u003d\u003d \u0027__main__\u0027:\r\n    run_common_tests()\r\n    # test_answer_placeholders()       # TODO: uncomment test call\r\n\r\n\r\n"
          },
          "description_text": "# Manipulation des chaîne de caractères  \r\n\r\n**_Préliminaires_**\r\n\r\n- Pour les chaînes de caractères, deux opérations sont possibles,\r\n l’addition et la multiplication, exemple:\r\n \r\n \u003e\u003e\u003e chaine \u003d \"Salut\"\r\n \r\nL\u0027affichage de la variable _chaine_ donne : _\u0027Salut\u0027_\r\n    \r\n \u003e\u003e\u003e chaine \u003d chaine + \" Python\"\r\n \r\n L\u0027affichage de la variable _chaine_ donne :  _\u0027Salut Python\u0027_ (notez l\u0027espace avant Python).\r\n \r\n \u003e\u003e\u003e chaine \u003d  chaine * 3\r\n \r\n L\u0027affichage de la variable _chaine_ donne :  _\u0027SalutSalutSalut\u0027_\r\n\r\n- L’opérateur d’addition **_+_** permet de concaténer (assembler) \r\ndeux chaînes de caractères et l’opérateur de multiplication **_\\*_**\r\npermet de dupliquer plusieurs fois une chaîne. On ne peut \"ajouter\" à une chaîne qu\u0027une autre chaîne, et on ne peut multiplier une chaîne que par un entier.\r\n\r\n- Lorsque l\u0027on utilise `print()`, on peut afficher à la suite plusieurs valeurs de types différents (par exemple `print(1, \"hello\", 3.14)`. Cela ne fonctionne pas avec l\u0027addition entre chaînes de caractères. Pour y arriver, il faut d\u0027abord convertir les valeurs de types différent vers le type chaîne de caractères en utilisant `str(x)` où x est la valeur à convertir. Par exemple `resultat \u003d str(1) + \"hello\" + str(3.14)`.\r\n\r\n\r\n1) Créez une variable contenant \"rouge\", une autre contenant \"ballon\". Assignez à une troisième variable la concaténation de ces deux chaînes de manière à ce qu\u0027elle contienne \"ballon rouge\". Affichez le résultat.\r\n\r\n- Les chaînes de caractères peuvent être écrites soit encadrées par des guillemets simples \u0027abc\u0027, soit par des gillemets doubles \"abc\". Il faut utiliser le même type de guillemets avant et après le texte. On peut insérer le type de guillemet utilisé pour encadrer la chaîne dans celle-ci en le préfixant du caractère \\ (antislash). Créez une chaîne de caractères contenant le mot _aujourd\u0027hui_ avec les deux méthodes.\r\n\r\n\r\n2) Quelle est la différence entre ces deux instructions Python :\r\n\r\n\u003e x \u003d 2018\r\n\r\n\u003e x \u003d \"2018\"\r\n\r\nVous avez ici la notion de types et de typage : Chaque valeur en Python se voit associer un type, ceci précise quelles sont les opérations permises sur ces valeurs, et quel est leur sens. \r\nEn Python les variables (comme x) n\u0027ont pas de type au départ. C\u0027est au moment de l\u0027exécution, de l\u0027évaluation des valeurs, que le système vérifie le type, et réagit \"bien\" ou \"mal\" vis à vis les opérations demandées. \r\nCette propriété porte le nom de **_typage dynamique_**.\r\n\r\n3) Vérifiez ce qui se passe quand on évalue x+x dans les deux cas.\r\n\r\n\r\n",
          "description_format": "md",
          "additional_files": {},
          "task_type": "edu"
        },
        {
          "name": "Ex4",
          "stepic_id": 0,
          "task_files": {
            "task.py": {
              "name": "task.py",
              "text": "# TODO: type solution here\n\n",
              "placeholders": []
            }
          },
          "test_files": {
            "tests.py": "from test_helper import run_common_tests, failed, passed, import_task_file, get_answer_placeholders\r\n\r\n\r\ndef test_answer_placeholders():\r\n    placeholders \u003d get_answer_placeholders()\r\n    placeholder \u003d placeholders[0]\r\n    if placeholder \u003d\u003d \"\":       # TODO: your condition here\r\n        passed()\r\n    else:\r\n        failed()\r\n\r\n\r\ndef test_var_used():\r\n    window \u003d get_answer_placeholders()[0]\r\n    if \"note1\" in window and \"note2\" in window and \"note3\" in window:\r\n        passed()\r\n    else:\r\n        failed(\"Veuillez affecter les variables note1, note2 et note3 par leurs valeurs\")\r\n\r\n\r\ndef test_moyenne():\r\n    file \u003d import_task_file()\r\n    if file.moyenne \u003d\u003d 14.166666666666666:\r\n        passed()\r\n    else:\r\n        failed(\"Resultat errone!\")\r\n\r\n\r\nif __name__ \u003d\u003d \u0027__main__\u0027:\r\n    run_common_tests()\r\n    # test_answer_placeholders()       # TODO: uncomment test call\r\n    test_var_used()\r\n    test_moyenne()\r\n\r\n\r\n"
          },
          "description_text": "**Rappel:**\r\n\r\n- La fonction print() : pour afficher des messages et des valeurs\r\n\r\n\r\na. Écrire un programme qui affecte les variables *note1*, *note2*, *note3*\r\n avec les valeurs 15.5, 12.75 et 14.25 respectivement. Ensuite, calculez la moyenne de ces notes et stockez le résultat dans une variable nommée *moyenne*.\r\n Affichez la valeur de la variable *moyenne* précédée du message suivant :\r\n \"La moyenne des trois notes est\":\r\n  \r\n    \r\nb. Si 15 étudiants utilisent 5 ordinateurs, combien utiliseront d\u0027ordinateurs 90 étudiants ? Écrire un programme contenant des variables bien nommées avec les données du problème, puis calculant le résultat dans une variable et l\u0027affichant.\r\n\r\n\r\nc. Un brin d\u0027ADN est constitué des bases A,T,C et G. Soit deux gènes \"AACTG\" et \"GAATA\", on souhaite céer un nouveau gène qui soit la concaténation du premier et du second, puis créer un brin d\u0027ADN qui répète 7 fois le brin ainsi créé. Écrire un programme qui contienne une variable pour chacun de ces gènes (chaînes de caractères), puis calcule le brin d\u0027ADN (concaténation et réplication) dans une nouvelle variable, et affiche le résultat.",
          "description_format": "md",
          "additional_files": {},
          "task_type": "edu"
        }
      ],
      "type": "lesson"
    },
    {
      "id": 0,
      "title": "Edu additional materials",
      "task_list": [
        {
          "name": "Edu additional materials",
          "stepic_id": 0,
          "task_files": {},
          "test_files": {},
          "description_format": "md",
          "additional_files": {
            "test_helper.py": "import sys\r\n\r\n\r\ndef get_file_text(path):\r\n    \"\"\" Returns file text by path\"\"\"\r\n    file_io \u003d open(path, \"r\")\r\n    text \u003d file_io.read()\r\n    file_io.close()\r\n    return text\r\n\r\n\r\ndef get_file_output(encoding\u003d\"utf-8\", path\u003dsys.argv[-1], arg_string\u003d\"\"):\r\n    \"\"\"\r\n    Returns answer file output\r\n    :param encoding: to decode output in python3\r\n    :param path: path of file to execute\r\n    :return: list of strings\r\n    \"\"\"\r\n    import subprocess\r\n\r\n    proc \u003d subprocess.Popen([sys.executable, path], stdin\u003dsubprocess.PIPE, stdout\u003dsubprocess.PIPE,\r\n                            stderr\u003dsubprocess.STDOUT)\r\n    if arg_string:\r\n        for arg in arg_string.split(\"\\n\"):\r\n            proc.stdin.write(bytearray(str(arg) + \"\\n\", encoding))\r\n            proc.stdin.flush()\r\n\r\n    return list(map(lambda x: str(x.decode(encoding)), proc.communicate()[0].splitlines()))\r\n\r\n\r\ndef test_file_importable():\r\n    \"\"\" Tests there is no obvious syntax errors\"\"\"\r\n    path \u003d sys.argv[-1]\r\n    if not path.endswith(\".py\"):\r\n        import os\r\n\r\n        parent \u003d os.path.abspath(os.path.join(path, os.pardir))\r\n        python_files \u003d [f for f in os.listdir(parent) if os.path.isfile(os.path.join(parent, f)) and f.endswith(\".py\")]\r\n        for python_file in python_files:\r\n            if python_file \u003d\u003d \"tests.py\":\r\n                continue\r\n            check_importable_path(os.path.join(parent, python_file))\r\n        return\r\n    check_importable_path(path)\r\n\r\n\r\ndef check_importable_path(path):\r\n    \"\"\" Checks that file is importable.\r\n        Reports failure otherwise.\r\n    \"\"\"\r\n    saved_input \u003d patch_input()\r\n    try:\r\n        import_file(path)\r\n    except:\r\n        failed(\"The file contains syntax errors\", test_file_importable.__name__)\r\n        return\r\n    finally:\r\n        revert_input(saved_input)\r\n\r\n    passed(test_file_importable.__name__)\r\n\r\n\r\ndef patch_input():\r\n    def mock_fun(_m\u003d\"\"):\r\n        return \"mock\"\r\n\r\n    if sys.version_info[0] \u003d\u003d 3:\r\n        import builtins\r\n        save_input \u003d builtins.input\r\n        builtins.input \u003d mock_fun\r\n        return save_input\r\n    elif sys.version_info[0] \u003d\u003d 2:\r\n        import __builtin__\r\n        save_input \u003d __builtin__.raw_input\r\n        __builtin__.raw_input \u003d mock_fun\r\n        __builtin__.input \u003d mock_fun\r\n        return save_input\r\n\r\n\r\ndef revert_input(saved_input):\r\n    if sys.version_info[0] \u003d\u003d 3:\r\n        import builtins\r\n        builtins.input \u003d saved_input\r\n    elif sys.version_info[0] \u003d\u003d 2:\r\n        import __builtin__\r\n        __builtin__.raw_input \u003d saved_input\r\n        __builtin__.input \u003d saved_input\r\n\r\n\r\ndef import_file(path):\r\n    \"\"\" Returns imported file \"\"\"\r\n    if sys.version_info[0] \u003d\u003d 2 or sys.version_info[1] \u003c 3:\r\n        import imp\r\n\r\n        return imp.load_source(\"tmp\", path)\r\n    elif sys.version_info[0] \u003d\u003d 3:\r\n        import importlib.machinery\r\n\r\n        return importlib.machinery.SourceFileLoader(\"tmp\", path).load_module(\"tmp\")\r\n\r\n\r\ndef import_task_file():\r\n    \"\"\" Returns imported file.\r\n        Imports file from which check action was run\r\n    \"\"\"\r\n    path \u003d sys.argv[-1]\r\n    return import_file(path)\r\n\r\n\r\ndef test_is_not_empty():\r\n    \"\"\"\r\n        Checks that file is not empty\r\n    \"\"\"\r\n    path \u003d sys.argv[-1]\r\n    file_text \u003d get_file_text(path)\r\n\r\n    if len(file_text) \u003e 0:\r\n        passed()\r\n    else:\r\n        failed(\"The file is empty. Please, reload the task and try again.\")\r\n\r\n\r\ndef test_text_equals(text, error_text):\r\n    \"\"\"\r\n        Checks that answer equals text.\r\n    \"\"\"\r\n    path \u003d sys.argv[-1]\r\n    file_text \u003d get_file_text(path)\r\n\r\n    if file_text.strip() \u003d\u003d text:\r\n        passed()\r\n    else:\r\n        failed(error_text)\r\n\r\n\r\ndef test_answer_placeholders_text_deleted(error_text\u003d\"Don\u0027t just delete task text\"):\r\n    \"\"\"\r\n        Checks that all answer placeholders are not empty\r\n    \"\"\"\r\n    windows \u003d get_answer_placeholders()\r\n\r\n    for window in windows:\r\n        if len(window) \u003d\u003d 0:\r\n            failed(error_text)\r\n            return\r\n    passed()\r\n\r\n\r\ndef set_congratulation_message(message):\r\n    \"\"\" Overrides default \u0027Congratulations!\u0027 message \"\"\"\r\n    print(\"#educational_plugin CONGRATS_MESSAGE \" + message)\r\n\r\n\r\ndef failed(message\u003d\"Please, reload the task and try again.\", name\u003dNone):\r\n    \"\"\" Reports failure \"\"\"\r\n    if not name:\r\n        name \u003d sys._getframe().f_back.f_code.co_name\r\n    print(\"#educational_plugin \" + name + \" FAILED + \" + message)\r\n\r\n\r\ndef passed(name\u003dNone):\r\n    \"\"\" Reports success \"\"\"\r\n    if not name:\r\n        name \u003d sys._getframe().f_back.f_code.co_name\r\n    print(\"#educational_plugin \" + name + \" test OK\")\r\n\r\n\r\ndef get_answer_placeholders():\r\n    \"\"\"\r\n        Returns all answer placeholders text\r\n    \"\"\"\r\n    prefix \u003d \"#educational_plugin_window \u003d \"\r\n    path \u003d sys.argv[-1]\r\n    import os\r\n\r\n    file_name_without_extension \u003d os.path.splitext(path)[0]\r\n    windows_path \u003d file_name_without_extension + \"_windows\"\r\n    windows \u003d []\r\n    f \u003d open(windows_path, \"r\")\r\n    window_text \u003d \"\"\r\n    first \u003d True\r\n    for line in f.readlines():\r\n        if line.startswith(prefix):\r\n            if not first:\r\n                windows.append(window_text.strip())\r\n            else:\r\n                first \u003d False\r\n            window_text \u003d line[len(prefix):]\r\n        else:\r\n            window_text +\u003d line\r\n\r\n    if window_text:\r\n        windows.append(window_text.strip())\r\n\r\n    f.close()\r\n    return windows\r\n\r\n\r\ndef check_samples(samples\u003d()):\r\n    \"\"\"\r\n      Check script output for all samples. Sample is a two element list, where the first is input and\r\n      the second is output.\r\n    \"\"\"\r\n    for sample in samples:\r\n        if len(sample) \u003d\u003d 2:\r\n            output \u003d get_file_output(arg_string\u003dstr(sample[0]))\r\n            if \"\\n\".join(output) !\u003d sample[1]:\r\n                failed(\r\n                    \"Test from samples failed: \\n \\n\"\r\n                    \"Input:\\n{}\"\r\n                    \"\\n \\n\"\r\n                    \"Expected:\\n{}\"\r\n                    \"\\n \\n\"\r\n                    \"Your result:\\n{}\".format(str.strip(sample[0]), str.strip(sample[1]), \"\\n\".join(output)))\r\n                return\r\n        set_congratulation_message(\"All test from samples passed. Now we are checking your solution on Stepik server.\")\r\n\r\n    passed()\r\n\r\n\r\ndef run_common_tests(error_text\u003d\"Please, reload file and try again\"):\r\n    test_is_not_empty()\r\n    test_answer_placeholders_text_deleted()\r\n    test_file_importable()\r\n"
          },
          "task_type": "edu"
        }
      ],
      "type": "lesson"
    }
  ]
}