{
  "summary": "Leçon sur les tableaux : recherche non trié ou trié, tri par sélection et étude expérimentale de sa complexité",
  "title": "TP7",
  "programming_language": "Python",
  "language": "en",
  "items": [
    {
      "id": 0,
      "update_date": "Jan 1, 1970 1:00:00 AM",
      "title": "Recherche dans un tableau",
      "task_list": [
        {
          "name": "Exercice 1",
          "stepic_id": 0,
          "task_files": {
            "task.py": {
              "name": "task.py",
              "text": "from matplotlib.pyplot import plot, show, legend\nfrom timeit import default_timer\n\n\n# Exercice 1\n\ndef linear_search(x, a):\n    # écrire le code ici\n\n\n# Exercice 2\n\nprint(\"Recherche linéaire:\")\n\na1 \u003d [5, 1, 3, 2, 7, 9, 4, 8, 0, 6]\n\n# afficher la position de 2 dans a1\n# afficher la position de 5 dans a1\n# afficher la position de 10 dans a1\n# afficher la position de 6 dans a1\n\n\n# Exercice 3\n\ndef binary_search(x, a):\n    # écrire le code ici\n\n\n# Exercice 4\n\nprint(\"Recherche dichotomique:\")\n\na2 \u003d [0, 1, 2, 3, 4, 5, 6, 7, 8, 9]\n\n# afficher la position de 2 dans a2\n# afficher la position de 5 dans a2\n# afficher la position de 10 dans a2\n# afficher la position de 6 dans a2\n\n\n# Exercice 5\n\n# lengths \u003d liste des longueurs des tableaux\nlengths \u003d []\nfor i in range(1, 1001):\n    lengths.append(i)\n\ntimes_linear \u003d []\ntimes_binary \u003d []\n\nfor n in lengths:\n    a \u003d list(range(n))\n    # écrire le code ici\n\nif __name__ \u003d\u003d \u0027__main__\u0027:\n    plot(lengths, times_linear, label\u003d\"linear\")\n    plot(lengths, times_binary, label\u003d\"binary\")\n    legend()\n    show()\n",
              "placeholders": [
                {
                  "offset": 127,
                  "length": 20,
                  "hints": [],
                  "possible_answer": "for i in range(len(a)):\n        if a[i] \u003d\u003d x:\n            return i\n    return -1",
                  "placeholder_text": "# écrire le code ici"
                },
                {
                  "offset": 231,
                  "length": 35,
                  "hints": [],
                  "possible_answer": "print(linear_search(2, a1))",
                  "placeholder_text": "# afficher la position de 2 dans a1"
                },
                {
                  "offset": 267,
                  "length": 35,
                  "hints": [],
                  "possible_answer": "print(linear_search(5, a1))",
                  "placeholder_text": "# afficher la position de 5 dans a1"
                },
                {
                  "offset": 303,
                  "length": 36,
                  "hints": [],
                  "possible_answer": "print(linear_search(10, a1))",
                  "placeholder_text": "# afficher la position de 10 dans a1"
                },
                {
                  "offset": 340,
                  "length": 35,
                  "hints": [],
                  "possible_answer": "print(linear_search(6, a1))",
                  "placeholder_text": "# afficher la position de 6 dans a1"
                },
                {
                  "offset": 421,
                  "length": 20,
                  "hints": [],
                  "possible_answer": "left \u003d 0\n    right \u003d len(a) - 1\n    while left \u003c\u003d right:\n        m \u003d (left + right) // 2\n        if x \u003d\u003d a[m]:\n            # élément trouvé\n            return m\n        elif x \u003c a[m]:\n            # on cherche dans la moitié gauche\n            right \u003d m - 1\n        else:\n            # on cherche dans la moitié droite\n            left \u003d m + 1\n    # élément absent\n    return -1",
                  "placeholder_text": "# écrire le code ici"
                },
                {
                  "offset": 529,
                  "length": 35,
                  "hints": [],
                  "possible_answer": "print(binary_search(2, a2))",
                  "placeholder_text": "# afficher la position de 2 dans a2"
                },
                {
                  "offset": 565,
                  "length": 35,
                  "hints": [],
                  "possible_answer": "print(binary_search(5, a2))",
                  "placeholder_text": "# afficher la position de 5 dans a2"
                },
                {
                  "offset": 601,
                  "length": 36,
                  "hints": [],
                  "possible_answer": "print(binary_search(10, a2))",
                  "placeholder_text": "# afficher la position de 10 dans a2"
                },
                {
                  "offset": 638,
                  "length": 35,
                  "hints": [],
                  "possible_answer": "print(binary_search(6, a2))",
                  "placeholder_text": "# afficher la position de 6 dans a2"
                },
                {
                  "offset": 878,
                  "length": 20,
                  "hints": [],
                  "possible_answer": "start \u003d default_timer()\n    result \u003d linear_search(-1, a)\n    end \u003d default_timer()\n    times_linear.append(end - start)\n    start \u003d default_timer()\n    result \u003d binary_search(-1, a)\n    end \u003d default_timer()\n    times_binary.append(end - start)",
                  "placeholder_text": "# écrire le code ici"
                }
              ]
            }
          },
          "test_files": {
            "tests.py": "from test_helper import run_common_tests, failed, passed, get_answer_placeholders, import_task_file\nfrom random import choice, shuffle\n\n\ndef test_answer_placeholders():\n    placeholders \u003d get_answer_placeholders()\n    if placeholders[1].replace(\" \", \"\") !\u003d \"print(linear_search(2,a1))\":\n        failed(\"Il faut afficher la position de 2 dans a1 obtenue par recherche linéaire\")\n    if placeholders[2].replace(\" \", \"\") !\u003d \"print(linear_search(5,a1))\":\n        failed(\"Il faut afficher la position de 5 dans a1 obtenue par recherche linéaire\")\n    if placeholders[3].replace(\" \", \"\") !\u003d \"print(linear_search(10,a1))\":\n        failed(\"Il faut afficher la position de 10 dans a1 obtenue par recherche linéaire\")\n    if placeholders[4].replace(\" \", \"\") !\u003d \"print(linear_search(6,a1))\":\n        failed(\"Il faut afficher la position de 6 dans a1 obtenue par recherche linéaire\")\n    if placeholders[6].replace(\" \", \"\") !\u003d \"print(binary_search(2,a2))\":\n        failed(\"Il faut afficher la position de 2 dans a2 obtenue par recherche dichotomique\")\n    if placeholders[7].replace(\" \", \"\") !\u003d \"print(binary_search(5,a2))\":\n        failed(\"Il faut afficher la position de 5 dans a2 obtenue par recherche dichotomique\")\n    if placeholders[8].replace(\" \", \"\") !\u003d \"print(binary_search(10,a2))\":\n        failed(\"Il faut afficher la position de 10 dans a2 obtenue par recherche dichotomique\")\n    if placeholders[9].replace(\" \", \"\") !\u003d \"print(binary_search(6,a2))\":\n        failed(\"Il faut afficher la position de 6 dans a2 obtenue par recherche dichotomique\")\n    passed()\n\n\ndef test_linear_search(file):\n    for i in range(100):\n        a \u003d list(range(10))\n        shuffle(a)\n        x \u003d choice(a)\n        j \u003d file.linear_search(x,a)\n        k \u003d a.index(x)\n        if j !\u003d k:\n            failed(\"linear_search({}, {}) donne le mauvais resultat : {} au lieu de {}\".format(x, a, j, k))\n    j \u003d file.linear_search(99, list(range(10)))\n    if j !\u003d -1:\n        failed(\"linear_search({}, {}) donne le mauvais resultat : {} au lieu de {}\".format(99, a, j, -1))\n    passed()\n\n\ndef test_binary_search(file):\n    for i in range(100):\n        a \u003d [2 * x for x in range(10)]\n        x \u003d choice(a)\n        j \u003d file.binary_search(x,a)\n        k \u003d a.index(x)\n        if j !\u003d k:\n            failed(\"binary_search({}, {}) donne le mauvais resultat : {} au lieu de {}\".format(x, a, j, k))\n        x \u003d choice(a) - 1\n        j \u003d file.binary_search(x,a)\n        if j !\u003d -1:\n            failed(\"binary_search({}, {}) donne le mauvais resultat : {} au lieu de {}\".format(x, a, j, -1))\n    passed()\n\n\nif __name__ \u003d\u003d \u0027__main__\u0027:\n    run_common_tests()\n    test_answer_placeholders()\n    file \u003d import_task_file()\n    test_linear_search(file)\n    test_binary_search(file)\n"
          },
          "description_text": "Recherche dans un tableau non trié\n\u003d\u003d\u003d\u003d\u003d\u003d\u003d\u003d\u003d\u003d\u003d\u003d\u003d\u003d\u003d\u003d\u003d\u003d\u003d\u003d\u003d\u003d\u003d\u003d\u003d\u003d\u003d\u003d\u003d\u003d\u003d\u003d\u003d\u003d\n\nOn veut chercher une valeur dans un tableau (également appelé une liste en Python) qui contient une suite d\u0027entiers non triés.\n\nDans ce cas, il n\u0027y a pas d\u0027algorithme plus efficace que de parcourir le tableau jusqu\u0027à trouver la valeur cherchée, puisqu\u0027elle peut se trouver dans n\u0027importe quelle position. Cet algorithme a une complexité O(n), ou n est la longeur du tableau, puisque dans le pire des cas il faut en parcourir la totalité pour vérifier que la valeur cherchée n\u0027y apparait pas.\n\nOn appelle ce type de recherche une « recherche linéaire ».\n\nExercice 1\n----------\n\nÉcrire le code de la fonction `linear_search(x, a)`. La fonction doit retourner un entier (entre `0` et `len(a) - 1`) qui correspond à la position de l\u0027élément `x` dans le tableau `a` (ou de sa première occurrence, si `x` apparait plusieurs fois dans `a`), ou bien l\u0027entier `-1` si `x` n\u0027apparait pas dans `a`. Utiliser l\u0027algorithme de recherche linéaire pour cet exercice.\n\n\nExercice 2\n----------\n\nPour tester la fonction `linear_search`, afficher les résultats de la recherche des valeurs `2`, `5`, `10` et `6` dans le tableau `a1`.\n\n\nRecherche dans un tableau trié\n\u003d\u003d\u003d\u003d\u003d\u003d\u003d\u003d\u003d\u003d\u003d\u003d\u003d\u003d\u003d\u003d\u003d\u003d\u003d\u003d\u003d\u003d\u003d\u003d\u003d\u003d\u003d\u003d\u003d\u003d\n\nSi le tableau où on veut chercher la valeur est déjà trié, on peut utiliser un algorithme plus efficace que la recherche linéaire, c\u0027est-à-dire la recherche dichotomique.\n\nOn commence par chercher la valeur dans tout le tableau, donc de la position `0` à la position `n - 1`. On calcule la position moyenne `m` entre ces deux positions et on vérifie si la valeur qu\u0027on cherche est dans la position `m`. Si c\u0027est le cas, on termine en retournant `m` comme résultat.\n\nSi ce n\u0027est pas le cas, on continue de chercher, soit dans la moitié du tableau qui reste à la gauche de la position `m` (si la valeur qu\u0027on cherche est inférieure à l\u0027élément du tableau en position `m`), soit dans la moitié droite (si elle est supérieure).\n\nOn continue de chercher jusqu\u0027à trouver la valeur au milieu d\u0027un sous-tableau ; si on arrive à éliminer tous les éléments du tableau sans l\u0027avoir trouvée, on retournera `-1` pour indiquer que la valeur n\u0027apparaît pas dans le tableau.\n\nComme on a vu en cours d\u0027Introduction à l\u0027informatique, cet algorithme élimine à chaque étape à peu près la moitié du tableau, ce qui signifie qu\u0027il termine en log₂ n étapes ou, en symboles, en temps O(log₂ n).\n\n\nExercice 3\n----------\n\nÉcrire le code de la fonction `binary_search`. Comme pour `linear_search`, cette fonction doit retourner un entier (entre `0` et `len(a) - 1`) qui correspond à la position de l\u0027élément `x` dans le tableau `a`, ou bien l\u0027entier `-1` si `x` n\u0027apparaît pas dans `a`. Utiliser l\u0027algorithme de recherche dichotomique décrit ci-dessus.\n\n\n\nExercice 4\n----------\n\nPour tester la fonction `linear_search`, afficher les résultats de la recherche des valeurs `2`, `5`, `10` et `6` dans le tableau trié `a2`.\n\n\nComparaison des temps de calcul\n\u003d\u003d\u003d\u003d\u003d\u003d\u003d\u003d\u003d\u003d\u003d\u003d\u003d\u003d\u003d\u003d\u003d\u003d\u003d\u003d\u003d\u003d\u003d\u003d\u003d\u003d\u003d\u003d\u003d\u003d\u003d\n\nPour mesurer le temps de calcul d\u0027un morceau de code en Python on peut utiliser la fonction `default_timer()`, qui retourne un `float` representant le temps actuel en secondes :\n\n    start \u003d default_timer()\n    # insérer le code ici\n    end \u003d default_timer()\n\nOn obtiendra (une approximation du) temps d\u0027execution du code en calculant `end - start`, le difference entre le temps initial et final.\n\nPour comparer le temps de calcul des fonctions `linear_search` et `binary_search` et apprecier la différence entre un algorithme à temps linéaire et un algorithme à temps logarithmique, on va mesurer combien de seconds prennent les deux fonctions dans le pire des cas (c\u0027est-à-dire, quand la valeur cherchée n\u0027apparait pas dans le tableau) pour un ensemble de tableaux de differentes longeurs.\n\n\nExercice 5\n----------\n\nDans le tableau `lengths` on a accumulé les entiers de `1` à `1000` ; pour chaque longueur `n` on crée un tableau `a` contenant les entiers de `0` à `n - 1` avec la fonction `list(range(n))`, qui convertit le `range` en tableau.\n\nMesurer le temps du calcul des deux fonctions `linear_search` et `binary_search` sur chaque tableau `a` dans le pire des cas (c\u0027est-à-dire, en cherchant une valeure qui n\u0027apparait pas) et ajouter les temps obtenus respectivement aux tableaux `times_linear` et `times_binary`.\n\nLe code après la boucle `for` dessinnera un graphe `matplotlib` avec les temps de calcul mesurés.\n",
          "description_format": "md",
          "additional_files": {},
          "update_date": "Jan 1, 1970 1:00:00 AM",
          "feedback_link": {
            "link_type": "STEPIK"
          },
          "task_type": "edu"
        }
      ],
      "type": "lesson"
    },
    {
      "id": 0,
      "update_date": "Jan 1, 1970 1:00:00 AM",
      "title": "Tri par sélection",
      "task_list": [
        {
          "name": "Exercice 2",
          "stepic_id": 0,
          "task_files": {
            "task.py": {
              "name": "task.py",
              "text": "from matplotlib.pyplot import plot, legend, show\nfrom timeit import default_timer\nfrom random import shuffle\n\n\n# Exercice 1\n\ndef find_minimum(a, left, right):\n    # écrire le code ici\n\n\n# Exercice 2\n\na1 \u003d [9, 4, 1, 3, 0, 8, 2, 6, 7, 5]\nprint(a1)\nm \u003d # écrire le code ici\nprint(\"Le minimum est en position\", m)\nprint()\n\n\n# Exercice 3\n\ndef swap(a, i, j):\n    # écrire le code ici\n\n\n# Exercice 4\n\nprint(\"Échange d\u0027éléments\")\n# échanger les éléments 1 et 7 de a1\n# échanger les éléments 4 et 3 de a1\n# afficher a1\nprint()\n\n# Exercice 5\n\ndef selection_sort(a):\n    # écrire le code ici\n\n\n# Exercice 6\n\nprint(\"Tri par selection\")\n# trier a1 par sélection\n# afficher a1\n\n# Exercice 7\n\n# écrire le code ici\n",
              "placeholders": [
                {
                  "offset": 163,
                  "length": 20,
                  "hints": [],
                  "possible_answer": "i \u003d left\n    for j in range(left + 1, right + 1):\n        if a[j] \u003c a[i]:\n            i \u003d j\n    return i",
                  "placeholder_text": "# écrire le code ici"
                },
                {
                  "offset": 250,
                  "length": 20,
                  "hints": [],
                  "possible_answer": "find_minimum(a1, 0, len(a1)-1)",
                  "placeholder_text": "# écrire le code ici"
                },
                {
                  "offset": 357,
                  "length": 20,
                  "hints": [],
                  "possible_answer": "tmp \u003d a[i]\n    a[i] \u003d a[j]\n    a[j] \u003d tmp",
                  "placeholder_text": "# écrire le code ici"
                },
                {
                  "offset": 422,
                  "length": 36,
                  "hints": [],
                  "possible_answer": "swap(a1, 1, 7)",
                  "placeholder_text": "# échanger les éléments 1 et 7 de a1"
                },
                {
                  "offset": 459,
                  "length": 36,
                  "hints": [],
                  "possible_answer": "swap(a1, 4, 3)",
                  "placeholder_text": "# échanger les éléments 4 et 3 de a1"
                },
                {
                  "offset": 496,
                  "length": 13,
                  "hints": [],
                  "possible_answer": "print(a1)",
                  "placeholder_text": "# afficher a1"
                },
                {
                  "offset": 560,
                  "length": 20,
                  "hints": [],
                  "possible_answer": "n \u003d len(a)\n    for i in range(n-1):\n        m \u003d find_minimum(a, i, n - 1)\n        swap(a, i, m)",
                  "placeholder_text": "# écrire le code ici"
                },
                {
                  "offset": 624,
                  "length": 24,
                  "hints": [],
                  "possible_answer": "selection_sort(a1)",
                  "placeholder_text": "# trier a1 par sélection"
                },
                {
                  "offset": 649,
                  "length": 13,
                  "hints": [],
                  "possible_answer": "print(a1)",
                  "placeholder_text": "# afficher a1"
                },
                {
                  "offset": 678,
                  "length": 20,
                  "hints": [],
                  "possible_answer": "lengths \u003d []\nfor i in range(1, 100):\n    lengths.append(i)\ntimes \u003d []\n\nfor n in lengths:\n    a \u003d list(range(n))\n    shuffle(a)\n    start \u003d default_timer()\n    selection_sort(a)\n    end \u003d default_timer()\n    times.append(end - start)\n\nif __name__ \u003d\u003d \u0027__main__\u0027:\n    plot(lengths, times)\n    show()",
                  "placeholder_text": "# écrire le code ici"
                }
              ]
            }
          },
          "test_files": {
            "tests.py": "from test_helper import run_common_tests, failed, passed, get_answer_placeholders, import_task_file\nfrom random import shuffle, choice\n\n\ndef test_answer_placeholders():\n    placeholders \u003d get_answer_placeholders()\n    #failed(placeholders[9])\n    if placeholders[1].replace(\" \", \"\") !\u003d \"find_minimum(a1,0,len(a1)-1)\":\n        failed(\"Mauvaise recherche du minimum du tableau a1\")\n    if placeholders[3].replace(\" \", \"\") !\u003d \"swap(a1,1,7)\":\n        failed(\"Mauvais échange des éléments 1 et 7 de a1\")\n    if placeholders[4].replace(\" \", \"\") !\u003d \"swap(a1,4,3)\":\n        failed(\"Mauvais échange des éléments 4 et 3 de a1\")\n    if placeholders[5].replace(\" \", \"\") !\u003d \"print(a1)\":\n        failed(\"Mauvais affichage de a1\")\n    if placeholders[7].replace(\" \", \"\") !\u003d \"selection_sort(a1)\":\n        failed(\"Mauvais tri par sélection de a1\")\n    if placeholders[9].replace(\" \", \"\") !\u003d \"print(a1)\":\n        failed(\"Mauvais affichage de a1\")\n    passed()\n\n\ndef test_find_minimum(file):\n    for i in range(100):\n        a \u003d list(range(10))\n        shuffle(a)\n        j \u003d file.find_minimum(a, 0, len(a) - 1)\n        k \u003d a.index(min(a))\n        if j !\u003d k:\n            failed(\"find_minimum({}) donne le mauvais resultat : {} au lieu de {}\".format(a, j, k))\n    passed()\n\ndef test_swap(file):\n    for i in range(100):\n        a \u003d list(range(10))\n        b \u003d a.copy()\n        c \u003d a.copy()\n        j \u003d choice(range(len(a)))\n        k \u003d choice(range(len(a)))\n        file.swap(b, j, k)\n        c[k], c[j] \u003d c[j], c[k]\n        if b !\u003d c:\n            failed(\"swap({}, {}, {}) donne le mauvais resultat : {} au lieu de {}\".format(a, j, k, b, c))\n    passed()\n\n\ndef test_selection_sort(file):\n    for i in range(100):\n        a \u003d list(range(10))\n        shuffle(a)\n        b \u003d a.copy()\n        c \u003d a.copy()\n        file.selection_sort(b)\n        c.sort()\n        if b !\u003d c:\n            failed(\"selection_sort({}) donne le mauvais resultat : {} au lieu de {}\".format(a, b, c))\n    passed()\n\n\nif __name__ \u003d\u003d \u0027__main__\u0027:\n    run_common_tests()\n    test_answer_placeholders()\n    file \u003d import_task_file()\n    test_find_minimum(file)\n    test_swap(file)\n    test_selection_sort(file)\n"
          },
          "description_text": "Tri par sélection\n\u003d\u003d\u003d\u003d\u003d\u003d\u003d\u003d\u003d\u003d\u003d\u003d\u003d\u003d\u003d\u003d\u003d\n\nIl existe de nombreux algorithmes pour trier les tableaux (par exemple, le tri par insertion et le tri fusion qu\u0027on a vu dans l\u0027UE Introduction à l\u0027informatique).\n\nLe tri par sélection d\u0027un tableau `a` consiste en chercher le minimum de `a`, en échanger cet élément avec l\u0027élément en position `0` et en répéter cette procédure pour le sous-tableau de la position `1` à la position `n - 1`, puis pour le le sous-tableau de la position `2` à la position `n - 1`, etc., jusqu\u0027à la fin du tableau.\n\nAprès l\u0027`i`-ème étape de l\u0027algorithme, la portion initiale du tableau (de la position `0` à la position `i`) sera trié, ce qui nous garantit que la totalité du tableau sera triè à la fin de l\u0027algorithme.\n\n\nExercice 1\n----------\n\nÉcrire la fonction `find_minimum(a, left, right)`, qui prend comme arguments un tableau `a` (de longueur `\u003e\u003d 1`) et deux entiers `left` et `right` et retourne la position de l\u0027élément minimum du sous-tableau de la position `left` à la position `right`.\n\nExercice 2\n----------\n\nAffecter à la variable `m` le minimum du tableau `a1` avec la fonction `find_minimum`.\n\n\nExercice 3\n----------\n\nÉcrire la fonction `swap(a, i, j)`, qui prend commme arguments un tableau `a` et deux entiers `i` et `j` et qui échange les éléments de position `i` et `j` en `a`. (La fonction ne retourne aucun résultat, puisque sa tâche est de modifier directement le tableau `a`.)\n\nExercice 4\n----------\n\nÉchanger les éléments en position `1` et `7`, puis ceux en position `4` et `3` dans le tableau `a1` à l\u0027aide de la fonction `swap`. Afficher le tableau `a1` ainsi modifié.\n\nExercice 5\n----------\n\nÉcrire la fonction `selection_sort(a)`, qui prend comme argument un tableau `a` et le trie avec l\u0027algorithme de tri par sélection. Utiliser les fonctions `find_minimum` et `swap` pour résoudre cet exercice. (La fonction ne retourne aucun résultat, puisque sa tâche est de modifier directement le tableau `a`.)\n\nExercice 6\n----------\n\nTrier le tableau `a1` à l\u0027aide de la fonction `selection_sort` qu\u0027on vient d\u0027écrire. Afficher le tableau `a1` ainsi modifié.\n\nExercice 7\n----------\n\nÉvaluer expérimentalement l\u0027efficacité de l\u0027algorithme de tri par sélection. Procéder comme dans le dernier exercice sur la recherche dans lex tableaux, en générant un tableau `a` de taille `n` pour chaque valeur de `n` dans un intervalle approprié (conseil : commencer avec un petit intervalle, par exemple de 1 à 100, puisque l\u0027algorithme de tri est beaucoup plus lent que les algorithmes de recherche).\n\nUtiliser la fonction `shuffle(a)` pour permuter de façon aléatoire le contenu du tableau `a`. Mesurer le temps de calcul de `selection_sort(a)` pour chaque tableau `a` et dessiner un graphe qui montre le temps pour chaque taille de tableau.\n\nAprès avoir analysé le graphe et le code, quelles conclusions peut-on tirer sur le temps de calcul de `selection_sort` en fonction de la taille des entrées ?\n",
          "description_format": "md",
          "additional_files": {},
          "update_date": "Jan 1, 1970 1:00:00 AM",
          "feedback_link": {
            "link_type": "STEPIK"
          },
          "task_type": "edu"
        }
      ],
      "type": "lesson"
    },
    {
      "id": 0,
      "update_date": "Jan 1, 1970 1:00:00 AM",
      "title": "Edu additional materials",
      "task_list": [
        {
          "name": "Edu additional materials",
          "stepic_id": 0,
          "task_files": {},
          "test_files": {},
          "description_format": "md",
          "additional_files": {
            "test_helper.py": "import sys\n\n\ndef get_file_text(path):\n    \"\"\" Returns file text by path\"\"\"\n    file_io \u003d open(path, \"r\")\n    text \u003d file_io.read()\n    file_io.close()\n    return text\n\n\ndef get_file_output(encoding\u003d\"utf-8\", path\u003dsys.argv[-1], arg_string\u003d\"\"):\n    \"\"\"\n    Returns answer file output\n    :param encoding: to decode output in python3\n    :param path: path of file to execute\n    :return: list of strings\n    \"\"\"\n    import subprocess\n\n    proc \u003d subprocess.Popen([sys.executable, path], stdin\u003dsubprocess.PIPE, stdout\u003dsubprocess.PIPE,\n                            stderr\u003dsubprocess.STDOUT)\n    if arg_string:\n        for arg in arg_string.split(\"\\n\"):\n            proc.stdin.write(bytearray(str(arg) + \"\\n\", encoding))\n            proc.stdin.flush()\n\n    return list(map(lambda x: str(x.decode(encoding)), proc.communicate()[0].splitlines()))\n\n\ndef test_file_importable():\n    \"\"\" Tests there is no obvious syntax errors\"\"\"\n    path \u003d sys.argv[-1]\n    if not path.endswith(\".py\"):\n        import os\n\n        parent \u003d os.path.abspath(os.path.join(path, os.pardir))\n        python_files \u003d [f for f in os.listdir(parent) if os.path.isfile(os.path.join(parent, f)) and f.endswith(\".py\")]\n        for python_file in python_files:\n            if python_file \u003d\u003d \"tests.py\":\n                continue\n            check_importable_path(os.path.join(parent, python_file))\n        return\n    check_importable_path(path)\n\n\ndef check_importable_path(path):\n    \"\"\" Checks that file is importable.\n        Reports failure otherwise.\n    \"\"\"\n    saved_input \u003d patch_input()\n    try:\n        import_file(path)\n    except:\n        failed(\"The file contains syntax errors\", test_file_importable.__name__)\n        return\n    finally:\n        revert_input(saved_input)\n\n    passed(test_file_importable.__name__)\n\n\ndef patch_input():\n    def mock_fun(_m\u003d\"\"):\n        return \"mock\"\n\n    if sys.version_info[0] \u003d\u003d 3:\n        import builtins\n        save_input \u003d builtins.input\n        builtins.input \u003d mock_fun\n        return save_input\n    elif sys.version_info[0] \u003d\u003d 2:\n        import __builtin__\n        save_input \u003d __builtin__.raw_input\n        __builtin__.raw_input \u003d mock_fun\n        __builtin__.input \u003d mock_fun\n        return save_input\n\n\ndef revert_input(saved_input):\n    if sys.version_info[0] \u003d\u003d 3:\n        import builtins\n        builtins.input \u003d saved_input\n    elif sys.version_info[0] \u003d\u003d 2:\n        import __builtin__\n        __builtin__.raw_input \u003d saved_input\n        __builtin__.input \u003d saved_input\n\n\ndef import_file(path):\n    \"\"\" Returns imported file \"\"\"\n    if sys.version_info[0] \u003d\u003d 2 or sys.version_info[1] \u003c 3:\n        import imp\n\n        return imp.load_source(\"tmp\", path)\n    elif sys.version_info[0] \u003d\u003d 3:\n        import importlib.machinery\n\n        return importlib.machinery.SourceFileLoader(\"tmp\", path).load_module(\"tmp\")\n\n\ndef import_task_file():\n    \"\"\" Returns imported file.\n        Imports file from which check action was run\n    \"\"\"\n    path \u003d sys.argv[-1]\n    return import_file(path)\n\n\ndef test_is_not_empty():\n    \"\"\"\n        Checks that file is not empty\n    \"\"\"\n    path \u003d sys.argv[-1]\n    file_text \u003d get_file_text(path)\n\n    if len(file_text) \u003e 0:\n        passed()\n    else:\n        failed(\"The file is empty. Please, reload the task and try again.\")\n\n\ndef test_text_equals(text, error_text):\n    \"\"\"\n        Checks that answer equals text.\n    \"\"\"\n    path \u003d sys.argv[-1]\n    file_text \u003d get_file_text(path)\n\n    if file_text.strip() \u003d\u003d text:\n        passed()\n    else:\n        failed(error_text)\n\n\ndef test_answer_placeholders_text_deleted(error_text\u003d\"Don\u0027t just delete task text\"):\n    \"\"\"\n        Checks that all answer placeholders are not empty\n    \"\"\"\n    windows \u003d get_answer_placeholders()\n\n    for window in windows:\n        if len(window) \u003d\u003d 0:\n            failed(error_text)\n            return\n    passed()\n\n\ndef set_congratulation_message(message):\n    \"\"\" Overrides default \u0027Congratulations!\u0027 message \"\"\"\n    print(\"#educational_plugin CONGRATS_MESSAGE \" + message)\n\n\ndef failed(message\u003d\"Please, reload the task and try again.\", name\u003dNone):\n    \"\"\" Reports failure \"\"\"\n    if not name:\n        name \u003d sys._getframe().f_back.f_code.co_name\n    print(\"#educational_plugin \" + name + \" FAILED + \" + message)\n\n\ndef passed(name\u003dNone):\n    \"\"\" Reports success \"\"\"\n    if not name:\n        name \u003d sys._getframe().f_back.f_code.co_name\n    print(\"#educational_plugin \" + name + \" test OK\")\n\n\ndef get_answer_placeholders():\n    \"\"\"\n        Returns all answer placeholders text\n    \"\"\"\n    prefix \u003d \"#educational_plugin_window \u003d \"\n    path \u003d sys.argv[-1]\n    import os\n\n    file_name_without_extension \u003d os.path.splitext(path)[0]\n    windows_path \u003d file_name_without_extension + \"_windows\"\n    windows \u003d []\n    f \u003d open(windows_path, \"r\")\n    window_text \u003d \"\"\n    first \u003d True\n    for line in f.readlines():\n        if line.startswith(prefix):\n            if not first:\n                windows.append(window_text.strip())\n            else:\n                first \u003d False\n            window_text \u003d line[len(prefix):]\n        else:\n            window_text +\u003d line\n\n    if window_text:\n        windows.append(window_text.strip())\n\n    f.close()\n    return windows\n\n\ndef check_samples(samples\u003d()):\n    \"\"\"\n      Check script output for all samples. Sample is a two element list, where the first is input and\n      the second is output.\n    \"\"\"\n    for sample in samples:\n        if len(sample) \u003d\u003d 2:\n            output \u003d get_file_output(arg_string\u003dstr(sample[0]))\n            if \"\\n\".join(output) !\u003d sample[1]:\n                failed(\n                    \"Test from samples failed: \\n \\n\"\n                    \"Input:\\n{}\"\n                    \"\\n \\n\"\n                    \"Expected:\\n{}\"\n                    \"\\n \\n\"\n                    \"Your result:\\n{}\".format(str.strip(sample[0]), str.strip(sample[1]), \"\\n\".join(output)))\n                return\n        set_congratulation_message(\"All test from samples passed. Now we are checking your solution on Stepik server.\")\n\n    passed()\n\n\ndef run_common_tests(error_text\u003d\"Please, reload file and try again\"):\n    test_is_not_empty()\n    test_answer_placeholders_text_deleted()\n    test_file_importable()\n"
          },
          "update_date": "Jan 1, 1970 1:00:00 AM",
          "feedback_link": {
            "link_type": "STEPIK"
          },
          "task_type": "edu"
        }
      ],
      "type": "lesson"
    }
  ]
}