{
  "summary": "TP8",
  "title": "TP8",
  "programming_language": "Python",
  "language": "en",
  "items": [
    {
      "id": 0,
      "update_date": "Jan 1, 1970 1:00:00 AM",
      "title": "Récursivité",
      "task_list": [
        {
          "name": "Factorielle",
          "stepic_id": 0,
          "task_files": {
            "task.py": {
              "name": "task.py",
              "text": "# Q1\n#fonction factorial(n)\n\n\n# Q2\n# appel pour n\u003d1\n\n# Q3\n# appel pour n\u003d10\n\n\n# Q4\n# fonction factorial_print_step\n\n\n# Q5\n# appel factorial_print_step\n",
              "placeholders": [
                {
                  "offset": 5,
                  "length": 22,
                  "hints": [],
                  "possible_answer": "def factorial(n):\n    if n \u003d\u003d 1:\n        return 1\n    else:\n        return n * factorial(n - 1)",
                  "placeholder_text": "#fonction factorial(n)"
                },
                {
                  "offset": 35,
                  "length": 16,
                  "hints": [],
                  "possible_answer": "print(factorial(1))",
                  "placeholder_text": "# appel pour n\u003d1"
                },
                {
                  "offset": 58,
                  "length": 17,
                  "hints": [],
                  "possible_answer": "print(factorial(10))",
                  "placeholder_text": "# appel pour n\u003d10"
                },
                {
                  "offset": 83,
                  "length": 31,
                  "hints": [],
                  "possible_answer": "def factorial_print_step(n):\n    print(n)\n    if n \u003d\u003d 1:\n        return 1\n    else:\n        return n * factorial_print_step(n - 1)",
                  "placeholder_text": "# fonction factorial_print_step"
                },
                {
                  "offset": 122,
                  "length": 28,
                  "hints": [],
                  "possible_answer": "print(factorial_print_step(10))",
                  "placeholder_text": "# appel factorial_print_step"
                }
              ]
            }
          },
          "test_files": {
            "tests.py": "from test_helper import run_common_tests, failed, passed, get_answer_placeholders, import_task_file\n\n\ndef test_answer_placeholders():\n    placeholders \u003d get_answer_placeholders()\n    test_factorial(placeholders[0])\n    test_print_answers(placeholders[1], \"factorial\", \"1\")\n    test_print_answers(placeholders[2], \"factorial\", \"10\")\n    test_factorial_print(placeholders[3])\n    test_print_answers(placeholders[4], \"factorial_print_step\", \"10\")\n\n\ndef test_print_answers(answer, function, variable):\n    correction \u003d \"print(\" + function + \"(\" + variable + \"))\"\n    answer \u003d answer.replace(\" \", \"\")\n    if answer \u003d\u003d correction:\n        passed()\n    elif answer.find(\"print\") \u003d\u003d -1:\n        failed(\"Vous n\u0027avez pas appelé la fonction print\")\n    elif answer.find(function) \u003d\u003d -1:\n        failed(\"Vous n\u0027avez pas utilisé votre fonction factorial\")\n    elif answer.find(variable) \u003d\u003d -1:\n        failed(\"Vous n\u0027avez pas appelé votre fonction sur la bonne valeur\")\n\n\ndef test_factorial(answer):\n    file \u003d import_task_file()\n    answer \u003d answer.replace(\" \", \"\")\n    if answer.find(\"deffactorial\") \u003d\u003d -1:\n        failed(\"Q1 : Votre fonction n\u0027a pas le nom demandé ou n\u0027est pas définie\")\n    elif answer.find(\"deffactorial(n)\") \u003d\u003d -1:\n        failed(\"Q1 : Votre fonction n\u0027a pas les bons arguments\")\n    elif answer.find(\"factorial(n-1)\") \u003d\u003d -1:\n        failed(\"Q1 : Votre fonction ne contient pas d\u0027appels récursifs ou il est faux\")\n    elif answer.find(\"ifn\u003d\u003d1\") \u003d\u003d -1 or answer.find(\"return1\") \u003d\u003d -1:\n        failed(\"Q1 : Vous avez oublié le cas de base ou il est faux\")\n    elif answer.find(\"return\") \u003d\u003d -1:\n        failed(\"Q1 : Votre fonction ne retourne rien\")\n    elif file.factorial(10) !\u003d 3628800:\n        failed(\"Q1 : La fonction factorial ne renvoie pas le bon résultat.\")\n    else:\n        passed()\n\n\ndef test_factorial_print(answer):\n    file \u003d import_task_file()\n    answer \u003d answer.replace(\" \", \"\")\n    if answer.find(\"deffactorial_print_step\") \u003d\u003d -1:\n        failed(\"Q4 : Votre fonction n\u0027a pas le nom demandé ou n\u0027est pas définie\")\n    elif answer.find(\"deffactorial_print_step(n)\") \u003d\u003d -1:\n        failed(\"Q4 : Votre fonction n\u0027a pas les bons arguments\")\n    elif answer.find(\"ifn\u003d\u003d1\") \u003d\u003d -1 or answer.find(\"return1\") \u003d\u003d -1:\n        failed(\"Q4 : Vous avez oublié le cas de base ou il est faux\")\n    elif answer.find(\"factorial_print_step(n-1)\") \u003d\u003d -1:\n        failed(\"Q4 : Votre fonction ne contient pas d\u0027appels récursifs ou il est faux\")\n    elif answer.find(\"return\") \u003d\u003d -1:\n        failed(\"Q4 : Votre fonction ne retourne rien\")\n    elif answer.find(\"print(n)\") \u003d\u003d -1:\n        failed(\"Q4 : Votre fonction n\u0027affiche rien ou pas la bonne chose\")\n    elif file.factorial_print_step(10) !\u003d 3628800:\n        failed(\"Q1 : La fonction factorial_print_step ne renvoie pas le bon résultat.\")\n    else:\n        passed()\n\n\nif __name__ \u003d\u003d \u0027__main__\u0027:\n    run_common_tests()\n    test_answer_placeholders()\n"
          },
          "description_text": "# Consigne pour les tests automatiques\n\nDans la partie Récursivité du TP, un certain nombre de tests automatiques vous aideront à réaliser vos fonctions en vous\ndonnant des indices si elles ne paraissent pas justes. Si vous voulez que ces tests fonctionnent le mieux possible et \npuissent vous indiquer la voie à suivre, vous devez nommer vos fonctions et leurs paramètres EXACTEMENT de la manière \ndemandée dans l\u0027énoncé.\n\n# Récursivité\n\nEn informatique, on dit qu\u0027un algorithme est **récursif** quand il fait référence à lui-même.\n\nPar exemple, la fonction suivante est récursive :\n\n    def print_n_hello(n):\n        if n \u003e 0:\n            print(\"Hello\")\n            print_n_hello(n-1)\n        \nEn effet, on trouve à l\u0027intérieur de la définition de la fonction `print_n_hello(n)` un appel à cette même fonction. On\nappelle cela un **appel récursif**, c\u0027est-à-dire l\u0027utilisation d\u0027une fonction dans sa définition.\n\nNotre fonction permet donc d\u0027afficher `n` fois le mot `\"Hello\"` en remarquant qu\u0027afficher `n` fois ce mot revient à \nl\u0027afficher une fois puis à recommencer pour `n-1`.\n\nQuand on écrit une fonction récursive, il faut toujours penser à mettre un **cas de base**. Cela signifie qu\u0027il faut \nsavoir quand la fonction va arrêter de faire des appels récursifs, sinon, elle ne s\u0027arrêtera jamais !\n\nPar exemple, notre algorithme s\u0027arrête car on rappelle la fonction à chaque fois avec un entier plus petit que lors de \nl\u0027appel précédent (`n-1` au lieu de `n`) et quand `n` devient nul, on ne fait rien. On est donc certains qu\u0027au bout d\u0027un\nnombre d\u0027appels récursifs fini, la fonction ne fera plus rien et s\u0027arrêtera.\n\n##Questions\n\nCertaines fonctions se définissent naturellement de manière récursive. Considérons la fonction factorielle :\n`n! \u003d n x (n-1) x (n-2) x ... x 1`. On peut remarquer que `n! \u003d n x (n-1)!` pour `n\u003e1` et `1! \u003d 1` ce qui constitue\n notre appel récursif et notre cas de base.\n\n1. Définissez une fonction **récursive** `factorial(n)` qui renvoie le résultat du calcul `n!`.\n\n2. Affichez le résultat de votre fonction pour `n\u003d1`.\n\n3. Affichez le résultat de votre fonction pour `n\u003d10`.\n\n4. Écrivez une nouvelle fonction `factorial_print_step(n)` qui calcule le résultat du calcul `n!` mais en plus affiche la\nvaleur du paramètre `n` sur laquelle elle est appelée.\n\n5. Affichez le résultat de  votre fonction pour `n\u003d10` et observez tous les appels récursifs à votre fonction.",
          "description_format": "md",
          "additional_files": {},
          "update_date": "Jan 1, 1970 1:00:00 AM",
          "feedback_link": {
            "link_type": "STEPIK"
          },
          "task_type": "edu"
        },
        {
          "name": "Exponentiation normale et rapide",
          "stepic_id": 0,
          "task_files": {
            "task.py": {
              "name": "task.py",
              "text": "# Q1\n# fonction exponentiation\n\n\n# Q2\n# appel exponentiation pour x\u003d2 et n\u003d4\n\n\n# Q3\n# fonction recursive_exponentiation\n\n\n# Q4\n# appel de recursive_exponentiation pour x\u003d2 et n\u003d4\n\n\n# Q5\n# fonction fast_exponentiation\n\n\n# Q6\n# appel de fast_exponentiation pour x\u003d2 et n\u003d4\n",
              "placeholders": [
                {
                  "offset": 5,
                  "length": 25,
                  "hints": [],
                  "possible_answer": "def exponentiation(x, n):\n    result \u003d 1\n    for i in range(n):\n        result \u003d result * x\n    return result",
                  "placeholder_text": "# fonction exponentiation"
                },
                {
                  "offset": 38,
                  "length": 38,
                  "hints": [],
                  "possible_answer": "print(exponentiation(2, 4))",
                  "placeholder_text": "# appel exponentiation pour x\u003d2 et n\u003d4"
                },
                {
                  "offset": 84,
                  "length": 35,
                  "hints": [],
                  "possible_answer": "def recursive_exponentiation(x, n):\n    if n \u003d\u003d 0:\n        return 1\n    else:\n        return x * recursive_exponentiation(x, n - 1)",
                  "placeholder_text": "# fonction recursive_exponentiation"
                },
                {
                  "offset": 127,
                  "length": 51,
                  "hints": [],
                  "possible_answer": "print(recursive_exponentiation(2, 4))",
                  "placeholder_text": "# appel de recursive_exponentiation pour x\u003d2 et n\u003d4"
                },
                {
                  "offset": 186,
                  "length": 30,
                  "hints": [],
                  "possible_answer": "def fast_exponentiation(x, n):\n    if n \u003d\u003d 0:\n        return 1\n    elif n \u003d\u003d 1:\n        return x\n    else:\n        if n % 2 \u003d\u003d 0:\n            return fast_exponentiation(x * x, n // 2)\n        else:\n            return x * fast_exponentiation(x * x, (n - 1) // 2)",
                  "placeholder_text": "# fonction fast_exponentiation"
                },
                {
                  "offset": 224,
                  "length": 46,
                  "hints": [],
                  "possible_answer": "print(fast_exponentiation(2, 4))",
                  "placeholder_text": "# appel de fast_exponentiation pour x\u003d2 et n\u003d4"
                }
              ]
            }
          },
          "test_files": {
            "tests.py": "from test_helper import run_common_tests, failed, passed, get_answer_placeholders, import_task_file\n\n\ndef test_answer_placeholders():\n    placeholders \u003d get_answer_placeholders()\n    test_normal_exp(placeholders[0])\n    test_print_answers(placeholders[1], \"exponentiation\", \"2\", \"4\")\n    test_rec_exp(placeholders[2])\n    test_print_answers(placeholders[3], \"recursive_exponentiation\", \"2\", \"4\")\n    test_fast_exp(placeholders[4])\n    test_print_answers(placeholders[5], \"fast_exponentiation\", \"2\", \"4\")\n\n\ndef test_print_answers(answer, function, variable1, variable2):\n    correction \u003d \"print(\" + function + \"(\" + variable1 + \",\" + variable2 + \"))\"\n    answer \u003d answer.replace(\" \", \"\")\n    if answer \u003d\u003d correction:\n        passed()\n    elif answer.find(\"print\") \u003d\u003d -1:\n        failed(\"Vous n\u0027avez pas appelé la fonction print\")\n    elif answer.find(function) \u003d\u003d -1:\n        failed(\"Vous n\u0027avez pas utilisé votre fonction \" + function)\n    elif answer.find(variable1) \u003d\u003d -1 or answer.find(variable2) \u003d\u003d -1:\n        failed(\"Vous n\u0027avez pas appelé votre fonction sur la bonne valeur\")\n\n\ndef test_normal_exp(answer):\n    file \u003d import_task_file()\n    answer \u003d answer.replace(\" \", \"\")\n    if answer.find(\"defexponentiation\") \u003d\u003d -1:\n        failed(\"Q1 : Votre fonction n\u0027a pas le nom demandé ou n\u0027est pas définie\")\n    elif answer.find(\"defexponentiation(x,n)\") \u003d\u003d -1:\n        failed(\"Q1 : Votre fonction n\u0027a pas les bons arguments\")\n    elif answer.find(\"for\") \u003d\u003d -1:\n        failed(\"Q1 : Essayez d\u0027utiliser une boucle for\")\n    elif answer.find(\"return\") \u003d\u003d -1:\n        failed(\"Q1 : Votre fonction ne retourne rien\")\n    elif file.exponentiation(2, 5) !\u003d 32:\n        failed(\"Q1 : La fonction exponentiation ne renvoie pas le bon résultat dans au moins un cas.\")\n    else:\n        passed()\n\n\ndef test_rec_exp(answer):\n    file \u003d import_task_file()\n    answer \u003d answer.replace(\" \", \"\")\n    if answer.find(\"defrecursive_exponentiation\") \u003d\u003d -1:\n        failed(\"Q3 : Votre fonction n\u0027a pas le nom demandé ou n\u0027est pas définie\")\n    elif answer.find(\"defrecursive_exponentiation(x,n)\") \u003d\u003d -1:\n        failed(\"Q3 : Votre fonction n\u0027a pas les bons arguments\")\n    elif answer.find(\"ifn\u003d\u003d0:\") \u003d\u003d -1 or answer.find(\"return1\"\u003d\u003d-1):\n        failed(\"Q3 : Vous n\u0027avez pas défini le cas de base ou il est faux\")\n    elif answer.find(\"recursive_exponentiation(x,n-1)\") \u003d\u003d -1:\n        failed(\"Q3 : Votre fonction ne contient pas d\u0027appels récursifs ou il est faux\")\n    elif answer.find(\"return\") \u003d\u003d -1:\n        failed(\"Q3 : Votre fonction ne retourne rien\")\n    elif file.recursive_exponentiation(2, 5) !\u003d 32:\n        failed(\"Q3 : La fonction recursive_exponentiation ne renvoie pas le bon résultat.\")\n    else:\n        passed()\n\n\ndef test_fast_exp(answer):\n    file \u003d import_task_file()\n    answer \u003d answer.replace(\" \", \"\")\n    if answer.find(\"deffast_exponentiation\") \u003d\u003d -1:\n        failed(\"Q5 : Votre fonction n\u0027a pas le nom demandé ou n\u0027est pas définie\")\n    elif answer.find(\"ifn\u003d\u003d0:\") \u003d\u003d -1:\n        failed(\"Q5 : Vous n\u0027avez pas défini le cas de base ou il est faux\")\n    elif answer.find(\"return\") \u003d\u003d -1:\n        failed(\"Q5 : Votre fonction ne retourne rien\")\n    elif answer.find(\"ifn%2\u003d\u003d0\") \u003d\u003d -1 and answer.find(\"ifn%2\u003d\u003d1\") \u003d\u003d -1:\n        failed(\"Q5 : Avez-vous testé la parité de n ?\")\n    elif answer.find(\"fast_exponentiation(x*x,n//2)\") \u003d\u003d -1 and answer.find(\"fast_exponentiation(x*x,n/2)\") \u003d\u003d -1:\n        failed(\"Q5 : Vérifiez votre appel récursif dans le cas pair\")\n    elif answer.find(\"x*fast_exponentiation(x*x,(n-1)//2)\") \u003d\u003d -1 and answer.find(\n            \"fast_exponentiation(x*x,(n-1)//2)*x\") \u003d\u003d -1 and answer.find(\n            \"x*fast_exponentiation(x*x,(n-1)/2)\") \u003d\u003d -1 and answer.find(\"fast_exponentiation(x*x,(n-1)/2)*x\") \u003d\u003d -1:\n        failed(\"Q5 : Vérifiez votre appel récursif dans le cas impair\")\n    elif file.fast_exponentiation(2, 5) !\u003d 32:\n        failed(\"Q5 : La fonction fast_exponentiation ne renvoie pas le bon résultat.\")\n    else:\n        passed()\n\n\nif __name__ \u003d\u003d \u0027__main__\u0027:\n    run_common_tests()\n    test_answer_placeholders()\n"
          },
          "description_text": "# Exponentiation\n\nQuand une fonction ne fait pas un appel à elle-même, on dit qu\u0027elle est **itérative**. Toutes les fonctions que vous avez\nécrites jusqu\u0027à maintenant étaient donc itératives.\n\n## Exponentiation \"normale\"\n\n1. Écrivez une fonction **itérative** `exponentiation(x, n)` pour calculer la valeur de $x^n$. \n\n2. Affichez le résultat de  votre fonction pour `x\u003d2` et `n\u003d4`.\n\n3. Écrivez une fonction **récursive** `recursive_exponentiation(x, n)` pour calculer la valeur de $x^n$. On pourra remarquer que \n$x^n \u003d x * x^{n-1}$.\n\n4. Affichez le résultat de  votre fonction pour `x\u003d2` et `n\u003d4`.\n\n## Exponentiation rapide\n\nLors d\u0027un TP précédent, vous avez écrit une fonction d\u0027exponentiation rapide. Pour cela, vous avez utilisé la remarque \nsuivante pour calculer $x^n$ :\n- si $x$ est pair : $x^n \u003d (x*x)^{n/2}$;\n- si $x$ est impair : $x^n \u003d x * (x*x)^{\\frac{n-1}{2}}$.\n\nVous ne connaissiez pas la notion de fonction récursive à ce moment-là et vous avez donc écrit une fonction **itérative**.\n\n5. Écrivez une fonction **récursive** `fast_exponentiation(x,n)` qui calcule $x^n$ en utilisant la méthode de \nl\u0027exponentiation rapide. Attention, n\u0027oubliez pas les cas de base.\n\n6. Affichez le résultat de  votre fonction pour `x\u003d2` et `n\u003d4`.\n\n",
          "description_format": "md",
          "additional_files": {},
          "update_date": "Jan 1, 1970 1:00:00 AM",
          "feedback_link": {
            "link_type": "STEPIK"
          },
          "task_type": "edu"
        },
        {
          "name": "Tri fusion",
          "stepic_id": 0,
          "task_files": {
            "task.py": {
              "name": "task.py",
              "text": "def merge(l1, l2):\n    i1 \u003d 0\n    i2 \u003d 0\n    merged \u003d []\n    while i1 \u003c len(l1) and i2 \u003c len(l2):\n        if l1[i1] \u003c l2[i2]:\n            merged.append(l1[i1])\n            i1 +\u003d 1\n        else:\n            merged.append(l2[i2])\n            i2 +\u003d 1\n\n    while i1 \u003c len(l1):\n        merged.append(l1[i1])\n        i1 +\u003d 1\n\n    while i2 \u003c len(l2):\n        merged.append(l2[i2])\n        i2 +\u003d 1\n\n    return merged\n\n\n# Q1\n# fonction merge_sort\n\n# Q2\n# appel de merge_sort sur la liste [4,7,1,0,3,6]\n",
              "placeholders": [
                {
                  "offset": 416,
                  "length": 21,
                  "hints": [],
                  "possible_answer": "def merge_sort(l):\n    if len(l) \u003d\u003d 0 or len(l) \u003d\u003d 1:\n        return l\n    else:\n        n \u003d len(l)\n        l1 \u003d l[:n // 2]\n        l2 \u003d l[n // 2:]\n        l1_sorted \u003d merge_sort(l1)\n        l2_sorted \u003d merge_sort(l2)\n        return merge(l1_sorted, l2_sorted)\n",
                  "placeholder_text": "# fonction merge_sort"
                },
                {
                  "offset": 444,
                  "length": 48,
                  "hints": [],
                  "possible_answer": "print(merge_sort([4, 7, 1, 0, 3, 6]))",
                  "placeholder_text": "# appel de merge_sort sur la liste [4,7,1,0,3,6]"
                }
              ]
            }
          },
          "test_files": {
            "tests.py": "from test_helper import run_common_tests, failed, passed, get_answer_placeholders, import_task_file\nimport re\n\n\ndef test_answer_placeholders():\n    placeholders \u003d get_answer_placeholders()\n    test_merge_sort_function(placeholders[0])\n    test_print(placeholders[1], \"merge_sort\")\n\n\ndef test_merge_sort_function(answer):\n    file \u003d import_task_file()\n    answer \u003d answer.replace(\" \", \"\")\n    if answer.find(\"defmerge_sort\") \u003d\u003d -1:\n        failed(\"Q1 : Votre fonction n\u0027a pas le nom demandé ou n\u0027est pas définie\")\n    elif answer.find(\"defmerge_sort(l)\") \u003d\u003d -1:\n        failed(\"Q1 : Votre fonction n\u0027a pas les bons arguments\")\n    elif answer.find(\"len(l)\") \u003d\u003d -1:\n        failed(\"Q1 : Vous n\u0027avez pas utilisé la longueur de la liste\")\n    elif answer.find(\"\u003d\u003d0\") \u003d\u003d -1 or answer.find(\"\u003d\u003d1\") \u003d\u003d -1:\n        failed(\"Q1 : Vous n\u0027avez pas défini les cas de base\")\n    elif answer.find(\"returnl\") \u003d\u003d -1:\n        failed(\"Q1 : Vos cas de base ne renvoient pas la bonne chose\")\n    elif not re.search(\"l\\[\\:\\S*//2\\]\", answer):\n        failed(\"Q1 : Avez-vous pensé à couper la liste en deux et à utiliser la division entière par 2 ?\")\n    elif answer.find(\"return\") \u003d\u003d -1:\n        failed(\"Q1 : Votre fonction ne retourne rien\")\n    elif file.mersort([5,4,3,2,1]) !\u003d [1,2,3,4,5]:\n        failed(\"Q1 : La fonction merge_sort ne renvoie pas le bon résultat dans au moins un cas.\")\n    else:\n        passed()\n\n\ndef test_print(answer, variable):\n    function \u003d \"merge_sort\"\n    correction \u003d \"print(\" + function + \"(\" + variable + \"))\"\n    answer \u003d answer.replace(\" \", \"\")\n    if answer \u003d\u003d correction:\n        passed()\n    elif answer.find(\"print\") \u003d\u003d -1:\n        failed(\"Vous n\u0027avez pas appelé la fonction print\")\n    elif answer.find(function) \u003d\u003d -1:\n        failed(\"Vous n\u0027avez pas utilisé votre fonction \" + function)\n    elif answer.find(variable) \u003d\u003d -1:\n        failed(\"Vous n\u0027avez pas appelé votre fonction sur la bonne valeur\")\n\n\nif __name__ \u003d\u003d \u0027__main__\u0027:\n    run_common_tests()\n    test_answer_placeholders()       # TODO: uncomment test call\n\n\n"
          },
          "description_text": "#Tri fusion\n\nLe tri fusion est une méthode récursive de tri d\u0027une liste. L\u0027algorithme appelé pour trier une liste `l` se résume ainsi :\n\n- On sépare la liste `l` en deux listes `l1` et `l2` de tailles égales.\n- On trie `l1` et `l2` par la méthode du tri fusion.\n- On fusionne les deux listes ainsi triées.\n\nOn vous donne la fonction `merge(l1, l2)` qui fusionne deux listes triées (troisième étape de l\u0027algorithme).\n\nRappel : à partir d\u0027une liste `l`, on peut créer une nouvelle liste `l1` contenant les `i` premiers éléments de `l` en utilisant \n`l1 \u003d l[:i]`. On peut de même récupérer tous les éléments situés après l\u0027indice `i` avec `l2 \u003d l[i:]`.\n\n1. Écrivez la fonction **récursive** `merge_sort(l)` qui utilise la fonction `merge` pour réaliser le tri fusion. N\u0027oubliez\npas **les** cas de base.\n\n2. Affichez le résultat de  votre fonction pour `[4, 7, 1, 0, 3, 6]`.",
          "description_format": "md",
          "additional_files": {},
          "update_date": "Jan 1, 1970 1:00:00 AM",
          "feedback_link": {
            "link_type": "STEPIK"
          },
          "task_type": "edu"
        },
        {
          "name": "(Optionnel) Fibonacci",
          "stepic_id": 0,
          "task_files": {
            "task.py": {
              "name": "task.py",
              "text": "# Q1\n# fonction recursive_fibo\n\n\n# Q2\n# appel de recursive_fibo pour n\u003d7\n# Q3\n# appel de recursive_fibo pour n\u003d15\n",
              "placeholders": [
                {
                  "offset": 5,
                  "length": 25,
                  "hints": [],
                  "possible_answer": "def recursive_fibo(n):\n    print(n)\n    if n \u003d\u003d 0:\n        return 0\n    elif n \u003d\u003d 1:\n        return 1\n    else:\n        return recursive_fibo(n - 1) + recursive_fibo(n - 2)",
                  "placeholder_text": "# fonction recursive_fibo"
                },
                {
                  "offset": 38,
                  "length": 34,
                  "hints": [],
                  "possible_answer": "print(recursive_fibo(7))",
                  "placeholder_text": "# appel de recursive_fibo pour n\u003d7"
                },
                {
                  "offset": 78,
                  "length": 35,
                  "hints": [],
                  "possible_answer": "print(recursive_fibo(15))",
                  "placeholder_text": "# appel de recursive_fibo pour n\u003d15"
                }
              ]
            }
          },
          "test_files": {
            "tests.py": "from test_helper import run_common_tests, failed, passed, get_answer_placeholders, import_task_file\n\n\ndef test_answer_placeholders():\n    placeholders \u003d get_answer_placeholders()\n    test_fibo(placeholders[0])\n    test_print_answers(placeholders[1], \"recursive_fibo\", \"7\")\n    test_print_answers(placeholders[2], \"recursive_fibo\", \"15\")\n\n\ndef test_print_answers(answer, function, variable):\n    correction \u003d \"print(\" + function + \"(\" + variable + \"))\"\n    answer \u003d answer.replace(\" \", \"\")\n    if answer \u003d\u003d correction:\n        passed()\n    elif answer.find(\"print\") \u003d\u003d -1:\n        failed(\"Vous n\u0027avez pas appelé la fonction print\")\n    elif answer.find(function) \u003d\u003d -1:\n        failed(\"Vous n\u0027avez pas utilisé votre fonction \" + function)\n    elif answer.find(variable) \u003d\u003d -1:\n        failed(\"Vous n\u0027avez pas appelé votre fonction sur la bonne valeur\")\n\n\ndef test_fibo(answer):\n    file \u003d import_task_file()\n    answer \u003d answer.replace(\" \", \"\")\n    if answer.find(\"defrecursive_fibo\") \u003d\u003d -1:\n        failed(\"Q1 : Votre fonction n\u0027a pas le nom demandé ou n\u0027est pas définie\")\n    elif answer.find(\"defrecursive_fibo(n)\") \u003d\u003d -1:\n        failed(\"Q1 : Votre fonction n\u0027a pas les bons arguments\")\n    elif answer.find(\"ifn\u003d\u003d0\") \u003d\u003d -1 or answer.find(\"return0\") \u003d\u003d -1:\n        failed(\"Q1 : Vous avez oublié le cas de base ou il est faux\")\n    elif answer.find(\"ifn\u003d\u003d1\") \u003d\u003d -1 or answer.find(\"return1\") \u003d\u003d -1:\n        failed(\"Q1 : Vous avez oublié le cas de base ou il est faux\")\n    elif answer.find(\"fibo(n-1)\") \u003d\u003d -1 or answer.find(\"fibo(n-2)\") \u003d\u003d -1:\n        failed(\"Q1 : Votre fonction ne contient pas d\u0027appels récursifs, ou il en manque un, ou il est faux\")\n    elif answer.find(\"return\") \u003d\u003d -1:\n        failed(\"Q1 : Votre fonction ne retourne rien\")\n    elif file.recursive_fibo(10) !\u003d 55:\n        failed(\"Q1 : La fonction recursive_fibo ne renvoie pas le bon résultat.\")\n    else:\n        passed()\n\n\nif __name__ \u003d\u003d \u0027__main__\u0027:\n    run_common_tests()\n    test_answer_placeholders()\n"
          },
          "description_text": "# Suite de Fibonacci : les possibles soucis du récursif\n\nVous avez vu lors de TPs précédents la définition de la suite de Fibonacci : $F(n) \u003d F(n-1) + F(n-2), F(0) \u003d 0, F(1) \u003d 1$.\nCette définition est naturellement récursive.\n\n1. Écrivez une fonction **récursive** `recursive_fibo(n)` qui calcule le $n^{ième}$ terme de la suite de Fibonacci et \naffiche lors de son appel la valeur de $n$ sur laquelle elle a été appelée.\n\n2. Affichez le résultat de  votre fonction pour `n\u003d7`. Que remarquez-vous ?\n\nCet exemple permet d\u0027illustrer que même si les fonctions récursives sont souvent plus simples que leur version itérative,\nelles ne sont pas toujours plus efficaces. Ici, en utilisant une fonction récursive qui implémente directement la définition\nde la suite, on va faire plusieurs fois exactement le même calcul et donc ne pas être efficace du tout.\n\n3. Affichez le résultat de  votre fonction pour `n\u003d15`. Observez le nombre d\u0027appels qui sont faits alors qu\u0027on pourrait retourner le résultat\nen faisant seulement une quinzaine d\u0027additions.",
          "description_format": "md",
          "additional_files": {},
          "update_date": "Jan 1, 1970 1:00:00 AM",
          "feedback_link": {
            "link_type": "STEPIK"
          },
          "task_type": "edu"
        },
        {
          "name": "(Optionnel) Hanoi",
          "stepic_id": 0,
          "task_files": {
            "task.py": {
              "name": "task.py",
              "text": "# Q1\n# fonction hanoi\n\n\n# Q2\n# appel de la fonction hanoi pour 6 palets\n",
              "placeholders": [
                {
                  "offset": 5,
                  "length": 16,
                  "hints": [],
                  "possible_answer": "def hanoi(n, begin, end, temporary):\n    if n \u003e 0:\n        hanoi(n - 1, begin, temporary, end)\n        element_to_move \u003d begin.pop()\n        end.append(element_to_move)\n        hanoi(n - 1, temporary, end, begin)\n    return begin, end, temporary",
                  "placeholder_text": "# fonction hanoi"
                },
                {
                  "offset": 29,
                  "length": 42,
                  "hints": [],
                  "possible_answer": "print(hanoi(6, [6, 5, 4, 3, 2, 1], [], []))",
                  "placeholder_text": "# appel de la fonction hanoi pour 6 palets"
                }
              ]
            }
          },
          "test_files": {
            "tests.py": "from test_helper import run_common_tests, failed, passed, get_answer_placeholders, import_task_file\n\n\ndef test_answer_placeholders():\n    placeholders \u003d get_answer_placeholders()\n    test_hanoi(placeholders[0])\n    test_print_answers(placeholders[1], \"hanoi\", [\"6\", \"[6,5,4,3,2,1]\", \"\"])\n\n\ndef test_print_answers(answer, function, variables):\n    str_var \u003d \"\"\n    for i in range(len(variables) - 1):\n        str_var +\u003d variables[i] + \",\"\n    str_var +\u003d variables[-1]\n    correction \u003d \"print(\" + function + \"(\" + str_var + \"))\"\n    answer \u003d answer.replace(\" \", \"\")\n    if answer \u003d\u003d correction:\n        passed()\n    elif answer.find(\"print\") \u003d\u003d -1:\n        failed(\"Vous n\u0027avez pas appelé la fonction print\")\n    elif answer.find(function) \u003d\u003d -1:\n        failed(\"Vous n\u0027avez pas utilisé votre fonction \" + function)\n    elif answer.find(str_var) \u003d\u003d -1:\n        failed(\"Vous n\u0027avez pas appelé votre fonction sur la bonne valeur\")\n\n\ndef test_hanoi(answer):\n    file \u003d import_task_file()\n    answer \u003d answer.replace(\" \", \"\")\n    if answer.find(\"defhanoi\") \u003d\u003d -1:\n        failed(\"Q1 : Votre fonction n\u0027a pas le nom demandé ou n\u0027est pas définie\")\n    elif answer.find(\"defhanoi(n,begin,end,temporary)\") \u003d\u003d -1:\n        failed(\"Q1 : Votre fonction n\u0027a pas les bons arguments\")\n    elif answer.find(\"ifn\u003e0\") \u003d\u003d -1:\n        failed(\"Q1 : Vous avez oublié le cas de base\")\n    elif answer.find(\"hanoi(n-1,begin,temporary,end)\") \u003d\u003d -1 or answer.find(\"hanoi(n-1,temporary,end,begin)\") \u003d\u003d -1:\n        failed(\"Q1 : Il manque au moins un appel récursif ou l\u0027un d\u0027eux est faux\")\n    elif answer.find(\"return\") \u003d\u003d -1:\n        failed(\"Q1 : Votre fonction ne retourne rien\")\n    elif file.hanoi(7) !\u003d ([], [7, 6, 5, 4, 3, 2, 1], []):\n        failed(\"Q1 : La fonction recursive_fibo ne renvoie pas le bon résultat.\")\n    else:\n        passed()\n\n\nif __name__ \u003d\u003d \u0027__main__\u0027:\n    run_common_tests()\n    test_answer_placeholders()\n"
          },
          "description_text": "# Tours de Hanoi\n\nLe problème des tours de Hanoi est le suivant :\n- On dipose de trois piquets et de $n$ palets de tailles $1, 2, 3, ..., n$.\n- Au départ, tous les palets sont empilés de manière décroissante sur le piquet de gauche : le palet de taille $n$ est \ntout en bas et celui de taille $1$ tout en haut.\n- On ne peut déplacer qu\u0027un palet à la fois.\n- On ne peut déplacer que le palet le plus haut d\u0027une pile.\n- On ne peut mettre un palet sur un autre que s\u0027il est de taille plus petite.\n- On veut faire passer tous les palets sur le piquet de droite.\n\nUne résolution récursive du problème pour plus de $1$ palet est la suivante :\n- on bouge $n-1$ palets du piquet de départ au piquet intermédiaire;\n- on bouge le grand palet du piquet de départ au piquet d\u0027arrivée;\n- on bouge $n-1$ palets du piquet intermédiaire au piquet d\u0027arrivée.\n\n1. Écrivez la fonction `hanoi(n, begin, end, temporary)` permettant de bouger $n$ palets depuis le piquet `begin` vers\nle piquer `end` en utilisant le piquet `temporary` comme piquet intermédiaire et qui renvoie les piquets begin, end, temporary modifiés. \nOn représentera chaque piquet par une liste représentant les tailles des palets présents sur le piquet, de bas en haut.\n\n2. Affichez le résultat de votre fonction appliquée au déplacement de $6$ palets.",
          "description_format": "md",
          "additional_files": {},
          "update_date": "Jan 1, 1970 1:00:00 AM",
          "feedback_link": {
            "link_type": "STEPIK"
          },
          "task_type": "edu"
        },
        {
          "name": "(Optionnel) Fractales",
          "stepic_id": 0,
          "task_files": {
            "task.py": {
              "name": "task.py",
              "text": "from turtle import *\nfrom time import sleep\n\n\n# Q1\n# fonction draw_square\n\n\n# Q2\n# appel de draw_square pour un côté de 100\n\n\n# Q3\n# fonction snowflake_side\n\n\n# Q4\nreset()\n# appel de snowflake_side pour 2 itérations sur un segment de longueur 100\n\n\n# Q5\n# fonction snowflake\n\n\n# Q6\nreset()\nspeed(10)\n# appel de snowflake pour 1 itération sur un segment de longueur 250\nsleep(5)\n\n# Q7\nreset()\nspeed(10)\n# appel de snowflake pour 2 itérations sur un segment de longueur 250\nsleep(5)\n\n# Q8\nreset()\nspeed(1000)\n# appel de snowflake pour 5 itérations sur un segment de longueur 250\nsleep(5)\n",
              "placeholders": [
                {
                  "offset": 51,
                  "length": 22,
                  "hints": [],
                  "possible_answer": "def draw_square(length):\n    for i in range(4):\n        forward(length)\n        right(90)",
                  "placeholder_text": "# fonction draw_square"
                },
                {
                  "offset": 81,
                  "length": 42,
                  "hints": [],
                  "possible_answer": "draw_square(100)",
                  "placeholder_text": "# appel de draw_square pour un côté de 100"
                },
                {
                  "offset": 131,
                  "length": 25,
                  "hints": [],
                  "possible_answer": "def snowflake_side(distance, step):\n    if step \u003d\u003d 0:\n        forward(distance)\n    else:\n        snowflake_side(distance / 3, step - 1)\n        left(60)\n        snowflake_side(distance / 3, step - 1)\n        right(120)\n        snowflake_side(distance / 3, step - 1)\n        left(60)\n        snowflake_side(distance / 3, step - 1)",
                  "placeholder_text": "# fonction snowflake_side"
                },
                {
                  "offset": 172,
                  "length": 74,
                  "hints": [],
                  "possible_answer": "snowflake_side(100, 2)",
                  "placeholder_text": "# appel de snowflake_side pour 2 itérations sur un segment de longueur 100"
                },
                {
                  "offset": 254,
                  "length": 20,
                  "hints": [],
                  "possible_answer": "def snowflake(distance, etape):\n    for i in range(3):\n        snowflake_side(distance, etape)\n        right(120)",
                  "placeholder_text": "# fonction snowflake"
                },
                {
                  "offset": 300,
                  "length": 68,
                  "hints": [],
                  "possible_answer": "snowflake(250, 1)",
                  "placeholder_text": "# appel de snowflake pour 1 itération sur un segment de longueur 250"
                },
                {
                  "offset": 402,
                  "length": 69,
                  "hints": [],
                  "possible_answer": "snowflake(250, 2)",
                  "placeholder_text": "# appel de snowflake pour 2 itérations sur un segment de longueur 250"
                },
                {
                  "offset": 507,
                  "length": 69,
                  "hints": [],
                  "possible_answer": "snowflake(250, 5)",
                  "placeholder_text": "# appel de snowflake pour 5 itérations sur un segment de longueur 250"
                }
              ]
            }
          },
          "test_files": {
            "tests.py": "from test_helper import run_common_tests, failed, passed, get_answer_placeholders\n\n\ndef test_answer_placeholders():\n    placeholders \u003d get_answer_placeholders()\n    placeholder \u003d placeholders[0]\n    if placeholder \u003d\u003d \"\":       # TODO: your condition here\n        passed()\n    else:\n        failed()\n\n\nif __name__ \u003d\u003d \u0027__main__\u0027:\n    run_common_tests()\n    # test_answer_placeholders()       # TODO: uncomment test call\n\n\n"
          },
          "description_text": "# Fractales\n\n## Correction automatique\nAttention, cet exercice vous demandant de faire des dessins, il n\u0027y aura pas de tests automatiques. Lancez votre code et\nregardez si le dessin vous convient !\n\n\n## Turtle\nLe module turtle de python permet la production facile de figures géométriques, à l’aide d’un ensemble d’instructions \nde dessins élémentaires.\n\nOn importe tout ce que contient un module par la ligne `from turtle import *`. Cela permet de dire à python de chercher \nle module `turtle` et de récupérer toutes (c\u0027est le sens de *) les fonctions qui y sont définies.\n\nGrâce à cette ligne, on a accès dans le fichier à toutes les fonctions de turtle :\n- reset() : efface le dessin\n- up() : relève le crayon pour ne plus dessiner\n- down() : abaisse le crayon pour dessiner\n- forward(distance) : avance d’une distance donnée\n- backward(distance): recule d’une distance donnée\n- left(angle) : tourne à gauche d’un angle exprimé en degrés\n- right(angle) : tourne à droite d’un angle exprimé en degrés.\n\n1. Écrivez une fonction `draw_square(length)` qui dessine un carré de côté donné.\n\n2. Appelez votre fonction pour dessiner un carré de côté 100.\n\nSi vous souhaitez que votre dessin ne se ferme pas dès qu\u0027il est terminé, vous pouvez utiliser le module `time` de python\net sa fonction `sleep(time)` qui permet de faire une pause de `time` secondes, juste après le dessin. Il faut alors ajouter\n l\u0027import de la fonction `sleep` depuis le module `time` : `from time import sleep` tout en haut du fichier, qui dit à \n python d\u0027aller chercher la fonction qui nous intéresse dans le bon module. \n\n## Flocon de Von Koch\n\nLe flocon de Von Koch est une fractale c\u0027est-à-dire une construction géométrique récursive, invariante par changement \nd\u0027échelle. Pour construire le flocon de Von Koch, on part d\u0027un triangle équilatéral, puis, à chaque itération,\non divise chaque côté du polygone en trois segments égaux. À partir de ces trois segments, on trace un triangle équilatéral\norienté vers l\u0027extérieur, de base le segment du milieu puis on supprime le segment du milieu.\n\nOn commencera par écrire une fonction qui permet d\u0027appliquer un certain nombre de fois la transformation à un segment :\n- l\u0027appliquer 0 fois trace le segment;\n- l\u0027appliquer $n$ fois revient à l\u0027appliquer $n-1$ fois sur un segment de taille divisée par 3, tourner à gauche de 60 \ndegrés, l\u0027appliquer à nouveau $n-1$ fois sur un segment de taille divisée par 3, tourner à droite de 120 degrés, l\u0027appliquer\nencore $n-1$ fois sur un segment de taille divisée par 3, tourner à gauche de 60 degrés et enfin l\u0027appliquer $n-1$ fois \nsur un segment de taille divisée par 3.\n\n3. Écrire une fonction `snowflake_side(length, steps)` qui permet d\u0027appliquer `steps` fois la transformation à un segment\nde taille `length`.\n\n4. Appelez votre fonction pour `2` étapes sur un segment de taille `100`.\n\n5. Écrire la fonction `snowflake(length, step)` qui fabrique le flocon de Von Koch en appliquant `steps` fois la transformation\npour un triangle équilatéral de départ de côté `length`.\n\n6. Appelez votre fonction `snowflake` pour `1` étapes sur un segment de taille `250`.\n\n7. Appelez votre fonction `snowflake` pour `2` étapes sur un segment de taille `250`.\n\n8. Appelez votre fonction `snowflake` pour `5` étapes sur un segment de taille `250`. Vous pouvez augmenter la vitesse de\ndessin en utilisant `speed(speed)` avec en paramètre la vitesse que vous souhaitez, par exemple 1000.",
          "description_format": "md",
          "additional_files": {},
          "update_date": "Jan 1, 1970 1:00:00 AM",
          "feedback_link": {
            "link_type": "STEPIK"
          },
          "task_type": "edu"
        }
      ],
      "type": "lesson"
    },
    {
      "id": 0,
      "update_date": "Jan 1, 1970 1:00:00 AM",
      "title": "Arbres",
      "task_list": [
        {
          "name": "Expressions",
          "stepic_id": 0,
          "task_files": {
            "task.py": {
              "name": "task.py",
              "text": "# TODO: Cet exercice est à faire dans la console python.",
              "placeholders": []
            }
          },
          "test_files": {
            "tests.py": "from test_helper import run_common_tests, failed, passed, get_answer_placeholders\n\n\ndef test_answer_placeholders():\n    placeholders \u003d get_answer_placeholders()\n    placeholder \u003d placeholders[0]\n    if placeholder \u003d\u003d \"\":       # TODO: your condition here\n        passed()\n    else:\n        failed()\n\n\nif __name__ \u003d\u003d \u0027__main__\u0027:\n    run_common_tests()\n    # test_answer_placeholders()       # TODO: uncomment test call\n\n\n"
          },
          "description_text": "#Expressions\n\nCet exercice se fera dans la console.\n\n##Types\n\nJusqu\u0027à present nous avons utilisé des types simples, comme par exemple les entiers et les chaines de caractères. \n\n**Evaluer :** \n```\n\u003e\u003e\u003e type(2)\n\u003e\u003e\u003e type(\"2\")\n\u003e\u003e\u003e type(int(\"2\"))\n\u003e\u003e\u003e type(str(2))\n```\n*Dans le premier cas la console renvoie ` \u003cclass \u0027int\u0027\u003e` pour signifier que `2` est du type simple `int`. Savez-vous pourquoi le second cas renvoie `str`? Comment expliquer les deux derniers cas?*  \n\nNous avons aussi utilisé des types composés, comme par exemple les listes:\n\n**Evaluer :** \n```\n\u003e\u003e\u003e type([1,2,3])\n```\n\nNous n\u0027avions pas de type pour représenter par exemple une inconnue $x$, ou une expression $2+x$.\n\n**Evaluer :** \n```\n\u003e\u003e\u003e 2+x\n\u003e\u003e\u003e x\u003d\"x\"\n\u003e\u003e\u003e 2+x\n```\n*Notez que dans un premier temps l\u0027interpréteur ne connait pas x, ce qui cause une erreur. Dans une second temps nous avons souhaité déclarer $x$ comme une simple chaîne de caractère, mais cela n\u0027a pas réglé notre problème, car on ne peut ajouter des chaînes de caractères et des entiers.*\n\n\nNous allons utiliser le module `sympy` pour avoir un type symbole inconnu. \n\n**Evaluer :** \n```\n\u003e\u003e\u003e from sympy import *\n\u003e\u003e\u003e x\u003dsymbols(\"x\")\n\u003e\u003e\u003e type(x)\n\u003e\u003e\u003e 2+x\n```\n*Le module `sympy` nous a donné une fonction `symbols(.)` qui crée des symboles. Ces symboles sont d\u0027un type particulier, définit par `sympy`. On peut y songer comme à des chaînes de caractères, mais qui cette fois admettent d\u0027être additionnées à des entiers.*\n\n##Calcul symbolique\n\nNous savions déjà que nous pouvions utiliser la console python comme un calculatrice. Maintenant, grâce à `sympy`, nous pouvons nous en servir pour faire de l\u0027algèbre. \n\nTout d\u0027abord ameillorons l\u0027affichage de nos expressions.\n\n**Evaluer :** \n```\n\u003e\u003e\u003e (sqrt(2)+x**2)/x\n\u003e\u003e\u003e init_printing()\n\u003e\u003e\u003e (sqrt(2)+x**2)/x\n```\n*Notez comme la procédure `init_printing()` met en place un affichage plus mathématique de nos expressions.*\n\nPuis, découvrons quelques fonctionnalités de `sympy`. \n\n**Evaluer :** \n```\n\u003e\u003e\u003e diff(sin(x)+x**2)\n\u003e\u003e\u003e integrate(sin(x)+x**2)\n\u003e\u003e\u003e solve(Eq(x**2+2,0), x)\n\u003e\u003e\u003e simplify(cos(x)**2+sin(x)**2)\n\u003e\u003e\u003e expand((x+1)**10)\n\u003e\u003e\u003e factor(x**2+100+20*x)\n```\n*Ces fonctionnalités sont présentes aussi dans tout Computer Algebra System (CAS) qui se réspecte, comme Mathematica, Maple, Sage, Matlab... Elles couvrent probablement la totalité du programme de Licence 1 de Mathématiques, et au-delà. Cela signifie, donc, que derrière chacune des notions qui vous sont enseignées actuellement en mathématiques, se cache un algorithme, que l\u0027on peut expliciter et coder notamment en python.*",
          "description_format": "md",
          "additional_files": {},
          "update_date": "Jan 1, 1970 1:00:00 AM",
          "feedback_link": {
            "link_type": "STEPIK"
          },
          "task_type": "edu"
        },
        {
          "name": "Arbres",
          "stepic_id": 0,
          "task_files": {
            "task.py": {
              "name": "task.py",
              "text": "# TODO: Cet exercice est à faire dans la console python.\n",
              "placeholders": []
            }
          },
          "test_files": {
            "tests.py": "from test_helper import run_common_tests, failed, passed, get_answer_placeholders\n\n\ndef test_answer_placeholders():\n    placeholders \u003d get_answer_placeholders()\n    placeholder \u003d placeholders[0]\n    if placeholder \u003d\u003d \"\":       # TODO: your condition here\n        passed()\n    else:\n        failed()\n\n\nif __name__ \u003d\u003d \u0027__main__\u0027:\n    run_common_tests()\n    # test_answer_placeholders()       # TODO: uncomment test call\n\n\n"
          },
          "description_text": "#Arbres\n\nCet exercice se fera dans la console.\n\nPour cet exercice on suppose que vous avez déjà évalué:\n```\n\u003e\u003e\u003e from sympy import *\n\u003e\u003e\u003e x\u003dsymbols(\"x\")\n\u003e\u003e\u003e init_printing()\n```\n\nAu cours de l\u0027exercice précédent nous avons vu quel était le type de `x` ou de `2` dans l\u0027expression `2+x`, en évaluant:\n```\n\u003e\u003e\u003e type(x)\n\u003e\u003e\u003e type(2)\n```\n\nMais, quel est le type d\u0027une expression comme `2+x`?\n\n**Evaluer :** \n```\n\u003e\u003e\u003e type(2+x)\n\u003e\u003e\u003e type(2*x)\n```\n*Notez que `2+x` est de type `Add`, alors que `2*x` est de type `Mul`.*\n\nSympy a donc définit un type `Add` pour représenter les sommes, un type `Mul` pour représenter les produits, etc. \nOn devine que type `Add` est un type composé, tout comme l\u0027était le type `List`, puisqu\u0027une expression de type somme doit contenir la liste des éléments sommés. \n\n**Evaluer :** \n```\n\u003e\u003e\u003e expr\u003d2+x\n\u003e\u003e\u003e expr\n\u003e\u003e\u003e expr.func\n\u003e\u003e\u003e expr.args\n\u003e\u003e\u003e expr.args[0]\n\u003e\u003e\u003e expr.args[1]\n```\n*Notez que `(2+x).args` renvoie la paire `(2,x)` des éléments sommés.*\n\nDe même qu\u0027une liste peut contenir des sous listes, une expression peut contenir des sous-expressions.\n\n**Evaluer :** \n```\n\u003e\u003e\u003e expr\u003dx*(2+x)\n\u003e\u003e\u003e expr\n\u003e\u003e\u003e expr.func\n\u003e\u003e\u003e expr.args\n\u003e\u003e\u003e expr.args[1]\n\u003e\u003e\u003e expr.args[1].func\n\u003e\u003e\u003e srepr(expr)\n```\n*Notez que `(x*(2+x)).args[1]` n\u0027est autre que l\u0027expression `2+x`.*\n\nLes types composés sont aussi appelés \"structures de données\" par les informaticiens.\nIci, la structure de donnée utilisée pour par `sympy` pour représenter les expressions peut être comparée à un arbre. \nEn effet, concernant l\u0027expression `expr\u003dx*(2+x)`:\n* La racine de l\u0027arbre est une multiplication. C\u0027est que renvoie `expr.func`. \n* L\u0027arbre contient deux sous arbres. C\u0027est ce que renvoie `expr.args`.\n* Le premier sous-arbre est le symbole $x$. C\u0027est ce que renvoie `expr.args[0]`. Il ne contient aucun sous-arbre, on dit c\u0027est une feuille.\n* Le deuxième sous-arbre est l\u0027expression $2+x$. C\u0027est ce que renvoie `expr.args[1]`.\n* La racine du sous-arbre est une somme.  Le sous-arbre contient deux sous-sous-arbres. C\u0027est ce que renvoie `expr.args[1].args`.\n* Les deux sous arbres sont des feuilles: l\u0027une est le symbole $x$, l\u0027autre l\u0027entier $2$.\n\n\nD\u0027un manière générale, une structure de donnée de type arbre est un type défini récursivement, comme étant:\n* soit une feuille (cas de base);\n* soit un arbre ayant une racine est des sous-arbres (cas récursif).\n\nCes structures de données sont extrêmement utilisées en informatique, par exemple pour représenter des programmes, des hiérarchies, et bien sûr l\u0027arborescence de vos fichiers (répertoires contenant des sous-répertoires, etc.).\n",
          "description_format": "md",
          "additional_files": {},
          "update_date": "Jan 1, 1970 1:00:00 AM",
          "feedback_link": {
            "link_type": "STEPIK"
          },
          "task_type": "edu"
        },
        {
          "name": "Parcours",
          "stepic_id": 0,
          "task_files": {
            "task.py": {
              "name": "task.py",
              "text": "from sympy import *\n\ninit_printing()\nx \u003d symbols(\"x\")\n# Ignore the next four lines if you want, they are just a trick\n# to recover the names of the different sympy types once and for all\ntypeofsymbol \u003d x.func\ntypeofinteger \u003d S(\"2\").func\ntypeofaddition \u003d (2 + x).func\ntypeofmultiplication \u003d (2 * x).func\n\n\n# Q1\ndef flatten(expr):\n    iflatten(\"\", expr)\n\n\ndef iflatten(indent, expr):\n    # This is the base case\n    if expr.func \u003d\u003d typeofsymbol or expr.func \u003d\u003d typeofinteger:\n        print(indent, expr)\n    # Those are the recursive case\n    elif expr.func \u003d\u003d typeofaddition:\n        print(indent, \"addition de :\")\n        iflatten(indent + \"    \", expr.args[0])\n        iflatten(indent + \"    \", expr.args[1])\n    #type here\n    # We are only handling a sublanguage of sympy\n    else:\n        print(indent, \"Expression inconnue par flatten.\")\n\n\n# Q2\n#type here\n\n\n# Q3\ndef calculate(expr, val):\n    # This is the base case\n    if expr.func \u003d\u003d typeofsymbol:\n        return val\n    if expr.func \u003d\u003d typeofinteger:\n        return int(expr)\n    # Those are the recursive case\n    elif expr.func \u003d\u003d typeofaddition:\n        return calculate(expr.args[0], val) + calculate(expr.args[1], val)\n    #type here\n    # We are only handling a sublanguage of sympy\n    else:\n        print(\"Expression inconnue par calculate.\")\n        return float(\"NaN\")\n\n\n# Q4\n#type here",
              "placeholders": [
                {
                  "offset": 714,
                  "length": 10,
                  "hints": [],
                  "possible_answer": "elif expr.func \u003d\u003d typeofmultiplication:\n        print(indent, \"multiplication de :\")\n        iflatten(indent + \"    \", expr.args[0])\n        iflatten(indent + \"    \", expr.args[1])",
                  "placeholder_text": "#type here"
                },
                {
                  "offset": 850,
                  "length": 10,
                  "hints": [],
                  "possible_answer": "flatten(x * (2 + x))",
                  "placeholder_text": "#type here"
                },
                {
                  "offset": 1187,
                  "length": 10,
                  "hints": [],
                  "possible_answer": "elif expr.func \u003d\u003d typeofmultiplication:\n        return calculate(expr.args[0], val) * calculate(expr.args[1], val)",
                  "placeholder_text": "#type here"
                },
                {
                  "offset": 1345,
                  "length": 10,
                  "hints": [],
                  "possible_answer": "print(calculate(x * (2 + x), 7))",
                  "placeholder_text": "#type here"
                }
              ]
            }
          },
          "test_files": {
            "tests.py": "from test_helper import run_common_tests, failed, passed, get_answer_placeholders\n\n\ndef test_answer_placeholders():\n    placeholders \u003d get_answer_placeholders()\n    test_Q1(placeholders[0])\n    test_Q2(placeholders[1])\n    test_Q3(placeholders[2])\n    test_Q4(placeholders[3])\n\ndef test_Q1(answer):\n    correction\u003d\"\"\"elif expr.func \u003d\u003d typeofmultiplication:\n        print(indent, \"multiplication de :\")\n        iflatten(indent + \"    \", expr.args[0])\n        iflatten(indent + \"    \", expr.args[1])\"\"\"\n    correction \u003d correction.replace(\" \", \"\")\n    answer \u003d answer.replace(\" \", \"\")\n    if answer \u003d\u003d correction :\n        passed()\n    else :\n        failed(\"Votre réponse n\u0027est pas exactement celle attendue.\")\n\ndef test_Q2(answer):\n    correction\u003d\"\"\"flatten(x * (2 + x))\"\"\"\n    correction \u003d correction.replace(\" \", \"\")\n    answer \u003d answer.replace(\" \", \"\")\n    if answer \u003d\u003d correction :\n        passed()\n    else :\n        failed(\"Votre réponse n\u0027est pas exactement celle attendue.\")\n\ndef test_Q3(answer):\n    correction\u003d\"\"\"elif expr.func \u003d\u003d typeofmultiplication:\n        return calculate(expr.args[0], val) * calculate(expr.args[1], val)\"\"\"\n    correction \u003d correction.replace(\" \", \"\")\n    answer \u003d answer.replace(\" \", \"\")\n    if answer \u003d\u003d correction :\n        passed()\n    else :\n        failed(\"Votre réponse n\u0027est pas exactement celle attendue.\")\n\ndef test_Q4(answer):\n    correction\u003d\"\"\"print(calculate(x * (2 + x), 7))\"\"\"\n    correction \u003d correction.replace(\" \", \"\")\n    answer \u003d answer.replace(\" \", \"\")\n    if answer \u003d\u003d correction :\n        passed()\n    else :\n        failed(\"Votre réponse n\u0027est pas exactement celle attendue.\")\n\nif __name__ \u003d\u003d \u0027__main__\u0027:\n    run_common_tests()\n    test_answer_placeholders()       # TODO: uncomment test call\n\n\n"
          },
          "description_text": "#Parcours\n\nCet exercice se fait dans `task.py`.\n\nDans la première partie de ce TP nous avons étudié les algorithmes récursifs.\nDans l\u0027exercice précédent nous avons étudié les structures de données définies récursivement : les arbres.\nIci, nous allons appliquer un algorithme récursif, à une structure de donnée récursive: nous allons faire un parcours d\u0027arbre.\n\n##Aplatissement d\u0027abre\n\nLa fonction `flatten` a pour but de parcourir et afficher un arbre d\u0027expression `sympy`.\nPar exemple `flatten(2+x)` affiche:\n```\naddition de :\n    2\n    x\n```\n\n**Question 1** :\nCompléter `flatten` afin qu\u0027elle puisse gérer la multiplication.\n\n\n**Question 2** :\nAppliquer `flatten` sur l\u0027expression $x(2+x)$.\n\n\n##Evaluation d\u0027une expression\n\n\nLa fonction `calculate` prend en données une expression, et une valeur pour $x$, et a pour but de calculer numériquement la valeur de l\u0027expression en ce point.\nPar exemple `calculate(2+x,8)` renvoie `10` en sortie.\n\n\n**Question 3** :\nCompléter `calculate` afin qu\u0027elle puisse gérer la multiplication.\n\n\n**Question 4** :\nAppliquer `calculate` sur l\u0027expression $x(2+x)$, pour $x\u003d7$ et afficher la valeur de retour.\n\n\n",
          "description_format": "md",
          "additional_files": {},
          "update_date": "Jan 1, 1970 1:00:00 AM",
          "feedback_link": {
            "link_type": "STEPIK"
          },
          "task_type": "edu"
        }
      ],
      "type": "lesson"
    },
    {
      "id": 0,
      "update_date": "Jan 1, 1970 1:00:00 AM",
      "title": "Edu additional materials",
      "task_list": [
        {
          "name": "Edu additional materials",
          "stepic_id": 0,
          "task_files": {},
          "test_files": {},
          "description_format": "md",
          "additional_files": {
            "test_helper.py": "import sys\n\n\ndef get_file_text(path):\n    \"\"\" Returns file text by path\"\"\"\n    file_io \u003d open(path, \"r\")\n    text \u003d file_io.read()\n    file_io.close()\n    return text\n\n\ndef get_file_output(encoding\u003d\"utf-8\", path\u003dsys.argv[-1], arg_string\u003d\"\"):\n    \"\"\"\n    Returns answer file output\n    :param encoding: to decode output in python3\n    :param path: path of file to execute\n    :return: list of strings\n    \"\"\"\n    import subprocess\n\n    proc \u003d subprocess.Popen([sys.executable, path], stdin\u003dsubprocess.PIPE, stdout\u003dsubprocess.PIPE,\n                            stderr\u003dsubprocess.STDOUT)\n    if arg_string:\n        for arg in arg_string.split(\"\\n\"):\n            proc.stdin.write(bytearray(str(arg) + \"\\n\", encoding))\n            proc.stdin.flush()\n\n    return list(map(lambda x: str(x.decode(encoding)), proc.communicate()[0].splitlines()))\n\n\ndef test_file_importable():\n    \"\"\" Tests there is no obvious syntax errors\"\"\"\n    path \u003d sys.argv[-1]\n    if not path.endswith(\".py\"):\n        import os\n\n        parent \u003d os.path.abspath(os.path.join(path, os.pardir))\n        python_files \u003d [f for f in os.listdir(parent) if os.path.isfile(os.path.join(parent, f)) and f.endswith(\".py\")]\n        for python_file in python_files:\n            if python_file \u003d\u003d \"tests.py\":\n                continue\n            check_importable_path(os.path.join(parent, python_file))\n        return\n    check_importable_path(path)\n\n\ndef check_importable_path(path):\n    \"\"\" Checks that file is importable.\n        Reports failure otherwise.\n    \"\"\"\n    saved_input \u003d patch_input()\n    try:\n        import_file(path)\n    except:\n        failed(\"The file contains syntax errors\", test_file_importable.__name__)\n        return\n    finally:\n        revert_input(saved_input)\n\n    passed(test_file_importable.__name__)\n\n\ndef patch_input():\n    def mock_fun(_m\u003d\"\"):\n        return \"mock\"\n\n    if sys.version_info[0] \u003d\u003d 3:\n        import builtins\n        save_input \u003d builtins.input\n        builtins.input \u003d mock_fun\n        return save_input\n    elif sys.version_info[0] \u003d\u003d 2:\n        import __builtin__\n        save_input \u003d __builtin__.raw_input\n        __builtin__.raw_input \u003d mock_fun\n        __builtin__.input \u003d mock_fun\n        return save_input\n\n\ndef revert_input(saved_input):\n    if sys.version_info[0] \u003d\u003d 3:\n        import builtins\n        builtins.input \u003d saved_input\n    elif sys.version_info[0] \u003d\u003d 2:\n        import __builtin__\n        __builtin__.raw_input \u003d saved_input\n        __builtin__.input \u003d saved_input\n\n\ndef import_file(path):\n    \"\"\" Returns imported file \"\"\"\n    if sys.version_info[0] \u003d\u003d 2 or sys.version_info[1] \u003c 3:\n        import imp\n\n        return imp.load_source(\"tmp\", path)\n    elif sys.version_info[0] \u003d\u003d 3:\n        import importlib.machinery\n\n        return importlib.machinery.SourceFileLoader(\"tmp\", path).load_module(\"tmp\")\n\n\ndef import_task_file():\n    \"\"\" Returns imported file.\n        Imports file from which check action was run\n    \"\"\"\n    path \u003d sys.argv[-1]\n    return import_file(path)\n\n\ndef test_is_not_empty():\n    \"\"\"\n        Checks that file is not empty\n    \"\"\"\n    path \u003d sys.argv[-1]\n    file_text \u003d get_file_text(path)\n\n    if len(file_text) \u003e 0:\n        passed()\n    else:\n        failed(\"The file is empty. Please, reload the task and try again.\")\n\n\ndef test_text_equals(text, error_text):\n    \"\"\"\n        Checks that answer equals text.\n    \"\"\"\n    path \u003d sys.argv[-1]\n    file_text \u003d get_file_text(path)\n\n    if file_text.strip() \u003d\u003d text:\n        passed()\n    else:\n        failed(error_text)\n\n\ndef test_answer_placeholders_text_deleted(error_text\u003d\"Don\u0027t just delete task text\"):\n    \"\"\"\n        Checks that all answer placeholders are not empty\n    \"\"\"\n    windows \u003d get_answer_placeholders()\n\n    for window in windows:\n        if len(window) \u003d\u003d 0:\n            failed(error_text)\n            return\n    passed()\n\n\ndef set_congratulation_message(message):\n    \"\"\" Overrides default \u0027Congratulations!\u0027 message \"\"\"\n    print(\"#educational_plugin CONGRATS_MESSAGE \" + message)\n\n\ndef failed(message\u003d\"Please, reload the task and try again.\", name\u003dNone):\n    \"\"\" Reports failure \"\"\"\n    if not name:\n        name \u003d sys._getframe().f_back.f_code.co_name\n    print(\"#educational_plugin \" + name + \" FAILED + \" + message)\n\n\ndef passed(name\u003dNone):\n    \"\"\" Reports success \"\"\"\n    if not name:\n        name \u003d sys._getframe().f_back.f_code.co_name\n    print(\"#educational_plugin \" + name + \" test OK\")\n\n\ndef get_answer_placeholders():\n    \"\"\"\n        Returns all answer placeholders text\n    \"\"\"\n    prefix \u003d \"#educational_plugin_window \u003d \"\n    path \u003d sys.argv[-1]\n    import os\n\n    file_name_without_extension \u003d os.path.splitext(path)[0]\n    windows_path \u003d file_name_without_extension + \"_windows\"\n    windows \u003d []\n    f \u003d open(windows_path, \"r\")\n    window_text \u003d \"\"\n    first \u003d True\n    for line in f.readlines():\n        if line.startswith(prefix):\n            if not first:\n                windows.append(window_text.strip())\n            else:\n                first \u003d False\n            window_text \u003d line[len(prefix):]\n        else:\n            window_text +\u003d line\n\n    if window_text:\n        windows.append(window_text.strip())\n\n    f.close()\n    return windows\n\n\ndef check_samples(samples\u003d()):\n    \"\"\"\n      Check script output for all samples. Sample is a two element list, where the first is input and\n      the second is output.\n    \"\"\"\n    for sample in samples:\n        if len(sample) \u003d\u003d 2:\n            output \u003d get_file_output(arg_string\u003dstr(sample[0]))\n            if \"\\n\".join(output) !\u003d sample[1]:\n                failed(\n                    \"Test from samples failed: \\n \\n\"\n                    \"Input:\\n{}\"\n                    \"\\n \\n\"\n                    \"Expected:\\n{}\"\n                    \"\\n \\n\"\n                    \"Your result:\\n{}\".format(str.strip(sample[0]), str.strip(sample[1]), \"\\n\".join(output)))\n                return\n        set_congratulation_message(\"All test from samples passed. Now we are checking your solution on Stepik server.\")\n\n    passed()\n\n\ndef run_common_tests(error_text\u003d\"Please, reload file and try again\"):\n    test_is_not_empty()\n    test_answer_placeholders_text_deleted()\n    test_file_importable()\n"
          },
          "update_date": "Jan 1, 1970 1:00:00 AM",
          "feedback_link": {
            "link_type": "STEPIK"
          },
          "task_type": "edu"
        }
      ],
      "type": "lesson"
    }
  ]
}