{
  "summary": "TP",
  "title": "TP2",
  "programming_language": "Python 3.x",
  "language": "en",
  "items": [
    {
      "id": 0,
      "title": "Part1 --- Boolean expressions",
      "task_list": [
        {
          "name": "Ex1",
          "stepic_id": 0,
          "task_files": {
            "task.py": {
              "name": "task.py",
              "text": "# Cet exercice est à effectuer dans la console Python.\n\n\n",
              "placeholders": []
            }
          },
          "test_files": {
            "tests.py": "from test_helper import run_common_tests, failed, passed, get_answer_placeholders\n\n\ndef test_answer_placeholders():\n    placeholders \u003d get_answer_placeholders()\n    placeholder \u003d placeholders[0]\n    if placeholder \u003d\u003d \"\":       # TODO: your condition here\n        passed()\n    else:\n        failed()\n\n\nif __name__ \u003d\u003d \u0027__main__\u0027:\n    run_common_tests()\n    # test_answer_placeholders()       # TODO: uncomment test call\n\n\n"
          },
          "description_text": "\n#TP2\n\n##Partie 1 --- Les expressions booléennes\n\n###Ex. 1\n\nCet exercice est à effectuer dans la console Python.\n\n**Question 1** : Exécuter dans la console: \n```python\n\u003e\u003e\u003e True\n\u003e\u003e\u003e 1+1\u003d\u003d2\n\u003e\u003e\u003e False\n\u003e\u003e\u003e 1+1\u003d\u003d3\n\u003e\u003e\u003e type(True)\n\u003e\u003e\u003e type(False)\n\u003e\u003e\u003e type(1+1\u003d\u003d2)\n```\n*Noter que `True` et `False` sont des valeurs en python, au même titre que `1, 2, 3...`. Par contre `True` et `False` sont des valeurs de type `bool` et non pas `int`.* \n\n\nDe même que l\u0027on peut faire des expressions arithmétiques qui calculent sur les entiers, ont peut faire des expressions booléennes qui calculent sur les booléens. \n\nLes opérateurs booléens sont :\n* `and` : \"et\"\n* `or` : \"ou\"\n* `not` : \"non\"\n\n\n**Question 2** : Exécuter dans la console: \n```python\n\u003e\u003e\u003e True and False\n\u003e\u003e\u003e True and True\n\u003e\u003e\u003e True or False\n\u003e\u003e\u003e True or True\n\u003e\u003e\u003e True and (True or False)\n\u003e\u003e\u003e not False\n\u003e\u003e\u003e not True\n```\n\n**Question 3** : Exécuter dans la console: \n```python\n\u003e\u003e\u003e a\u003dFalse\n\u003e\u003e\u003e b\u003dFalse\n\u003e\u003e\u003e not (a or b) \u003d\u003d  (not a) and (not b)\n```\nRéévaluer cette dernière expression booléenne avec les trois autres combinaisons de valeurs pour `a` et `b`.\n\n*En logique, cette égalité est connue sous le nom de Loi de De Morgan.*\n\nOn peut bien sûr générer des valeurs booléennes en comparant des valeurs non-booléennes. Les opérateurs de comparaison sont:\n\n* `\u003c` : \"strictement inferieur à\"\n*  `\u003c\u003d` : \"inférieur ou égal à\"\n* `\u003e`  : \"strictement supérieur à\"\n* `\u003e\u003d`  : \"supérieur ou égal à\"\t\n* `\u003d\u003d` : \"égal à\"\n* `!\u003d`  :  \"différent de\"\n\nAttention: `\u003d\u003d` correspond à une question : c\u0027est deux valeurs sont-elles égales? Tandis que `\u003d` correspond à une affectation : on décide qu\u0027une certaine variable doit désormais valoir une certaine valeur. \n\n\n**Question 4** : Exécuter dans la console: \n```python\n\u003e\u003e\u003e 3 \u003d\u003d 4\n\u003e\u003e\u003e 3 !\u003d 4\n\u003e\u003e\u003e 3 \u003c\u003d 4\n\u003e\u003e\u003e 3+4 \u003e\u003d 7\n\u003e\u003e\u003e 3+4\u003d\u003d7 or 3\u003c\u003d7-5\n\u003e\u003e\u003e 24 % 2 \u003d\u003d 0 and 24 % 3\n```\n\n\n**Question 5** : Initialiser les variables a, b et c respectivement aux valeurs 2, 5 et 7. Déterminer si les tests\nsuivants sont vrais ou faux en utilisant les opérateurs booléens et les opérateurs de comparaison correspondants :\n* a **égale à** b\n* (a + b) **différent de** c\n* **non** (a **égale à** c)\n* ((a + b) **supérieur ou égal à**\t c) **et** (a **inférieur ou égal à** (c − b))\n* ((a + c) \u003e b ) **ou** (( a + c) \u003c b)\n\n\n\n",
          "description_format": "md",
          "additional_files": {},
          "update_date": "Jan 1, 1970 1:00:00 AM",
          "task_type": "edu"
        }
      ],
      "type": "lesson"
    },
    {
      "id": 0,
      "title": "Part2 --- If",
      "task_list": [
        {
          "name": "Ex2",
          "stepic_id": 0,
          "task_files": {
            "task.py": {
              "name": "task.py",
              "text": "\n#Q1\n#type here\n\n#Q2\n#type here\n\n#Q3\n#type here\n\n#Q4\n#type here",
              "placeholders": [
                {
                  "offset": 5,
                  "length": 10,
                  "hints": [],
                  "possible_answer": "note \u003d 17\nif note \u003e\u003d 10:\n    print(\"Vous avez la moyenne\")",
                  "placeholder_text": "#type here"
                },
                {
                  "offset": 21,
                  "length": 10,
                  "hints": [],
                  "possible_answer": "rep \u003d input(\"Bonjour, comment allez-vous?\")\nif rep \u003d\u003d \"Bien\":\n    print(\"Super! Je suis content pour vous.\")\nelse:\n    print(\"Mince... courage!\")",
                  "placeholder_text": "#type here"
                },
                {
                  "offset": 37,
                  "length": 10,
                  "hints": [],
                  "possible_answer": "note \u003d int(input(\"Quelle est votre note? \"))\nif note \u003e\u003d 10:\n    print(\"Vous avez la moyenne\")",
                  "placeholder_text": "#type here"
                },
                {
                  "offset": 53,
                  "length": 10,
                  "hints": [],
                  "possible_answer": "age \u003d int(input(\"Quel est votre age ?\"))\nif age \u003c 18:\n    prix\u003d 7\nelse:\n    prix\u003d 12\nif input(\"Souhaitez-vous un pop corn ?\")\u003d\u003d\"oui\" :\n    prix+\u003d 5\nprint(\"Le prix total est de :\",prix)",
                  "placeholder_text": "#type here"
                }
              ]
            }
          },
          "test_files": {
            "tests.py": "from test_helper import run_common_tests, failed, passed, get_answer_placeholders\n\ndef test_answer_placeholders():\n    placeholders \u003d get_answer_placeholders()\n    test_Q1(placeholders[0])\n    test_Q2(placeholders[1])\n    test_Q3(placeholders[2])\n    test_Q4(placeholders[3])\n\ndef test_Q1(answer):\n    correction\u003d\"\"\"note \u003d 17\nif note \u003e\u003d 10:\n    print(\"Vous avez la moyenne\")\"\"\"\n    correction \u003d correction.replace(\" \", \"\")\n    answer \u003d answer.replace(\" \", \"\")\n    if answer \u003d\u003d correction :\n        passed()\n    else :\n        failed(\"Votre réponse n\u0027est pas exactement celle attendue.\")\n\ndef test_Q2(answer):\n    correction\u003d\"\"\"rep \u003d input(\"Bonjour, comment allez-vous?\")\nif rep \u003d\u003d \"Bien\":\n    print(\"Super! Je suis content pour vous.\")\nelse:\n    print(\"Mince... courage!\")\"\"\"\n    correction \u003d correction.replace(\" \", \"\")\n    answer \u003d answer.replace(\" \", \"\")\n    if answer \u003d\u003d correction :\n        passed()\n    else :\n        failed(\"Votre réponse n\u0027est pas exactement celle attendue.\")\n\ndef test_Q3(answer):\n    correction\u003d\"\"\"note \u003d int(input(\"Quelle est votre note? \"))\nif note \u003e\u003d 10:\n    print(\"Vous avez la moyenne\")\"\"\"\n    correction \u003d correction.replace(\" \", \"\")\n    answer \u003d answer.replace(\" \", \"\")\n    if answer \u003d\u003d correction :\n        passed()\n    else :\n        failed(\"Votre réponse n\u0027est pas exactement celle attendue.\")\n\ndef test_Q4(answer):\n    correction\u003d\"\"\"age \u003d int(input(\"Quel est votre age ?\"))\nif age \u003c 18:\n    prix\u003d 7\nelse:\n    prix\u003d 12\nif input(\"Souhaitez-vous un pop corn ?\")\u003d\u003d\"oui\" :\n    prix+\u003d 5\nprint(\"Le prix total est de :\",prix)\"\"\"\n    correction \u003d correction.replace(\" \", \"\")\n    answer \u003d answer.replace(\" \", \"\")\n    if answer \u003d\u003d correction :\n        passed()\n    else :\n        failed(\"Votre réponse n\u0027est pas exactement celle attendue.\")\n\nif __name__ \u003d\u003d \u0027__main__\u0027:\n    #run_common_tests()\n    test_answer_placeholders()"
          },
          "description_text": "\n## Partie 2 --- If\n\n### Ex. 2\n  \nL\u0027instruction `if` signifie \"si\". Elle permet de n\u0027exécuter un bloc d\u0027instruction que si une certaine condition (une expression booléenne) s\u0027évalue à vrai.\n\n```python\nif expr :\n    # bloc d\u0027instructions\n    # qui n\u0027est exécuté que\n    # que si expr est vraie\n# suite des instructions\n```\n\n**IMPORTANT** : Il y a une indentation de 4 espaces (ou une tabulation) entre la ligne du `if`, et les lignes du bloc. Ce type d\u0027espace laissé dans la marge de gauche s\u0027appelle l\u0027indentation. L\u0027indentation est primordiale en python, car elle permet de voir quand commence et s\u0027arrête le bloc d\u0027instruction qui est conditionné par le `if`.\n\nLes deux points après la condition sont indispensables aussi. Ils signifient \"alors\". Par exemple, la phrase française \"si x est pair alors diviser x par deux\" se traduit en python par:\n\n```python\nif x % 2 \u003d\u003d 0 :\n    x \u003d x // 2 \n```   \n\nVariation avec alternative: \n\n```python\nif expr :\n    # bloc d\u0027instructions\n    # qui n\u0027est exécuté que\n    # que si expr est vraie\nelse :\n    # bloc d\u0027instructions\n    # qui n\u0027est exécuté que\n    # que si expr est fausse\n# suite des instructions\n```\n\nVariation avec cas multiples:\n\n**3. Cas multiples**\n\n```python\nif expr1 :\n    # bloc d\u0027instructions\n    # qui n\u0027est exécuté que\n    # que si expr1 est vraie\nelif expr2:\n    # bloc d\u0027instructions\n    # qui n\u0027est exécuté que\n    # que si expr2 est vraie\nelse :\n    # bloc d\u0027instructions\n    # qui n\u0027est exécuté que\n    # que si expr1 et expr2 sont fausses\n# suite des instructions\n```\n\n\n**Question 1** : Affecter la valeur `17` à la variable `note`. Ecrire deux lignes de code qui correspondent à la phrase française \"si la valeur de a est supérieure ou égal à 17 alors afficher bravo!\". Tester vos deux lignes en changeant la valeur de `a`.\n\n\nL\u0027instruction `input(.)` sert à poser une question à *l\u0027utilisateur* du programme (à ne pas confondre avec le programmeur du programme!). \n* A l\u0027intérieur de la parenthèse on met la question que l\u0027on veut poser. Elle s\u0027affichera comme si c\u0027était un `print(.)`.\n* L\u0027expression entière prendre comme valeur la chaîne de caractère qu\u0027aura saisi l\u0027utilisateur en réponse à votre question.\n\n\nPar exemple \n```python\nrep\u003dinput(\"Comment allez-vous?\")\n```\nAffiche \"Comment allez-vous?\"; attend de l\u0027ulisateur qu\u0027il tape une réponse; et met cette réponse dans `rep`.\n\n\n**Question 2** : Ecrivez un programme python qui pose la question \"Bonjour, comment ça va?\". Si l\u0027utilisateur répond \"Bien\" alors affichez le message \"Super! Je suis content pour vous.\" Si la réponse est différente de \"Bien\" affichez \"Mince... courage!\".\n\n\n**Question 3** : Recopier et modifier la question 1 pour que le programme demande à l\u0027utilisateur de saisir sa note, avant de lui dire si celle-ci est au-dessus de la moyenne ou pas. \n\n*Noter qu\u0027il vous faut convertir le résultat de `input(.)` en entier avec la fonction `int(.)` afin de pouvoir le comparer à 10.*\n\n\n**Question 4** :\nEcrire un programme qui demande son âge à l\u0027utilisateur : \"Quel est votre âge ?\" et s\u0027il oui ou non il souhaite des pop corns : \"Souhaitez-vous des pop corns ?\". Le programme affiche alors le `prix` de sa séance de cinéma. Si la personne est mineure, le prix d’une place est de 7EUR, si la personne est majeure le prix est de 12EUR. Le pop corn est à 5EUR.\n\n\n\n***\n### Correction\n\n```python\n#Q1\nnote \u003d 17\nif note \u003e\u003d 10:\n    print(\"Vous avez la moyenne\")\n\n#Q2\nrep \u003d input(\"Bonjour, comment ça va?\")\nif rep \u003d\u003d \"Bien\":\n    print(\"Super! Je suis content pour vous.\")\nelse:\n    print(\"Mince... courage!\")\n\n#Q3\nnote \u003d int(input(\"Quelle est votre note? \"))\nif note \u003e\u003d 10:\n    print(\"Vous avez la moyenne\")\n\n#Q4\nage \u003d int(input(\"Quel est votre age ?\"))\nif age \u003c 18:\n    prix\u003d 7\nelse:\n    prix\u003d 12\nif input(\"Souhaitez-vous un pop corn ?\")\u003d\u003d\"oui\" :\n    prix+\u003d 5\nprint(\"Le prix total est de :\",prix)\n```",
          "description_format": "md",
          "additional_files": {},
          "update_date": "Jan 1, 1970 1:00:00 AM",
          "task_type": "edu"
        }
      ],
      "type": "lesson"
    },
    {
      "id": 0,
      "update_date": "Jan 1, 1970 1:00:00 AM",
      "title": "Part3 --- For",
      "task_list": [
        {
          "name": "Ex3",
          "stepic_id": 0,
          "task_files": {
            "task.py": {
              "name": "task.py",
              "text": "\nstart\u003d1\nend\u003d100\n\n#Q1\n#type here\n\n#Q2\n#type here\n\n#Q3\n#type here\n",
              "placeholders": [
                {
                  "offset": 22,
                  "length": 10,
                  "hints": [],
                  "possible_answer": "for i in range(start,end+1):\n    print(i**3)",
                  "placeholder_text": "#type here"
                },
                {
                  "offset": 38,
                  "length": 10,
                  "hints": [],
                  "possible_answer": "somme\u003d0\nfor i in range(start, end+1):\n    somme +\u003d i\nprint(somme /(end-start))",
                  "placeholder_text": "#type here"
                },
                {
                  "offset": 54,
                  "length": 10,
                  "hints": [],
                  "possible_answer": "somme\u003d0\nfor i in range(start, end+1):\n    somme +\u003d 1/2**i\nprint(somme)",
                  "placeholder_text": "#type here"
                }
              ]
            }
          },
          "test_files": {
            "tests.py": "from test_helper import run_common_tests, failed, passed, get_answer_placeholders\n\n\ndef test_answer_placeholders():\n    placeholders \u003d get_answer_placeholders()\n    test_Q1(placeholders[0])\n    test_Q2(placeholders[1])\n    test_Q3(placeholders[2])\n\ndef test_Q1(answer):\n    correction\u003d\"\"\"for i in range(start,end+1):\n    print(i**3)\"\"\"\n    correction \u003d correction.replace(\" \", \"\")\n    answer \u003d answer.replace(\" \", \"\")\n    if answer \u003d\u003d correction :\n        passed()\n    else :\n        failed(\"Votre réponse n\u0027est pas exactement celle attendue.\")\n\ndef test_Q2(answer):\n    correction\u003d\"\"\"somme\u003d0\nfor i in range(start, end+1):\n    somme +\u003d i\nprint(somme /(end-start))\"\"\"\n    correction \u003d correction.replace(\" \", \"\")\n    answer \u003d answer.replace(\" \", \"\")\n    if answer \u003d\u003d correction :\n        passed()\n    else :\n        failed(\"Votre réponse n\u0027est pas exactement celle attendue.\")\n\n\ndef test_Q3(answer):\n    correction\u003d\"\"\"somme\u003d0\nfor i in range(start, end+1):\n    somme +\u003d 1/2**i\nprint(somme)\"\"\"\n    correction \u003d correction.replace(\" \", \"\")\n    answer \u003d answer.replace(\" \", \"\")\n    if answer \u003d\u003d correction :\n        passed()\n    else :\n        failed(\"Votre réponse n\u0027est pas exactement celle attendue.\")\n\nif __name__ \u003d\u003d \u0027__main__\u0027:\n    run_common_tests()\n    test_answer_placeholders()"
          },
          "description_text": "\r\n##Partie 3 --- For\r\n\r\n### Ex. 3\r\n\r\nL\u0027instruction `for` signifie \"pour\". Elle permet de répéter l\u0027exécution d\u0027un bloc d\u0027instruction un nombre fixe de fois; tout en faisant varier la valeur d\u0027une certaine variable. \r\n \r\n```python\r\nfor i in range(initial, final) :\r\n    # bloc d\u0027instructions\r\n    # qui s\u0027exécute pour `i` allant de\r\n    # la valeur initiale incluse\r\n    # à la valeur finale excluse\r\n# suite des instructions\r\n```\r\n\r\nPar exemple, la phrase française \"pour i allant de 1 à 5 affiche Hello!\" se traduit en python par\r\n```python\r\nfor i in range(1,6) :\r\n    print(\"Hello!\")\r\n```\r\n\r\nPour faire un \"countdown\" de fusée, on pourrait utiliser\r\n```python\r\nfor i in range(10,-1,-1) :\r\n    print(i,\"...\")\r\nprint(\"Go !!!\")\r\n```\r\n\r\nOn peut aussi faire varier `i` dans une liste arbitraire. \r\n\r\n```python\r\nprint(\"Les premiers nombres premiers sont \")\r\nfor i in [2,3,5,7] :\r\n    print(i)\r\n```\r\n\r\nD\u0027ailleurs, nul besoin d\u0027utiliser spécifiquement la variable `i`.\r\n\r\n**Question 1** : Ecrire un programme qui calcule et affiche les cubes de 1 à 100. Remarque: utiliser l\u0027opérateur  `**` pour la puissance.\r\n\r\n**Question 2** : Ecrire un programme qui calcule la moyenne des cubes de 1 à 100, et affiche le résultat final.\r\n\r\n**Question 3** : Ecrire un programme qui calcule la somme des nombres de la forme $1/2^i$ , pour i allant de 1 à 100, et affiche le résultat final.\r\n\r\n\r\n***\r\n###Correction\r\n\r\n```python\r\nstart\u003d1\r\nend\u003d100\r\n\r\n#Q1\r\nfor i in range(start,end+1):\r\n    print(i**3)\r\n\r\n#Q2\r\nsomme\u003d0\r\nfor i in range(start, end+1):\r\n    somme +\u003d i\r\nprint(somme /(end-start))\r\n\r\n#Q3\r\nsomme\u003d0\r\nfor i in range(start, end+1):\r\n    somme +\u003d 1/2**i\r\nprint(somme)\r\n```\r\n\r\n",
          "description_format": "md",
          "additional_files": {},
          "update_date": "Jan 1, 1970 1:00:00 AM",
          "task_type": "edu"
        },
        {
          "name": "Ex4 --- Fibonacci",
          "stepic_id": 0,
          "task_files": {
            "task.py": {
              "name": "task.py",
              "text": "\n#Q1\nFn_moins_2\u003d0\nFn_moins_1\u003d1\nprint(0)\nprint(1)\nfor i in range(1,19):\n    Fn\u003dFn_moins_1+Fn_moins_2\n    print(Fn)\n    Fn_moins_2\u003dFn_moins_1\n    Fn_moins_1\u003dFn",
              "placeholders": []
            }
          },
          "test_files": {
            "tests.py": "from test_helper import run_common_tests, failed, passed, get_answer_placeholders\n\n\ndef test_answer_placeholders():\n    placeholders \u003d get_answer_placeholders()\n    test_Q1(placeholders[0])\n\ndef test_Q1(answer):\n    correction\u003d\"\"\"Fn_moins_2\u003d0\nFn_moins_1\u003d1\nprint(0)\nprint(1)\nfor i in range(1,19):\n    Fn\u003dFn_moins_1+Fn_moins_2\n    print(Fn)\n    Fn_moins_2\u003dFn_moins_1\n    Fn_moins_1\u003dFn\"\"\"\n    correction \u003d correction.replace(\" \", \"\")\n    answer \u003d answer.replace(\" \", \"\")\n    if answer \u003d\u003d correction :\n        passed()\n    else :\n        failed(\"Votre réponse n\u0027est pas exactement celle attendue.\")\n\nif __name__ \u003d\u003d \u0027__main__\u0027:\n    run_common_tests()\n    test_answer_placeholders()"
          },
          "description_text": "\n\n### Ex. 4 --- Fibonacci\n\nÉcrire un programme qui affiche successivement les 20 premiers nombres de la suite de Fibonacci de 20. En termes mathématiques cette suite est définie par:\n\n* $F(0)\u003d0$,  $F(1) \u003d 1$\n* $F(n)\u003dF(n-2)+F(n-1)$   pour $n\u003e1$\n\nLa difficulté, ici, est que nous ne savons par encore comment définir des fonctions du style $F(n)$, ni même des listes du style $F_n$. Nous apprendrons ça, mais pour l\u0027heure, nous allons nous en passer. \n\nAu lieu de ça nous utiliserons seulement trois variables: `Fn_moins_2` initialisée à `0`,`Fn_moins_1` initilisée à `1`, et `Fn`. \n\nNous afficherons les valeurs se la suite en procédant ainsi:\n \nAfficher `0`\n\nAfficher `1`\n\nPour les 18 prochains termes: \n\n* calculer `Fn\u003dFn_moins_1+Fn_moins_2` et l\u0027afficher.\n* Mettre `Fn_moins_1` dans `Fn_moins_2`. \n* Mettre `Fn` dans `Fn_moins_1`.\n\n\n**Question 1** : Ecrire le programme en question.\n\n",
          "description_format": "md",
          "additional_files": {},
          "update_date": "Jan 1, 1970 1:00:00 AM",
          "task_type": "edu"
        },
        {
          "name": "Ex5 --- Pyramid",
          "stepic_id": 0,
          "task_files": {
            "task.py": {
              "name": "task.py",
              "text": "\n#Q1\n#type here\n\n\n\n",
              "placeholders": [
                {
                  "offset": 5,
                  "length": 10,
                  "hints": [],
                  "possible_answer": "for i in range(1, 11):\n    for j in range(1, i+1):\n        print(\"* \", end \u003d\"\")\n    print()",
                  "placeholder_text": "#type here"
                }
              ]
            }
          },
          "test_files": {
            "tests.py": "from test_helper import run_common_tests, failed, passed, get_answer_placeholders\n\n\ndef test_answer_placeholders():\n    placeholders \u003d get_answer_placeholders()\n    test_Q1(placeholders[0])\n\ndef test_Q1(answer):\n    correction\u003d\"\"\"for i in range(1, 11):\n    for j in range(1, i+1):\n        print(\"* \", end \u003d\"\")\n    print()\"\"\"\n    correction \u003d correction.replace(\" \", \"\")\n    answer \u003d answer.replace(\" \", \"\")\n    if answer \u003d\u003d correction :\n        passed()\n    else :\n        failed(\"Votre réponse n\u0027est pas exactement celle attendue.\")\n\nif __name__ \u003d\u003d \u0027__main__\u0027:\n    run_common_tests()\n    test_answer_placeholders()"
          },
          "description_text": "\n\n\n### Ex. 5 --- Pyramides\n\nSi je répète 5 fois, le fait de répéter 10 fois \"Hello!\", combien de fois est-ce que je répète \"Hello!\" au total? \n\nUne boucle imbriquée est une boucle inclue dans une autre. Cela correspond à l\u0027idée de répéter (boucle extérieure) une répétition (boucle intérieure).\n\nVoici un example.\n\n```python\nnum_lins \u003d 10\nnum_cols \u003d 5\nfor i in range(num_lins):\n    for j in range(num_cols):\n        print(\u0027*\u0027, end\u003d\"\")\n    print(\"\")\n```\nAffichage après exécution :\n```python\n * * * * * \n * * * * *\n * * * * *\n * * * * *\n * * * * *\n * * * * *\n * * * * *\n * * * * *\n * * * * *\n * * * * *\n```\n*Remarquer le `print(\"\")` qui affiche la chaîne vide... mais affiche aussi un saut de ligne, car tout `print(.)` termine son affichage par un saut de ligne. Sauf si on lui demande de ne pas le faire, en spécifiant `print(.,end\u003d\"\")`.*\n\n**Question** : Écrire un programme qui affiche à l\u0027écran une pyramide remplie d\u0027étoiles, sur le modèle ci-dessous.\nLa dernière ligne contient 10 étoiles \n```python\n *\n * *\n * * *\n * * * * \n * * * * *\n * * * * * *\n * * * * * * *\n * * * * * * * *\n * * * * * * * * *\n * * * * * * * * * *\n```\n \n*** \n###Correction\n \n```python\n #Q1\nfor i in range(1, 11):\n    for j in range(1, i+1):\n        print(\"* \", end \u003d\"\")\n    print()\n```\n",
          "description_format": "md",
          "additional_files": {},
          "update_date": "Jan 1, 1970 1:00:00 AM",
          "task_type": "edu"
        }
      ],
      "type": "lesson"
    },
    {
      "id": 0,
      "update_date": "Jan 1, 1970 1:00:00 AM",
      "title": "Part4 --- While",
      "task_list": [
        {
          "name": "Ex6",
          "stepic_id": 0,
          "task_files": {
            "task.py": {
              "name": "task.py",
              "text": "\n#Q1\n#type here\n\n#Q2\n#type here\n\n#Q3\n#type here",
              "placeholders": [
                {
                  "offset": 5,
                  "length": 10,
                  "hints": [],
                  "possible_answer": "n \u003d int(input(\"Entrez un nombre entre 1 et 10 :\"))\nwhile n\u003c0 or n\u003e10:\n    print(\"Essayez encore!\")\n    n \u003d int(input(\"Entrez un nombre entre 1 et 10 :\"))",
                  "placeholder_text": "#type here"
                },
                {
                  "offset": 21,
                  "length": 10,
                  "hints": [],
                  "possible_answer": "n \u003d 0\nsomme \u003d 0\nwhile n \u003e\u003d 0:\n    somme +\u003d n\n    n \u003d int(input(\"Entrez un nombre positif:\"))\nprint(\"La somme des nombres positifs est\", somme)",
                  "placeholder_text": "#type here"
                },
                {
                  "offset": 37,
                  "length": 10,
                  "hints": [],
                  "possible_answer": "i\u003d0\nwhile i**3\u003c1000*i**2+500*i+7:\n    i +\u003d 1\nprint(\"La partie entière de la solution est \",i-1)",
                  "placeholder_text": "#type here"
                }
              ]
            }
          },
          "test_files": {
            "tests.py": "from test_helper import run_common_tests, failed, passed, get_answer_placeholders\n\n\ndef test_answer_placeholders():\n    placeholders \u003d get_answer_placeholders()\n    test_Q1(placeholders[0])\n    test_Q2(placeholders[1])\n    #test_Q3(placeholders[2])\n\ndef test_Q1(answer):\n    correction\u003d\"\"\"n \u003d int(input(\"Entrez un nombre entre 1 et 10 :\"))\nwhile n\u003c0 or n\u003e10:\n    print(\"Essayez encore!\")\n    n \u003d int(input(\"Entrez un nombre entre 1 et 10 :\"))\"\"\"\n    correction \u003d correction.replace(\" \", \"\")\n    answer \u003d answer.replace(\" \", \"\")\n    if answer \u003d\u003d correction :\n        passed()\n    else :\n        failed(\"Votre réponse n\u0027est pas exactement celle attendue.\")\n\ndef test_Q2(answer):\n    correction\u003d\"\"\"n \u003d 0\nsomme \u003d 0\nwhile n \u003e\u003d 0:\n    somme +\u003d n\n    n \u003d int(input(\"Entrez un nombre positif:\"))\nprint(\"La somme des nombres positifs est\", somme)\"\"\"\n    correction \u003d correction.replace(\" \", \"\")\n    answer \u003d answer.replace(\" \", \"\")\n    if answer \u003d\u003d correction :\n        passed()\n    else :\n        failed(\"Votre réponse n\u0027est pas exactement celle attendue.\")\n\n\ndef test_Q3(answer):\n    correction\u003d\"\"\"i\u003d0\nwhile i**3\u003c1000*i**2+500*i+7:\n    i +\u003d 1\nprint(\"La partie entiére de la solution est \",i-1)\"\"\"\n    correction \u003d correction.replace(\" \", \"\")\n    answer \u003d answer.replace(\" \", \"\")\n    if answer \u003d\u003d correction :\n        passed()\n    else :\n        failed(\"Votre réponse n\u0027est pas exactement celle attendue.\")\n\nif __name__ \u003d\u003d \u0027__main__\u0027:\n    #run_common_tests()\n    test_answer_placeholders()"
          },
          "description_text": "\n## Partie 4 --- Boucle While\n\n### Ex. 6\n\nL\u0027instruction `while` signifie \"tant que\". Elle permet d\u0027exécuter un bloc d\u0027instructions, de façon répétée, tant qu’une condition est vraie. Elle sert donc, comme le `for`, à répéter des instructions. Mais, à la différence du `for`, elle permet de répéter ces instructions un nombre indéterminé de fois. \n\n\n```python\nwhile expr :\n    # bloc d\u0027instructions\n    # exécuté tant que \n    # expr est vraie\n# suite des instructions\n```\n\nAutrement dit: \n* L\u0027interpréteur évalue la condition. \n* Si la condition est vraie, il exécute le bloc et retourne évaluer la condition. \n* Si la condition est fausse il saute le bloc et poursuit la suite du programme. \n\nBien sûr, un `while` permet de faire ce qu\u0027aurait déjà su faire un `for`, mais comme c\u0027est un peu plus compliqué que le `for` on ne l\u0027utilise généralement pas pour ça:\n\n```python\ni\u003d10\nwhile  i \u003e\u003d 0:\n    print(i,\"...\")\n    i \u003d i - 1\nprint(\"Go !!!\")\n```\nCe qui affiche \n```python\n10 ...\n9 ...\n8 ...\n7 ...\n6 ...\n5 ...\n4 ...\n3 ...\n2 ...\n1 ...\n0 ...\nGo !!!\n```\nLe `while` est aussi plus risqué que le `for`, car il faut s’assurer que le programme ne restera pas prisonnier d\u0027une boucle infinie; répétant à jamais le même bloc d\u0027instructions. Il faut donc se convaincre que la condition finira par être fausse. \n\nVoici un exemple simple de boucle infinie: \n```python\nwhile True:\n    print(\"Hello!\")\n```\n\n\n**Question 1** : Ecrire un programme qui demande à l\u0027utilisateur \"Entrez un nombre entre 1 et 10 : \". Si l\u0027utilisateur ne respecte pas la consigne, il affiche \"Essayez encore!\" et redemande ce nombre. Ainsi de suite jusqu\u0027à ce que l\u0027utilisateur respecte la consigne. \n\n**Question 2** : Écrire un programme qui fait la somme des nombres entiers positifs entrés par l’utilisateur, tant que ce dernier souhaite continuer. Il s\u0027arrête dès que l\u0027utilisateur entre un nombre négatif. \n\n**Question 2** : Écrire un programme qui demande à l\u0027utilisateur de calculer la suite des $i^3$ tant que le résultat de ce calcul est inférieur à $1000i^2+500i+7$. En déduire la partie entière de la solution de l\u0027équation $-i^3+1000i^2+500i+7\u003d0$.\n\n\n\n\n\n***\n### Correction\n\n```python\n#Q1\nn \u003d int(input(\"Entrez un nombre entre 1 et 10 :\"))\nwhile n\u003c0 or n\u003e10:\n    print(\"Essayez encore!\")\n    n \u003d int(input(\"Entrez un nombre entre 1 et 10 :\"))\n\n#Q2\nn \u003d 0\nsomme \u003d 0\nwhile n \u003e\u003d 0:\n    somme +\u003d n\n    n \u003d int(input(\"Entrez un nombre positif:\"))\nprint(\"La somme des nombres positifs est\", somme)\n\n#Q3\ni\u003d0\nwhile i**3\u003c1000*i**2+500*i+7:\n    i +\u003d 1\nprint(\"La partie entière de la solution est \",i-1)\n```\n\n",
          "description_format": "md",
          "additional_files": {},
          "update_date": "Jan 1, 1970 1:00:00 AM",
          "task_type": "edu"
        }
      ],
      "type": "lesson"
    },
    {
      "id": 0,
      "title": "Edu additional materials",
      "task_list": [
        {
          "name": "Edu additional materials",
          "stepic_id": 0,
          "task_files": {},
          "test_files": {},
          "description_format": "html",
          "additional_files": {
            "test_helper.py": "import sys\n\n\ndef get_file_text(path):\n    \"\"\" Returns file text by path\"\"\"\n    file_io \u003d open(path, \"r\")\n    text \u003d file_io.read()\n    file_io.close()\n    return text\n\n\ndef get_file_output(encoding\u003d\"utf-8\", path\u003dsys.argv[-1], arg_string\u003d\"\"):\n    \"\"\"\n    Returns answer file output\n    :param encoding: to decode output in python3\n    :param path: path of file to execute\n    :return: list of strings\n    \"\"\"\n    import subprocess\n\n    proc \u003d subprocess.Popen([sys.executable, path], stdin\u003dsubprocess.PIPE, stdout\u003dsubprocess.PIPE,\n                            stderr\u003dsubprocess.STDOUT)\n    if arg_string:\n        for arg in arg_string.split(\"\\n\"):\n            proc.stdin.write(bytearray(str(arg) + \"\\n\", encoding))\n            proc.stdin.flush()\n\n    return list(map(lambda x: str(x.decode(encoding)), proc.communicate()[0].splitlines()))\n\n\ndef test_file_importable():\n    \"\"\" Tests there is no obvious syntax errors\"\"\"\n    path \u003d sys.argv[-1]\n    if not path.endswith(\".py\"):\n        import os\n\n        parent \u003d os.path.abspath(os.path.join(path, os.pardir))\n        python_files \u003d [f for f in os.listdir(parent) if os.path.isfile(os.path.join(parent, f)) and f.endswith(\".py\")]\n        for python_file in python_files:\n            if python_file \u003d\u003d \"tests.py\":\n                continue\n            check_importable_path(os.path.join(parent, python_file))\n        return\n    check_importable_path(path)\n\n\ndef check_importable_path(path):\n    \"\"\" Checks that file is importable.\n        Reports failure otherwise.\n    \"\"\"\n    saved_input \u003d patch_input()\n    try:\n        import_file(path)\n    except:\n        failed(\"The file contains syntax errors\", test_file_importable.__name__)\n        return\n    finally:\n        revert_input(saved_input)\n\n    passed(test_file_importable.__name__)\n\n\ndef patch_input():\n    def mock_fun(_m\u003d\"\"):\n        return \"mock\"\n\n    if sys.version_info[0] \u003d\u003d 3:\n        import builtins\n        save_input \u003d builtins.input\n        builtins.input \u003d mock_fun\n        return save_input\n    elif sys.version_info[0] \u003d\u003d 2:\n        import __builtin__\n        save_input \u003d __builtin__.raw_input\n        __builtin__.raw_input \u003d mock_fun\n        __builtin__.input \u003d mock_fun\n        return save_input\n\n\ndef revert_input(saved_input):\n    if sys.version_info[0] \u003d\u003d 3:\n        import builtins\n        builtins.input \u003d saved_input\n    elif sys.version_info[0] \u003d\u003d 2:\n        import __builtin__\n        __builtin__.raw_input \u003d saved_input\n        __builtin__.input \u003d saved_input\n\n\ndef import_file(path):\n    \"\"\" Returns imported file \"\"\"\n    if sys.version_info[0] \u003d\u003d 2 or sys.version_info[1] \u003c 3:\n        import imp\n\n        return imp.load_source(\"tmp\", path)\n    elif sys.version_info[0] \u003d\u003d 3:\n        import importlib.machinery\n\n        return importlib.machinery.SourceFileLoader(\"tmp\", path).load_module(\"tmp\")\n\n\ndef import_task_file():\n    \"\"\" Returns imported file.\n        Imports file from which check action was run\n    \"\"\"\n    path \u003d sys.argv[-1]\n    return import_file(path)\n\n\ndef test_is_not_empty():\n    \"\"\"\n        Checks that file is not empty\n    \"\"\"\n    path \u003d sys.argv[-1]\n    file_text \u003d get_file_text(path)\n\n    if len(file_text) \u003e 0:\n        passed()\n    else:\n        failed(\"The file is empty. Please, reload the task and try again.\")\n\n\ndef test_text_equals(text, error_text):\n    \"\"\"\n        Checks that answer equals text.\n    \"\"\"\n    path \u003d sys.argv[-1]\n    file_text \u003d get_file_text(path)\n\n    if file_text.strip() \u003d\u003d text:\n        passed()\n    else:\n        failed(error_text)\n\n\ndef test_answer_placeholders_text_deleted(error_text\u003d\"Don\u0027t just delete task text\"):\n    \"\"\"\n        Checks that all answer placeholders are not empty\n    \"\"\"\n    windows \u003d get_answer_placeholders()\n\n    for window in windows:\n        if len(window) \u003d\u003d 0:\n            failed(error_text)\n            return\n    passed()\n\n\ndef set_congratulation_message(message):\n    \"\"\" Overrides default \u0027Congratulations!\u0027 message \"\"\"\n    print(\"#educational_plugin CONGRATS_MESSAGE \" + message)\n\n\ndef failed(message\u003d\"Please, reload the task and try again.\", name\u003dNone):\n    \"\"\" Reports failure \"\"\"\n    if not name:\n        name \u003d sys._getframe().f_back.f_code.co_name\n    print(\"#educational_plugin \" + name + \" FAILED + \" + message)\n\n\ndef passed(name\u003dNone):\n    \"\"\" Reports success \"\"\"\n    if not name:\n        name \u003d sys._getframe().f_back.f_code.co_name\n    print(\"#educational_plugin \" + name + \" test OK\")\n\n\ndef get_answer_placeholders():\n    \"\"\"\n        Returns all answer placeholders text\n    \"\"\"\n    prefix \u003d \"#educational_plugin_window \u003d \"\n    path \u003d sys.argv[-1]\n    import os\n\n    file_name_without_extension \u003d os.path.splitext(path)[0]\n    windows_path \u003d file_name_without_extension + \"_windows\"\n    windows \u003d []\n    f \u003d open(windows_path, \"r\")\n    window_text \u003d \"\"\n    first \u003d True\n    for line in f.readlines():\n        if line.startswith(prefix):\n            if not first:\n                windows.append(window_text.strip())\n            else:\n                first \u003d False\n            window_text \u003d line[len(prefix):]\n        else:\n            window_text +\u003d line\n\n    if window_text:\n        windows.append(window_text.strip())\n\n    f.close()\n    return windows\n\n\ndef check_samples(samples\u003d()):\n    \"\"\"\n      Check script output for all samples. Sample is a two element list, where the first is input and\n      the second is output.\n    \"\"\"\n    for sample in samples:\n        if len(sample) \u003d\u003d 2:\n            output \u003d get_file_output(arg_string\u003dstr(sample[0]))\n            if \"\\n\".join(output) !\u003d sample[1]:\n                failed(\n                    \"Test from samples failed: \\n \\n\"\n                    \"Input:\\n{}\"\n                    \"\\n \\n\"\n                    \"Expected:\\n{}\"\n                    \"\\n \\n\"\n                    \"Your result:\\n{}\".format(str.strip(sample[0]), str.strip(sample[1]), \"\\n\".join(output)))\n                return\n        set_congratulation_message(\"All test from samples passed. Now we are checking your solution on Stepik server.\")\n\n    passed()\n\n\ndef run_common_tests(error_text\u003d\"Please, reload file and try again\"):\n    test_is_not_empty()\n    test_answer_placeholders_text_deleted()\n    test_file_importable()\n"
          },
          "task_type": "edu"
        }
      ],
      "type": "lesson"
    }
  ]
}