{
  "summary": "TP2 - Mise en Oeuvre en Informatique",
  "title": "TP2",
  "programming_language": "Python",
  "language": "en",
  "items": [
    {
      "id": 0,
      "title": "Partie1",
      "task_list": [
        {
          "name": "Ex1",
          "stepic_id": 0,
          "task_files": {
            "task.py": {
              "name": "task.py",
              "text": "# TODO: type solution here\n\n#Exercice\n\na \u003d 2\nb \u003d 5\nc \u003d 7\n\na égale à b\n\n(a + b) different de c\n\nnon(a égale à c)\n\n((a + b) superieur ou egale a\t c) et (a inferieur ou egale a (c - b ))\n\n((a + c) supérieur ou égale à b ) ou (( a + c) inférieur ou égale à b)\n\n# tester si la valeur de la variable trois est strictement supérieure à la valeur de la variable deux.\ntrois \u003d 3\ndeux \u003d 2\n\nest_plus_grand \u003d trois operateur deux\nprint(est_plus_grand)\n\n# tester si le nom égale à \"John\" et qu\u0027il n\u0027a pas 23 ans\nname \u003d \"John\"\nage \u003d 17\n\nprint(expression)\n\n",
              "placeholders": [
                {
                  "offset": 60,
                  "length": 7,
                  "hints": [
                    "Veuillez mettre l\u0027operateur de comparaison correspondant"
                  ],
                  "possible_answer": "\u003d\u003d",
                  "placeholder_text": "égale à"
                },
                {
                  "offset": 79,
                  "length": 12,
                  "hints": [
                    "Veuillez mettre l\u0027operateur de comparaison correspondant"
                  ],
                  "possible_answer": "!\u003d",
                  "placeholder_text": "different de"
                },
                {
                  "offset": 95,
                  "length": 3,
                  "hints": [
                    "Veuillez mettre l\u0027operateur booléen correspondant"
                  ],
                  "possible_answer": "not",
                  "placeholder_text": "non"
                },
                {
                  "offset": 101,
                  "length": 7,
                  "hints": [
                    "Veuillez mettre l\u0027operateur de comparaison correspondant"
                  ],
                  "possible_answer": "\u003d\u003d",
                  "placeholder_text": "égale à"
                },
                {
                  "offset": 122,
                  "length": 20,
                  "hints": [
                    "Veuillez mettre l\u0027operateur de comparaison correspondant"
                  ],
                  "possible_answer": "\u003e\u003d",
                  "placeholder_text": "superieur ou egale a"
                },
                {
                  "offset": 147,
                  "length": 2,
                  "hints": [
                    "Veuillez mettre l\u0027operateur booléen correspondant"
                  ],
                  "possible_answer": "and",
                  "placeholder_text": "et"
                },
                {
                  "offset": 153,
                  "length": 20,
                  "hints": [
                    "Veuillez mettre l\u0027operateur de comparaison correspondant"
                  ],
                  "possible_answer": "\u003c\u003d",
                  "placeholder_text": "inferieur ou egale a"
                },
                {
                  "offset": 194,
                  "length": 20,
                  "hints": [
                    "Veuillez mettre l\u0027operateur de comparaison correspondant"
                  ],
                  "possible_answer": "\u003e",
                  "placeholder_text": "supérieur ou égale à"
                },
                {
                  "offset": 219,
                  "length": 2,
                  "hints": [
                    "Veuillez mettre l\u0027operateur booléen correspondant"
                  ],
                  "possible_answer": "or",
                  "placeholder_text": "ou"
                },
                {
                  "offset": 232,
                  "length": 20,
                  "hints": [
                    "Veuillez mettre l\u0027operateur de comparaison correspondant"
                  ],
                  "possible_answer": "\u003c",
                  "placeholder_text": "inférieur ou égale à"
                },
                {
                  "offset": 403,
                  "length": 9,
                  "hints": [
                    "Utilisez l\u0027opérateur de comparaison correspondant"
                  ],
                  "possible_answer": "\u003e",
                  "placeholder_text": "operateur"
                },
                {
                  "offset": 529,
                  "length": 10,
                  "hints": [
                    "Ecrivez l\u0027expression booleenne qui correspond à l\u0027enonce c. en utilisant les operateurs booleens et les operateurs de comparaison."
                  ],
                  "possible_answer": "name \u003d\u003d \u0027John\u0027 and age !\u003d 23",
                  "placeholder_text": "expression"
                }
              ]
            }
          },
          "test_files": {
            "tests.py": "from test_helper import run_common_tests, failed, passed, import_task_file, get_answer_placeholders\n\n\ndef test_window():\n    windows \u003d get_answer_placeholders()\n    window1 \u003d windows[0]\n    if \"\u003d\u003d\" in window1:\n        passed()\n    else:\n        failed(\"Utilisez l\u0027operateur \u003d\u003d\")\n    window2 \u003d windows[1]\n    if \"!\u003d\" in window2:\n        passed()\n    else:\n        failed(\"Utilisez l\u0027operateur !\u003d\")\n    window3 \u003d windows[2]\n    if \"not\" in window3:\n        passed()\n    else:\n        failed(\"Utilisez l\u0027operateur booleen not\")\n    window4 \u003d windows[3]\n    if \"\u003d\u003d\" in window4:\n        passed()\n    else:\n        failed(\"Utilisez l\u0027operateur \u003d\u003d\")\n    window5 \u003d windows[4]\n    if \"\u003e\u003d\" in window5:\n        passed()\n    else:\n        failed(\"Utilisez l\u0027operateur \u003e\u003d\")\n    window6 \u003d windows[5]\n    if \"and\" in window6:\n        passed()\n    else:\n        failed(\"Utilisez l\u0027operateur booleen and\")\n    window7 \u003d windows[6]\n    if \"\u003c\u003d\" in window7:\n        passed()\n    else:\n        failed(\"Utilisez l\u0027operateur \u003c\u003d\")\n    window8 \u003d windows[7]\n    if \"\u003e\" in window8:\n        passed()\n    else:\n        failed(\"Utilisez l\u0027operateur \u003e\")\n    window9 \u003d windows[8]\n    if \"or\" in window9:\n        passed()\n    else:\n        failed(\"Utilisez l\u0027operateur booleen or\")\n    window10 \u003d windows[9]\n    if \"\u003c\" in window10:\n        passed()\n    else:\n        failed(\"Utilisez l\u0027operateur \u003c\")\n\n\ndef test_value():\n    file \u003d import_task_file()\n    if file.est_plus_grand:\n        passed()\n    else:\n        failed(\"Utilisez l\u0027operateur \u003e\")\n\n\ndef test_window_b_question():\n    windowb \u003d get_answer_placeholders()[10]\n    if \"\u003e\" in windowb and \"\u003e\u003d\" not in windowb:\n        passed()\n    else:\n        failed(\"Utilisez l\u0027operateur \u003e\")\n\n\ndef test_window_c_question():\n    windowc \u003d get_answer_placeholders()[11]\n    if \"name\" in windowc and \"John\" in windowc and \"and\" in windowc and \"23\" in windowc:\n        passed()\n    else:\n        failed(\"Utilisez le mot cle \u0027and\u0027 et l\u0027operateur !\u003d \")\n\n\nif __name__ \u003d\u003d \u0027__main__\u0027:\n    run_common_tests()\n    test_window()\n    test_value()\n    test_window_b_question()\n    test_window_c_question()\n"
          },
          "description_text": "Les structures de contrôle\n-\n\nLes structures de contrôle sont les groupes d’instructions qui déterminent l’ordre dans lequel les actions sont effectuées. En programmation moderne, il en existe seulement trois: \n\n- la séquence\n- la selection (voir partie 2)\n- la répétition  (voir parties 3 et 4)\n\n**Séquence d’instructions** : une série d’instructions qui se suivent (chaînes de caractères, les tuples, les listes).\n Les instructions d’un programme s’exécutent les unes après les autres, dans\nl’ordre où elles ont été écrites à l’intérieur du script.\n\nPar exemple, dans la séquence d’instructions suivantes : \n\n\u003e `a, b \u003d 3, 7` \n\n\u003e ` a \u003d b` \n\n\u003e ` b \u003d a` \n\n\u003e ` print(a, b)` \n\nVous obtiendrez un résultat contraire si vous intervertissez les 2eme et 3eme lignes.\n\n### Tuples\nUn tuple est un objet qui peut contenir 0, 1, 2, 3, . . . objets\n\n\u003e In[1] : `tuple_vide \u003d ()`\n\n\u003e In[2] : `tuple1 \u003d (1,)`\n\n\u003e In[3] : `tuple3 \u003d (1, 2, 5)`\n\nOn peut accéder à l’élément d’indice i d’un tuple grâce aux crochets.\n\n\u003e In[4] : `tuple3[1]`\n\n\u003e Out[4]: 2\n\nExpressions booléennes\n-\nDans cette séquence, vous allez découvrir :\n\n- le type booléen,\n- les opérateurs de comparaison,\n- les opérateurs logiques,\n- l\u0027instruction conditionnelle.\n\nLes valeurs de vérité vrai et faux sont représentées respectivement en Python comme en anglais par **True** et **False** .\n\n\n**Note** : La majuscule est indispensable!\n\n\nUtilisez la console python pour exécuter les instructions suivantes: \n\n- 3 \u003d\u003d 4  ` \"Cet opérateur permet de tester l’égalité de valeur.\"`\n- 3 !\u003d 4 ` \"Cet opérateur teste la différence.\"`\n- !(3 \u003d\u003d 4)\n- 3 \u003c 4\n- (3 + 4) \u003e\u003d 7\n- ( (3 + 4 ) \u003d\u003d 7 ) \u0026\u0026 (3 \u003c\u003d (7 - 4))\n- 2 \u003c 3 or 4 \u003e\u003d 10\n\n**Opérateurs de comparaison :** \n\n\u003e \\\u003c : strictement inferieur à\n\n\u003e  \u003c\u003d : inférieur ou égal à\n\n\u003e \\\u003e  : strictement supérieur à\n\n\u003e \\\u003e\u003d  : supérieur ou égal à\t\n\n\u003e \u003d\u003d : égal à\n\n\u003e !\u003d  :  différent de\n\nLes comparateurs {\u003c, \u003e, \u003c\u003d, \u003e\u003d, \u003d\u003d, !\u003d} permettent de comparer deux valeurs numériques et renvoient un\nbooléen.\n\n**Attention** :\n\nL\u0027égalité s\u0027écrit avec l\u0027opérateur **\u003d\u003d** à deux caractères. L\u0027opérateur simple **\u003d** est l\u0027affectation ; il ne faut pas les\nconfondre.\n\n\n**Opérateurs booléens :** \n\n- et   (and)\n- ou   (or)\n- non   (not)\n\n\nPour le **_non_** logique : \n\n- non \u003cspan style\u003d\u0027color:red\u0027\u003efaux\u003c/span\u003e \u003d \u003cspan style\u003d\u0027color:green\u0027\u003evrai\u003c/span\u003e,\n- non \u003cspan style\u003d\u0027color:green\u0027\u003evrai\u003c/span\u003e \u003d \u003cspan style\u003d\u0027color:red\u0027\u003efaux\u003c/span\u003e.\n\nExemple :\n\n \"`(x%2\u003d\u003d0) and (x\u003e2)`\" est une expression booléenne.\n \nExercice\n-\n\na. Sachant que les variables a, b et c ont respectivement pour valeur 2, 5 et 7, déterminer si les tests\nsuivants sont vrais ou faux en utilisant les opérateurs booléens et les opérateurs de comparaison correspondants :\n\n1) a **égale à** b\n\n2) (a + b) **différent de** c\n\n3) **non** (a **égale à** c)\n\n4) ((a + b) **supérieur ou égal à**\t c) **et** (a **inférieur ou égal à** (c − b))\n\n5) ((a + c) \u003e b ) **ou** (( a + c) \u003c b)\n\n\nb. Vérifiez si la valeur de la variable **trois** est strictement supérieure à la valeur de la variable **deux**.\n\nc. Ecrivez une expression booléenne pour vérifier si le nom est égal à \"John\" et qu\u0027il n\u0027a pas 23 ans.\n\n\n",
          "description_format": "md",
          "additional_files": {},
          "task_type": "edu"
        }
      ],
      "type": "lesson"
    },
    {
      "id": 0,
      "title": "Partie2",
      "task_list": [
        {
          "name": "Ex2",
          "stepic_id": 0,
          "task_files": {
            "task.py": {
              "name": "task.py",
              "text": "# TODO: type solution here\n\n#Exercice\n\n#Question 1\n\na \u003d 6\nb \u003d 10\n\n# (n’oubliez pas l\u0027indentation !)\n\ntest\n\n#Question 2\n\nrep \u003d lire\n\ntest\n\n#Question 3\n\nnote \u003d lire_Note\n\ntest_Note\n\n\n\n",
              "placeholders": [
                {
                  "offset": 101,
                  "length": 4,
                  "hints": [
                    "Verifiez si a et b sont egales, en utilisant l\u0027operateur de comparaison correspondant."
                  ],
                  "possible_answer": "if a \u003d\u003d b:\n    print(\"a est égale à b\")\nelse:\n    print(\"a est différent de b\")",
                  "placeholder_text": "test"
                },
                {
                  "offset": 126,
                  "length": 4,
                  "hints": [
                    "Lisez au clavier la reponse au message \"Bonjour, comment ça va ? \""
                  ],
                  "possible_answer": "input(\"Bonjour, comment ça va?\")",
                  "placeholder_text": "lire"
                },
                {
                  "offset": 132,
                  "length": 4,
                  "hints": [
                    "Vérifiez la reponse de l\u0027utilisateur et affichez les messages correspondants"
                  ],
                  "possible_answer": "if rep \u003d\u003d \"Bien\":\n    print(\"Super!\")\nelse:\n    print(\"ça va aller !\")",
                  "placeholder_text": "test"
                },
                {
                  "offset": 158,
                  "length": 9,
                  "hints": [
                    "Lisez la valeur de la variable note"
                  ],
                  "possible_answer": "int(input(\"Quelle est votre note? \"))",
                  "placeholder_text": "lire_Note"
                },
                {
                  "offset": 169,
                  "length": 9,
                  "hints": [
                    "Vérifiez si l\u0027etudiant a eu la moyenne ou pas en tuilisant les operateurs de comparaison correspondants. "
                  ],
                  "possible_answer": "if note \u003e\u003d 10:\n    print(\"Vous avez la moyenne\")\nelse:\n    print(\"Vous n\u0027avez pas la moyenne\")",
                  "placeholder_text": "test_Note"
                }
              ]
            }
          },
          "test_files": {
            "tests.py": "from test_helper import run_common_tests, failed, passed, get_answer_placeholders\r\n\r\n\r\ndef test_answer_placeholder1():\r\n    placeholders \u003d get_answer_placeholders()\r\n    placeholder1 \u003d placeholders[0]\r\n    if \"if\" not in placeholder1:\r\n        failed(\"Veuillez utiliser le mot cle if \")\r\n    if \":\" not in placeholder1:\r\n        failed(\"N\u0027oubliez pas le double point !\")\r\n    if \"\u003d\u003d\" not in placeholder1 and \"!\u003d\" not in placeholder1:\r\n        failed(\"Utilisez l\u0027operateur \u003d\u003d ou !\u003d pour comparer les deux variables\")\r\n    if \"print\" not in placeholder1:\r\n        failed(\"Utilisez la fonction print pour afficher les messages\")\r\n    passed()\r\n\r\n\r\ndef test_answer_placeholder2():\r\n    placeholders \u003d get_answer_placeholders()\r\n    placeholder2 \u003d placeholders[1]\r\n    if \"input\" in placeholder2:\r\n        passed()\r\n    else:\r\n        failed(\"Veuillez utiliser la fonction input() \")\r\n\r\n\r\ndef test_answer_placeholder3():\r\n    placeholders \u003d get_answer_placeholders()\r\n    placeholder3 \u003d placeholders[2]\r\n    if \"if \" not in placeholder3:\r\n        failed(\"Veuillez utiliser le mot cle if \")\r\n    if \":\" not in placeholder3:\r\n        failed(\"N\u0027oubliez pas le double point !\")\r\n    if \"\u003d\u003d\" not in placeholder3 and \"!\u003d\" not in placeholder3:\r\n        failed(\"Utilisez l\u0027operateur \u003d\u003d ou !\u003d pour verifier la reponse\")\r\n    if \"print\" not in placeholder3:\r\n        failed(\"Utilisez la fonction print pour afficher les messages\")\r\n    passed()\r\n\r\n\r\ndef test_answer_placeholder_note():\r\n    placeholders \u003d get_answer_placeholders()\r\n    placeholdernote \u003d placeholders[3]\r\n    if \"input\" in placeholdernote and \"int\" in placeholdernote:\r\n        passed()\r\n    else:\r\n        failed(\"Veuillez utiliser la fonction int(input()) \")\r\n\r\n\r\ndef test_answer_placeholder4():\r\n    placeholders \u003d get_answer_placeholders()\r\n    placeholder4 \u003d placeholders[4]\r\n    if \"if \" not in placeholder4:\r\n        failed(\"Veuillez utiliser le mot cle if \")\r\n    if \":\" not in placeholder4:\r\n        failed(\"N\u0027oubliez pas le double point !\")\r\n    if \"\u003e\u003d\" not in placeholder4 and \"\u003c\" not in placeholder4:\r\n        failed(\"Utilisez l\u0027operateur \u003e\u003d ou \u003c pour verifier la note\")\r\n    if \"print\" not in placeholder4:\r\n        failed(\"Utilisez la fonction print pour afficher les messages\")\r\n    passed()\r\n\r\n\r\nif __name__ \u003d\u003d \u0027__main__\u0027:\r\n    #run_common_tests()\r\n    test_answer_placeholder1()\r\n    test_answer_placeholder2()\r\n    test_answer_placeholder3()\r\n    test_answer_placeholder_note()\r\n    test_answer_placeholder4()"
          },
          "description_text": "Conditions\n-\n\nPour exprimer une condition, on a besoin d’une valeur qui\nsoit vraie ou fausse. C’est une expression booléenne.\n\n\n- S’il pleut, je prends mon parapluie.\n\n- Si **x** est pair et que **x \u003e 2**, alors **x** n’est pas premier.\n\n\u003e _\"reste de **x** après division par **2** est **0** et **x \u003e 2**\"_\n\nEn python c\u0027est le type bool : \n\n`if (x%2 \u003d\u003d 0) and (x \u003e 2):`\n\n  \u003e ` \"x n\u0027est pas premier ...\"` \n  \nL\u0027instruction **if** (si) permet de n\u0027exécuter un bloc d\u0027instruction que si une condition (une expression booléenne) s\u0027évalue à vrai.\n\n` if expr : `\n\n\u0026nbsp;\u0026nbsp;\u0026nbsp;\u0026nbsp;`# bloc d\u0027instructions`\n\n\u0026nbsp;\u0026nbsp;\u0026nbsp;\u0026nbsp;`# qui n\u0027est parcouru que`\n\n\u0026nbsp;\u0026nbsp;\u0026nbsp;\u0026nbsp;`# si \"expr\" est vraie`\n\n`# suite des instructions`\n\nIl y a une indentation de 4 espaces entre la ligne du **if**, et la ligne suivante.\n\n### Syntaxe :\n\n**1. Instruction conditionnelle :**\n\n\u003cdl\u003e\n  \u003cdt\u003eif ( condition 1):\u003c/dt\u003e\n  \u003cdd\u003einstruction n°1 \u003c/dd\u003e\n  \u003cdd\u003einstruction n°2 \u003c/dd\u003e\n  \u003cdd\u003e...\u003c/dd\u003e\n\u003c/dl\u003e \n \n\n**2. Instruction conditionnelle avec alternative**\n\n\u003cdl\u003e\n  \u003cdt\u003eif ( condition 1):\u003c/dt\u003e\n  \u003cdd\u003einstruction n°1 \u003c/dd\u003e\n  \u003cdd\u003einstruction n°2 \u003c/dd\u003e\n  \u003cdd\u003e...\u003c/dd\u003e\n  \n  \u003cdt\u003eelse:\u003c/dt\u003e\n  \u003cdd\u003einstruction n°3 \u003c/dd\u003e\n  \u003cdd\u003e...\u003c/dd\u003e\n\u003c/dl\u003e\n\n\n**3. Cas multiples**\n\n\u003cdl\u003e\n  \u003cdt\u003eif ( condition 1):\u003c/dt\u003e\n  \u003cdd\u003einstruction n°1 \u003c/dd\u003e\n  \u003cdd\u003einstruction n°2 \u003c/dd\u003e\n  \u003cdd\u003e...\u003c/dd\u003e\n  \n  \n  \u003cdt\u003eelif ( condition 2):\u003c/dt\u003e\n  \u003cdd\u003einstruction n°3 \u003c/dd\u003e\n  \u003cdd\u003einstruction n°4 \u003c/dd\u003e\n  \u003cdd\u003e...\u003c/dd\u003e\n  \n  \u003cdt\u003eelse:\u003c/dt\u003e\n  \u003cdd\u003einstruction n°5 \u003c/dd\u003e\n  \u003cdd\u003e...\u003c/dd\u003e\n\u003c/dl\u003e\n\n###Remarques\n\n- Le début et fin des blocs d\u0027instruction sont délimités par une indentation du bloc (les 4 espaces). Ceci signifie que indenter son code est donc PRIMORDIAL en python.\n\n- Les deux points \u0027:\u0027 sont indispensables après les conditions du if et du else.\n\n- les parenthèses autour de l\u0027expression sont optionnels.\n\nExercice\n-\n\n1. Soit a et b deux variables ont respectivement pour valeur 6 et 10. Testez si ces deux variables sont égales, si oui affichez le message \"_a égale à b_\" sinon affichez le message \" _a est différent de b_\" \n\n2. Ecrivez un programme python qui permet la saisie d’une valeur représentant une réponse au message : ` print(\"Bonjour, comment ça va? \")`\n, ensuite vérifiez la réponse si l\u0027utilisateur répond \"Bien\" affichez un message \"super!\" par exemple, si la réponse est différente de \"Bien\" affichez un autre message.\n\n- **Input**  : Permet la saisie d\u0027une valeur au clavier. On peut invoquer la fonction input() en laissant les parenthèses vides. \nOn  peut aussi y placer en argument un message explicatif destiné à l’utilisateur. \n\n Exemple: \n \n \u003e ` a \u003d input(\u0027Entrer la valeur de a : \u0027)`\n \n 3. Écrivez un programme python qui demande à l\u0027étudiant sa note, suite à cette entrée le programme affiche si l\u0027étudiant a eu la moyenne ou non.\n\n\n\n",
          "description_format": "md",
          "additional_files": {},
          "task_type": "edu"
        },
        {
          "name": "Ex3",
          "stepic_id": 0,
          "task_files": {
            "task.py": {
              "name": "task.py",
              "text": "# TODO: type solution here\n\n#Initialisez la variable age et convertissez le résultat de input en entier\nage \u003d lire la variable age\n\n#Ecrivez ici le test en utilisant if\n\nTestez age\n\n#Demander a la personne si elle souhaite du pop corn\n\npop_corn_demande \u003d Lire la reponse\n\n#Testez si la reponse est egale à \u0027oui\u0027 pour ajouter 5 au prix total\nTest\n    prix_total operation arithmetique\n\n# Afficher le total a payer\naffichage du prix_total\n",
              "placeholders": [
                {
                  "offset": 110,
                  "length": 20,
                  "hints": [
                    "Veuillez lire la valeur de la variable age en utilisant input()"
                  ],
                  "possible_answer": "int(input(\"Quel est votre age? \"))",
                  "placeholder_text": "lire la variable age"
                },
                {
                  "offset": 170,
                  "length": 10,
                  "hints": [
                    "Testez la valeur de la variable age pour affecter le prix. "
                  ],
                  "possible_answer": "if age \u003c 18:\n    prix_total \u003d 7\nelse:\n    prix_total \u003d 12",
                  "placeholder_text": "Testez age"
                },
                {
                  "offset": 255,
                  "length": 15,
                  "hints": [
                    "Veuillez lire la reponse en utilisant input()."
                  ],
                  "possible_answer": "input(\"Souhaitez-vous un pop corn? oui/non \")",
                  "placeholder_text": "Lire la reponse"
                },
                {
                  "offset": 341,
                  "length": 4,
                  "hints": [
                    "Testez si la reponse est egale a oui"
                  ],
                  "possible_answer": "if pop_corn_demande \u003d\u003d \"oui\":",
                  "placeholder_text": "Test"
                },
                {
                  "offset": 361,
                  "length": 22,
                  "hints": [
                    "Veuillez affecter la nouvelle valeur au prix total en utilisant les operateurs arithmetiques correspondants."
                  ],
                  "possible_answer": "+\u003d 5",
                  "placeholder_text": "operation arithmetique"
                },
                {
                  "offset": 413,
                  "length": 23,
                  "hints": [
                    "Affichez le prix total à payer "
                  ],
                  "possible_answer": "print(\"Le prix total à payer est : \",str(prix_total)+\"€\")",
                  "placeholder_text": "affichage du prix_total"
                }
              ]
            }
          },
          "test_files": {
            "tests.py": "from test_helper import failed, passed, get_answer_placeholders, import_task_file\n\n\ndef test_answer_placeholders():\n    placeholders \u003d get_answer_placeholders()\n    placeholder1 \u003d placeholders[0]\n    if \"input\" not in placeholder1:\n        failed(\"Utilisez la fonction input(\u0027votre message\u0027)\")\n    if \"int\" not in placeholder1:\n        failed(\"Utilisez la fonction int(input(\u0027votre message\u0027)) afin de convertir la réponse en entier\")\n    passed()\n\n\ndef test_answer_placeholder2():\n    placeholders \u003d get_answer_placeholders()\n    placeholder2 \u003d placeholders[1]\n    if \"if\" not in placeholder2:\n        failed(\"Utilisez le mot cle if \")\n    if \"else\" not in placeholder2:\n        failed(\"Utilisez le mot cle else \")\n    if \"\u003c\" not in placeholder2:\n        failed(\"Utilisez l\u0027operateur de comparaison \u003c \")\n    if \":\" not in placeholder2:\n        failed(\"N\u0027oubliez pas les doubles points\")\n    passed()\n\n\ndef test_answer_placeholder3():\n    placeholders \u003d get_answer_placeholders()\n    placeholder3 \u003d placeholders[2]\n    if \"input\" not in placeholder3:\n        failed(\"Utilisez la fonction input()\")\n    passed()\n\n\ndef test_answer_placeholder4():\n    placeholders \u003d get_answer_placeholders()\n    placeholder4 \u003d placeholders[3]\n    if \"if\" not in placeholder4:\n        failed(\"Utilisez le mot cle \u0027if\u0027\")\n    if \"\u003d\u003d\" not in placeholder4:\n        failed(\"Utilisez l\u0027operateur \u003d\u003d\")\n    if \":\" not in placeholder4:\n        failed(\"N\u0027oubliez pas les : a la fin du if !\")\n    passed()\n\n\ndef test_answer_placeholder5():\n    placeholders \u003d get_answer_placeholders()\n    placeholder5 \u003d placeholders[4]\n    if (\"+\u003d\" in placeholder5 and \"5\" in placeholder5) or (\"+\" in placeholder5 and \"\u003d\" in placeholder5):\n        passed()\n    else:\n        failed(\"Veuillez utiliser l\u0027operateur +\u003d pour ajouter la valeur 5 au prix total\")\n\n\ndef test_answer_placeholder6():\n    placeholders \u003d get_answer_placeholders()\n    placeholder6 \u003d placeholders[5]\n    if \"print\" in placeholder6 and \"str\" in placeholder6:\n        passed()\n    else:\n        failed(\"Veuillez utiliser la fonction str(votre_variable) ! \")\n\n\nif __name__ \u003d\u003d \u0027__main__\u0027:\n    test_answer_placeholders()\n    test_answer_placeholder2()\n    test_answer_placeholder3()\n    test_answer_placeholder4()\n    test_answer_placeholder5()\n    test_answer_placeholder6()\n\n\n"
          },
          "description_text": "Exercice  \n-\n###place de cinema\n\n#### Rappel\n\n- La fonction int(a) : permet la conversion de la variable a en  entier\n- La fonction str(b) : permet la conversion de la variable b en chaine de caractère\n\n \nEcrivez un programme qui permet la saisie de l\u0027âge de la personne « _Quel est votre âge ?_ ». \nSi la personne est mineure, le prix d’une place est de **7 euros**, si la personne est majeure\n le prix est de **12 euros**. \n \n a. Vérifiez l\u0027âge de la personne et affectez la variable **prix_total** par les valeurs correspondantes. \n \n b. Demander à la personne si elle souhaite du pop corn, si oui ajouter **5 euros** au prix. \n \n c. Afficher le prix total à payer. ",
          "description_format": "md",
          "additional_files": {},
          "task_type": "edu"
        }
      ],
      "type": "lesson"
    },
    {
      "id": 0,
      "update_date": "Jan 1, 1970 1:00:00 AM",
      "title": "Partie3",
      "task_list": [
        {
          "name": "Ex1-for",
          "stepic_id": 0,
          "task_files": {
            "task.py": {
              "name": "task.py",
              "text": "# TODO: type solution here\n\n#  Ecrire la boucle for et calculer les cubes\n\nboucle\n    #une seule ligne de command; affiche le valeur avec le calcul directement,\naffiche-valeur",
              "placeholders": [
                {
                  "offset": 75,
                  "length": 6,
                  "hints": [],
                  "possible_answer": "for i in range(1,11):",
                  "placeholder_text": "boucle"
                },
                {
                  "offset": 161,
                  "length": 14,
                  "hints": [],
                  "possible_answer": "    print(i**3)",
                  "placeholder_text": "affiche-valeur"
                }
              ]
            }
          },
          "test_files": {
            "tests.py": "from test_helper import run_common_tests, failed, passed, get_answer_placeholders, get_file_output, import_task_file\n\n\ndef test_answer_placeholders():\n    placeholders \u003d get_answer_placeholders()\n    placeholder \u003d placeholders[0]\n    if \"for\" not in placeholder:\n        failed(\"utiliser la boucle For\")\n\n    passed()\n\n\ndef test_output():\n    result \u003d get_file_output()\n    expected_results \u003d [\u00271\u0027, \u00278\u0027, \u002727\u0027, \u002764\u0027,\n                        \u0027125\u0027, \u0027216\u0027, \u0027343\u0027,\n                        \u0027512\u0027, \u0027729\u0027,\u00271000\u0027]\n    if len(result) !\u003d len(expected_results):\n        failed(\"verifier les resultats imprimes\")\n    for number in result:\n        if number.replace(\" \", \"\") not in expected_results:\n            failed(number + \" resultat incorrect \")\n    passed()\n\n\nif __name__ \u003d\u003d \u0027__main__\u0027:\n    run_common_tests()\n    test_answer_placeholders()\n    test_output()\n"
          },
          "description_text": "# Repetition  :\r\n\r\nEn programmation, on appelle boucle un système d’instructions qui permet de répéter un certain\r\nnombre de fois toute une série d’opérations. Python propose deux instructions\r\nparticulières pour construire des boucles :\r\n 1. l’instruction **For** .. **in**\r\n\r\n 2. l’instruction **While** (voir partie 4)\r\n\r\n\r\n##Boucle for :\r\n\r\n#### Description:\r\n\r\n- La commande **For**... **in** ... est une instruction itérative qui répète les mêmes instructions plusieurs fois.\r\n\r\n\r\n- En Python, la boucle **For** se présente typiquement de la manière suivante :\r\n\r\n####  Syntaxe:\r\n\u003e ` for x in ensemble:`\r\n\r\n\u003e \u0026nbsp;\u0026nbsp;\u0026nbsp;\u0026nbsp;`Instruction1`\r\n\r\n \u003e  \u0026nbsp;\u0026nbsp;\u0026nbsp;\u0026nbsp;`.....`\r\n\r\n \u003e\u0026nbsp;\u0026nbsp;\u0026nbsp;\u0026nbsp;`Instruction n`\r\n\r\n\r\n###Remarques très importantes:\r\n - L\u0027indentation est le principe selon lequel la disposition du code doit refléter sa structure.\r\n L\u0027indentation est donc obligatoire au bon fonctionnement de votre programme.\r\n - Si vous utilisez la touche Tab au lieu d\u0027utiliser des espaces pour indenter votre program,\r\nalors vous devez toujours utiliser la touche Tab.\r\n - Il faut taper deux fois Entrer pour sortir de la boucle.\r\n\r\n\r\n####  Exemple :\r\n- Afficher 5 fois \"Hello!\"\r\n\u003e ` for x in [1,2,3,4,5]:`\r\n\r\n\u003e \u0026nbsp;\u0026nbsp;\u0026nbsp;\u0026nbsp;`print(\"Hello!\")`\r\n\r\n- Affichage après exécution :\r\n\r\nHello!\r\n\r\nHello!\r\n\r\nHello!\r\n\r\nHello!\r\n\r\nHello!\r\n\r\n ### - Commande range()\r\n-  la commande range() génère par défaut une séquence de nombres entiers de valeurs croissantes, et\r\ndifférant d’une unité.\r\n- La commande range(n) désigne [0 , n[, tous les entiers de 0 à n-1.\r\n- On peut aussi utiliser range() avec deux, ou même trois arguments séparés par des virgules,\r\n afin de générer des séquences de nombres plus spécifiques :\r\n\r\n  `range(start,stop,[step])`\r\n\r\n où:\r\n\r\n  1. *start* correspond à l’entier de départ.\r\n  2. *stop* à l’entier final.\r\n  3. *step* est optionnel et permet de faire des pas différents de 1.\r\n\r\n\r\n\r\n  Exercice 1\r\n  -\r\nEcrire un programme qui calcule et affiche les cubes de 1 à 10 ( 1, 8, 21, ... ) .\r\n\r\nRemarque: utiliser l\u0027opérateur  ** pour la puissance.",
          "description_format": "md",
          "additional_files": {},
          "update_date": "Jan 1, 1970 1:00:00 AM",
          "task_type": "edu"
        },
        {
          "name": "Ex2-moyenne",
          "stepic_id": 0,
          "task_files": {
            "task.py": {
              "name": "task.py",
              "text": "# TODO: type solution here\n\n# Initialiser les variables suivantes: start , end et somme\n\nDeclare les variables\n\n#  Ecrire la boucle for et calculer la somme:\n\nCalculer  somme\n\n# Calculer la moyenne\n\nmoyenne\n\n# Afficher la moyenne\n\nAfficher la resultat\n",
              "placeholders": [
                {
                  "offset": 89,
                  "length": 21,
                  "hints": [],
                  "possible_answer": "start \u003d 100\nend \u003d 251\nsomme \u003d 0",
                  "placeholder_text": "Declare les variables"
                },
                {
                  "offset": 159,
                  "length": 15,
                  "hints": [],
                  "possible_answer": "for i in range(start, end):\n    somme +\u003d i",
                  "placeholder_text": "Calculer  somme"
                },
                {
                  "offset": 199,
                  "length": 7,
                  "hints": [],
                  "possible_answer": "moyenne \u003d somme / (end-start-1)",
                  "placeholder_text": "moyenne"
                },
                {
                  "offset": 231,
                  "length": 20,
                  "hints": [],
                  "possible_answer": "print(moyenne)",
                  "placeholder_text": "Afficher la resultat"
                }
              ]
            }
          },
          "test_files": {
            "tests.py": "from test_helper import run_common_tests, failed, passed, get_answer_placeholders, get_file_output, import_task_file\n\n\ndef test_answer_placeholders():\n    placeholders \u003d get_answer_placeholders()\n    placeholder \u003d placeholders[1]\n    if \"for\" not in placeholder:\n        failed(\"Utiliser boucle For\")\n\n    passed()\n\n\ndef test_print():\n    placeholders \u003d get_answer_placeholders()\n    placeholder \u003d placeholders[3]\n    if \"print(\" not in placeholder:\n        failed(\"Imprimer les resultats\")\n\n\ndef test_variables():\n    task_file \u003d import_task_file()\n    if task_file.start !\u003d 100:\n        failed(\"Verifier la valeur de start\")\n    if task_file.end !\u003d 251:\n        failed(\"Verifier la valeur de end\")\n    if task_file.somme !\u003d 26425:\n        failed(\"Somme incorrecte\")\n    if task_file.moyenne !\u003d 176.16666666666666:\n        failed(\"Moyenne incorrecte\")\n    passed()\n\nif __name__ \u003d\u003d \u0027__main__\u0027:\n    run_common_tests()\n    test_answer_placeholders()\n    test_variables()\n    test_print()\n\n\n\n"
          },
          "description_text": "Exercise 2\n-\n\nCalculer la moyenne des nombres entre 100 et 250.",
          "description_format": "md",
          "additional_files": {},
          "update_date": "Jan 1, 1970 1:00:00 AM",
          "task_type": "edu"
        },
        {
          "name": "Ex3- suite",
          "stepic_id": 0,
          "task_files": {
            "task.py": {
              "name": "task.py",
              "text": "# TODO: type solution here\n\n\nf \u003d 0\n# Ecrire la boucle de serie\nCalculer la série des sommes\n\n\n",
              "placeholders": [
                {
                  "offset": 63,
                  "length": 28,
                  "hints": [
                    "boucle for de 1 a 21"
                  ],
                  "possible_answer": "for i in range(1, 21):\n    f \u003d f + 1 / 2**i\n    print(\"f(\" + str(i) + \")\u003d \" + str(f))",
                  "placeholder_text": "Calculer la série des sommes"
                }
              ]
            }
          },
          "test_files": {
            "tests.py": "from test_helper import run_common_tests, failed, passed, get_answer_placeholders, get_file_output, import_task_file\n\n\ndef test_answer_placeholders():\n    placeholders \u003d get_answer_placeholders()\n    placeholder \u003d placeholders[0]\n    if \"for\" not in placeholder:\n        failed(\"Utiliser la boucle for\")\n    passed()\n\n\ndef test_print():\n    placeholders \u003d get_answer_placeholders()\n    placeholder \u003d placeholders[0]\n    if \"print(\" not in placeholder:\n        failed(\"Imprimer le resultat\")\n\n\ndef test_output():\n    result \u003d get_file_output()\n    expected_results \u003d [\u0027f(1)\u003d0.5\u0027, \u0027f(2)\u003d0.75\u0027, \u0027f(3)\u003d0.875\u0027, \u0027f(4)\u003d0.9375\u0027, \u0027f(5)\u003d0.96875\u0027, \u0027f(6)\u003d0.984375\u0027, \u0027f(7)\u003d0.9921875\u0027, \u0027f(8)\u003d0.99609375\u0027, \u0027f(9)\u003d0.998046875\u0027, \u0027f(10)\u003d0.9990234375\u0027, \u0027f(11)\u003d0.99951171875\u0027, \u0027f(12)\u003d0.999755859375\u0027, \u0027f(13)\u003d0.9998779296875\u0027, \u0027f(14)\u003d0.99993896484375\u0027, \u0027f(15)\u003d0.999969482421875\u0027, \u0027f(16)\u003d0.9999847412109375\u0027, \u0027f(17)\u003d0.9999923706054688\u0027, \u0027f(18)\u003d0.9999961853027344\u0027, \u0027f(19)\u003d0.9999980926513672\u0027, \u0027f(20)\u003d0.9999990463256836\u0027]\n    if len(result) !\u003d len(expected_results):\n        failed(\"Verifier le nombre des resultats affiches\")\n    for number in result:\n        if number.replace(\" \", \"\") not in expected_results:\n            failed(number + \"resultat invalide \")\n    passed()\n\n\nif __name__ \u003d\u003d \u0027__main__\u0027:\n    run_common_tests()\n    test_answer_placeholders()\n    test_print()\n    test_output()\n"
          },
          "description_text": "Exercice 3\n-\n\nEcrire un programme qui calcule la somme des nombre de la forme 1/2^n , pour n allant de 0 à 20.",
          "description_format": "md",
          "additional_files": {},
          "update_date": "Jan 1, 1970 1:00:00 AM",
          "task_type": "edu"
        },
        {
          "name": "EX4-fibonacci",
          "stepic_id": 0,
          "task_files": {
            "task.py": {
              "name": "task.py",
              "text": "# TODO: type solution here\n\n#Declare les variable f1,f2\netape1: Initialiser les variables f2, f1\n# Declare variable fibo\netape2: Initialiser fibo\n# etape3: Ecrire la boucle\netape3: boucle for\n\n#etape4: afficher la resultat\netape4: afficher la resultat",
              "placeholders": [
                {
                  "offset": 56,
                  "length": 40,
                  "hints": [],
                  "possible_answer": "f2 \u003d 0\nf1 \u003d 1",
                  "placeholder_text": "etape1: Initialiser les variables f2, f1"
                },
                {
                  "offset": 121,
                  "length": 24,
                  "hints": [],
                  "possible_answer": "fibo \u003d 20",
                  "placeholder_text": "etape2: Initialiser fibo"
                },
                {
                  "offset": 173,
                  "length": 18,
                  "hints": [],
                  "possible_answer": "for i in range(1, fibo):\n    f1, f2 \u003d f1 + f2, f1",
                  "placeholder_text": "etape3: boucle for"
                },
                {
                  "offset": 223,
                  "length": 28,
                  "hints": [],
                  "possible_answer": "print(f1)",
                  "placeholder_text": "etape4: afficher la resultat"
                }
              ]
            }
          },
          "test_files": {
            "tests.py": "from test_helper import run_common_tests, failed, passed, get_answer_placeholders, import_task_file\n\n\ndef test_answer_placeholders():\n    placeholders \u003d get_answer_placeholders()\n    placeholder \u003d placeholders[2]\n    if \"for\" not in placeholder:\n        failed(\"Utiliser la boucle for\")\n    if \"range(\" not in placeholder:\n        failed(\"Utiliser la fonction range \")\n    if \"range(1,fibo)\" not in placeholder.replace(\" \", \"\"):\n        failed(\"Utiliser la fonction range (1, fibo)\")\n    passed()\n\n\ndef test_variables():\n    task_file \u003d import_task_file()\n    if task_file.fibo !\u003d 20:\n        failed(\"Verifier la valeur de fibo\")\n    if task_file.f1 !\u003d 6765:\n        failed(\"resultat incorrect\")\n    passed()\n\n\ndef test_print():\n    placeholders \u003d get_answer_placeholders()\n    placeholder \u003d placeholders[3]\n    if \"print(\" not in placeholder:\n        failed(\"Afficher le resultat\")\n\n\nif __name__ \u003d\u003d \u0027__main__\u0027:\n    run_common_tests()\n    test_answer_placeholders()\n    test_variables()\n    test_print()\n"
          },
          "description_text": "\nExercise 4\n-\n\nÉcrire un programme qui affiche successivement la suite de Fibonacci de 20 :\n\nF(0) \u003d0,  F(1) \u003d 1\n\nF(n) \u003d F (n-2)+  F (n-1)   pour n \u003e 1\n\nCela se calcule de manière itérative en utilisant deux variables qui mémorisent les deux derniers termes calculés.\n\nRemarque:\n\n1. Déclarer  les variables f1 et f2 avec les valeurs 1 et 0 (f1 est F (n-1); f2 est F (n-2)).\n\n2. Déclarer une  variable fibo avec la valeur 20.\n\n3. Itérer de 1 à fibo (utilisez la  fonctions range()) pour calculer F (20).\n\n4. Afficher la résultat final.\n\n\n\n\n\n\n\n\n\n\n",
          "description_format": "md",
          "additional_files": {},
          "update_date": "Jan 1, 1970 1:00:00 AM",
          "task_type": "edu"
        },
        {
          "name": "Ex5- pyramide",
          "stepic_id": 0,
          "task_files": {
            "task.py": {
              "name": "task.py",
              "text": "#Ecrire les deux boucles for\nboucle\n    boucle2\n        affichage\n    print()\n\n\n\n",
              "placeholders": [
                {
                  "offset": 29,
                  "length": 6,
                  "hints": [],
                  "possible_answer": "for i in range(1, 11):",
                  "placeholder_text": "boucle"
                },
                {
                  "offset": 40,
                  "length": 7,
                  "hints": [],
                  "possible_answer": "for j in range(1, i+1):",
                  "placeholder_text": "boucle2"
                },
                {
                  "offset": 56,
                  "length": 9,
                  "hints": [],
                  "possible_answer": "print(\"*\", end \u003d\"\")",
                  "placeholder_text": "affichage"
                }
              ]
            }
          },
          "test_files": {
            "tests.py": "from test_helper import run_common_tests, failed, passed, get_answer_placeholders, import_task_file\n\n\ndef test_answer_placeholders():\n    placeholders \u003d get_answer_placeholders()\n    placeholder \u003d placeholders[0]\n    if \"for\" not in placeholder:\n        failed(\"utiliser la boucle\")\n    placeholder \u003d placeholders[1]\n    if \"for\" not in placeholder:\n        failed(\"utiliser la boucle\")\n    passed()\n\n\n\ndef test_print():\n    placeholders \u003d get_answer_placeholders()\n    placeholder \u003d placeholders[2]\n    if \"print(\" not in placeholder:\n        failed(\"Imprimer chaque ligne\")\n    passed()\n\n\nif __name__ \u003d\u003d \u0027__main__\u0027:\n    run_common_tests()\n    test_answer_placeholders()\n    test_print()\n"
          },
          "description_text": "##Boucle  For imbriquée:\n\n#### Description:\nBoucle complètement inclue dans une autre, de sorte que cette dernière ne peut poursuivre son itération qu’après la sortie de la première.\n\n\n#### Syntaxe:\n\n\u003e ` for x in ensemble:`\n\n\u003e    \u0026nbsp;\u0026nbsp;\u0026nbsp;\u0026nbsp;`for y in ensemble:`\n\n\u003e \u003e `Instruction1`\n\n\u003e `Instruction2`\n\n#### Example:\nEcrire des boucles imbriquées pour imprimer un rectangle de 3 columns et 2 ligns .\n\n` num_cols \u003d 3`\n\n`num_lign \u003d 2`\n\n`for i in range(num_lign):`\n\n    print(\u0027*\u0027, end\u003d\u0027 \u0027)\n    for j in range(num_cols-1):\n        i*\u003dj\n        print(\u0027*\u0027, end\u003d\u0027 \u0027)\n    print(\u0027\u0027)\nAffichage après exécution :\n ```\n * * *\n * * *\n  ```\n\n\n\n\nExercise 5\n-\nÉcrivez un programme qui affiche à l\u0027écran une pyramide remplie d\u0027étoiles, sur le modèle ci-dessous.\nLa dernière ligne contient 10 étoiles\n\nRemarque :\n\nIl faut utiliser une boucle  imbriquée.\n\n\n\n \n ```\n *\n * *\n * * *\n * * * * \n * * * * *\n * * * * * *\n * * * * * * *\n * * * * * * * *\n * * * * * * * * *\n * * * * * * * * * *\n ```\n \n",
          "description_format": "md",
          "additional_files": {},
          "update_date": "Jan 1, 1970 1:00:00 AM",
          "task_type": "edu"
        },
        {
          "name": "Ex6 -  Nombres premiers",
          "stepic_id": 0,
          "task_files": {
            "task.py": {
              "name": "task.py",
              "text": "# TODO: type solution here\n\n# Initialiser les variables start et end :\n\nInitialiser start et end\n#Ecrire la premiere iteration\npremiere iteration\n    # is_prime ne peut prendre que deux valeurs: True et False\n    is_prime \u003d True\n#Ecrire  2eme boucle et instruction conditionnelle\n    loop et  test\n#Utiliser  la valeur booleen is_prime et afficher la resultat final,\naffiche les nombres premiers\n",
              "placeholders": [
                {
                  "offset": 72,
                  "length": 24,
                  "hints": [],
                  "possible_answer": "start \u003d 20\nend \u003d 61",
                  "placeholder_text": "Initialiser start et end"
                },
                {
                  "offset": 127,
                  "length": 18,
                  "hints": [],
                  "possible_answer": "for i in range(start, end):",
                  "placeholder_text": "premiere iteration"
                },
                {
                  "offset": 284,
                  "length": 13,
                  "hints": [],
                  "possible_answer": "for j in range(2, i // 2):  # or int(i/2)\n        if i % j \u003d\u003d0:\n            is_prime \u003d False",
                  "placeholder_text": "loop et  test"
                },
                {
                  "offset": 367,
                  "length": 28,
                  "hints": [],
                  "possible_answer": "    if is_prime:\n        print(i)",
                  "placeholder_text": "affiche les nombres premiers"
                }
              ]
            }
          },
          "test_files": {
            "tests.py": "from test_helper import run_common_tests, failed, passed, get_answer_placeholders, get_file_output, import_task_file\n\n\ndef test_answer_placeholders():\n    placeholders \u003d get_answer_placeholders()\n    placeholder \u003d placeholders[1]\n    if \"for\" not in placeholder:\n        failed(\"you must use the for loop\")\n\n    placeholder \u003d placeholders[2]\n    if \"for\" not in placeholder:\n        failed(\"you must use a nested for loop\")\n\n    passed()\n\n\ndef test_print():\n    placeholders \u003d get_answer_placeholders()\n    placeholder \u003d placeholders[3]\n    if \"print(\" not in placeholder:\n        failed(\"you must print the result\")\n\n\ndef test_variables():\n    task_file \u003d import_task_file()\n    if task_file.start !\u003d 20:\n        failed(\"verifier la valeur de start\")\n    if task_file.end !\u003d 61:\n        failed(\"verifier la valeur de end\")\n    passed()\n\n\ndef test_output():\n    result\u003dget_file_output()\n    expected_results \u003d [\u002723\u0027, \u002729\u0027, \u002731\u0027, \u002737\u0027, \u002741\u0027, \u002743\u0027, \u002747\u0027, \u002753\u0027, \u002759\u0027]\n    if len(result) !\u003d len(expected_results):\n        failed(\"verifier le nombre de resultats affichés\")\n    for number in result:\n        if number not in expected_results:\n            failed(number+\" Nombre non premier\")\n    passed()\n\n\nif __name__ \u003d\u003d \u0027__main__\u0027:\n    run_common_tests()\n    test_answer_placeholders()\n    test_print()\n    test_output()\n    test_variables()\n"
          },
          "description_text": "\r\nExercice 6\r\n-\r\nEcrire un programme qui affiche tous les nombres premiers entre 20 et 60.\r\nRemarque:\r\nUn nombre premier est un nombre naturel divisible par exactement deux nombres distincts, donc par 1 et lui même.",
          "description_format": "md",
          "additional_files": {},
          "update_date": "Jan 1, 1970 1:00:00 AM",
          "task_type": "edu"
        }
      ],
      "type": "lesson"
    },
    {
      "id": 0,
      "update_date": "Jan 1, 1970 1:00:00 AM",
      "title": "Partie4",
      "task_list": [
        {
          "name": "Ex1-while",
          "stepic_id": 0,
          "task_files": {
            "task.py": {
              "name": "task.py",
              "text": "# Q1 Écrivez un programme qui affiche les nombres de 1 jusqu’à un nombre que l’utilisateur demande.\nDemandez à l\u0027utilisateur d\u0027entrer un nombre\nInitialisez une variable pour l\u0027utiliser dans l\u0027affichage\nwhile Trouver la bonne condition à utiliser pour répondre à la question\n    utilisez la bonne commande pour l\u0027affichage\n\n",
              "placeholders": [
                {
                  "offset": 100,
                  "length": 43,
                  "hints": [
                    "Demandez à l\u0027utilisateur d\u0027entrer un nombre"
                  ],
                  "possible_answer": "n \u003d int(input(\"Entrez un nombre? \"))",
                  "placeholder_text": "Demandez à l\u0027utilisateur d\u0027entrer un nombre"
                },
                {
                  "offset": 144,
                  "length": 57,
                  "hints": [
                    "Initialisez une variable pour l\u0027utiliser dans l\u0027affichage"
                  ],
                  "possible_answer": "i \u003d 1",
                  "placeholder_text": "Initialisez une variable pour l\u0027utiliser dans l\u0027affichage"
                },
                {
                  "offset": 208,
                  "length": 65,
                  "hints": [
                    "Afficher à partir de 1"
                  ],
                  "possible_answer": "i \u003c\u003d n:",
                  "placeholder_text": "Trouver la bonne condition à utiliser pour répondre à la question"
                },
                {
                  "offset": 278,
                  "length": 43,
                  "hints": [
                    "utilisez la bonne commande pour l\u0027affichage"
                  ],
                  "possible_answer": "print(i)\n    i \u003d i + 1",
                  "placeholder_text": "utilisez la bonne commande pour l\u0027affichage"
                }
              ]
            }
          },
          "test_files": {
            "tests.py": "from test_helper import run_common_tests, failed, passed, get_answer_placeholders\n\n\ndef test_answer_placeholders():\n    placeholders \u003d get_answer_placeholders()\n    placeholder \u003d placeholders[0]\n    if \"input\" not in placeholder:\n            failed(\"il faut demandez à l\u0027utilisateur d\u0027introduire un nombre\")\n    else:\n        passed()\n\n    if \"\u003d 1\" in placeholders[1] or \"\u003d1\" in placeholders[1]:\n        passed()\n    else:\n        failed(\"vous devez commencer par 1\")\n\n    if \"i\u003c\u003d\" in placeholders[2] or \"\u003e\u003di\" in placeholders[2] or \"i \u003c\u003d\" in placeholders[2] or \"\u003e\u003d i\" in placeholders[2]:\n        passed()\n    else:\n        failed(\"il faut vérifier la condition d\u0027arret\")\n    if \"print\" in placeholders[3]:\n        passed()\n    else:\n        failed(\"il faut les nombre de 1 jusqu\u0027à le nombre choisi par l\u0027utilisateur\")\n\n\nif __name__ \u003d\u003d \u0027__main__\u0027:\n    run_common_tests()\n    test_answer_placeholders()\n"
          },
          "description_text": "# Boucle While\n\n- Tant que (while en anglais) est une expression qui permet d’exécuter une boucle tant qu’une (ou plusieurs ) condition est vraie. c\u0027est-à-dire qu\u0027elle permet de répéter plusieurs fois un bloc d\u0027instructions\n\t**Syntaxe :**\n\n\t\t\twhile (condition) :\n\t\t\t    instruction n°1 ;\n\t\t\t    instruction n°2 ;\n\t\t\t    …\n-L\u0027interpréteur commence par L\u0027évaluation de la condition. Si la condition est vraie, on exécute la séquence et on recommence en première ligne où il y a ‘***while***’. Si la condition est fausse, on sort de la boucle et on exécute la suite du programme.\npar exemple :\n\n    n\u003d1\n    while  i \u003c 5:\n\t    n \u003d n + 1\n\t    print(n)\n    print(fin)\n\nL\u0027exécution donne :\n\n`2 3 4 5 fin`\n\n - Lorsque on utilise ‘while’, il faut s’assurer que le programme ne restera pas dans une boucle infini. cette garantie peut se faire en s’assurant que la condition va finir par être fausse.\n\nExemple d’une boucle infini\n\n    n \u003d 10\n    while n \u003e\u003d 0:\n\t    print(n)\n\t    n \u003d n + 1\n    print(fin)\nL\u0027exécution donne :\n\n    10 11 12 13 14 15 …1150 1151 ………...#\"fin\" ne s\u0027affiche jamais\npour que ce programme s\u0027arrête par exemple il faut changer soit la condition du ***while*** en mettant par exemple (n\u003c\u003d10), soit on modifie la dernière instruction en mettant par exemple (n\u003dn-1)\n\nP.S: Dans certains cas une boucle infini peut être utile\n\n**_Q1. Écrivez un programme qui affiche les nombres de 1 jusqu’à un nombre que l’utilisateur demande._**",
          "description_format": "md",
          "additional_files": {},
          "update_date": "Jan 1, 1970 1:00:00 AM",
          "task_type": "edu"
        },
        {
          "name": "Ex2-while-break",
          "stepic_id": 0,
          "task_files": {
            "task.py": {
              "name": "task.py",
              "text": "# Q2 somme des nombres entiers entrés par l’utilisateur\n# ----------Avec break-------------#\nsomme \u003d 0\nwhile Ecriver la bonne condition pour que la boucle soit infini:\n   -Demandez à l\u0027utilisateur d\u0027entrer un entier\n-Tester si l\u0027utilisateur veut s\u0027arrêter ou non\n-Utilisez le break\nAfficher la somme des nombres donnés par l\u0027utilisateur\n\n# ----------Sans break-------------#\nsomme \u003d 0\nrefaire l\u0027exercice sans l\u0027utilisation du break\n",
              "placeholders": [
                {
                  "offset": 109,
                  "length": 57,
                  "hints": [
                    "Vous pouvez utilisez le mot clé True"
                  ],
                  "possible_answer": "True",
                  "placeholder_text": "Ecriver la bonne condition pour que la boucle soit infini"
                },
                {
                  "offset": 171,
                  "length": 110,
                  "hints": [
                    "Vous pouvez utiliser un nombre negatif pour savoir si l\u0027utilisateur veut s\u0027arreter ou non (-1 par exemple)"
                  ],
                  "possible_answer": " n \u003d int(input(\"Entrez un nombre (-1 pour arrêter): \"))\n    if n \u003d\u003d -1:\n        break\n    somme \u003d somme + n",
                  "placeholder_text": "-Demandez à l\u0027utilisateur d\u0027entrer un entier\n-Tester si l\u0027utilisateur veut s\u0027arrêter ou non\n-Utilisez le break"
                },
                {
                  "offset": 282,
                  "length": 54,
                  "hints": [],
                  "possible_answer": "print(\"a somme des nombres est\", somme)",
                  "placeholder_text": "Afficher la somme des nombres donnés par l\u0027utilisateur"
                },
                {
                  "offset": 385,
                  "length": 46,
                  "hints": [
                    "introduisez la bonne condition pour assurer que la boucle n\u0027est pas infini"
                  ],
                  "possible_answer": "n \u003d int(input(\"Entrez un nombre (-1 pour arrêter): \"))\nwhile n !\u003d -1:\n    somme \u003d somme + n\n    n \u003d int(input(\"Entrez un nombre (-1 pour arrêter): \"))\nprint(\"La somme des nombres est\", somme)",
                  "placeholder_text": "refaire l\u0027exercice sans l\u0027utilisation du break"
                }
              ]
            }
          },
          "test_files": {
            "tests.py": "from test_helper import run_common_tests, failed, passed, get_answer_placeholders\n\n\ndef test_answer_placeholders():\n    placeholders \u003d get_answer_placeholders()\n    placeholder \u003d placeholders[0]\n    if placeholder or placeholder \u003e 0:\n        passed()\n    else:\n        failed(\" il faut ajouter une condition qui assure l\u0027infinité de la boucle\")\n    if \"if\" in placeholders[1]:\n        passed()\n    else:\n        failed(\"il faut utiliser une condition avec (if) pour permettre l\u0027utilisation du break\")\n    if \"break\" in placeholders[1]:\n        passed()\n    else:\n        failed(\"il faut utiliser le break\")\n\n    if \"print\" in placeholders[2]:\n        passed()\n    else:\n        failed(\"il faut afficher la somme totale\")\n\n    if \"!\u003d -1\" in placeholders[3] or \"!\u003d-1\" in placeholders[3]:\n        passed()\n    else:\n        failed(\"il faut comparer le nombre donné par l\u0027utilisateur avec -1\")\n\n\nif __name__ \u003d\u003d \u0027__main__\u0027:\n    run_common_tests()\n    test_answer_placeholders()\n\n\n"
          },
          "description_text": " - Les boucles peuvent contenir des conditions d\u0027arrêt, on peut par\n   exemple avoir une condition d’arrêt qui dépend d’une valeur entrée.\n   Pour sortir d’une boucle une fois la condition d\u0027arrêt est satisfaite\n   on utilise l’instruction ‘**_break_**’.\n   \n - On peut aussi utiliser des else avec la boucle while. Si la condition\n   de la boucle n’est pas satisfaite on passe directement au deuxième\n   bloc d’instruction\n   \nExemple:\n\n    somme \u003d 0\n     while  somme \u003c 3:\n        print (somme, \" est inférieur à 3\")\n        somme \u003d somme + 1\n     else:\n        print (somme, \" n’est pas inférieur à 3\")\n\nL\u0027exécution donne :\n\n    0 est inférieur à 3\n    1 est inférieur à 3\n    2 est inférieur à 3\n    3 n’est pas inférieur à 3\n\n***Q2. Écrivez un programme qui fait la somme des nombres entiers entrés par l’utilisateur tant que ce dernier veut continuer, écrivez ce programme avec et sans l’utilisation de ‘break’***\n\n - Hint: utilisez un nombre négative pour savoir si l’utilisateur veut\n   s\u0027arrêter ou non\n",
          "description_format": "md",
          "additional_files": {},
          "update_date": "Jan 1, 1970 1:00:00 AM",
          "task_type": "edu"
        },
        {
          "name": "Cubes",
          "stepic_id": 0,
          "task_files": {
            "task.py": {
              "name": "task.py",
              "text": "# Q3 Calculez les cubes d\u0027un nombre donné\n\nDemandez à l\u0027utilisateur d\u0027entrer un entier\nlimite \u003d Entrer la limite où on doit arrèter le calcule des cubes\nwhile Donnez la condition d\u0027arret:\n    Calculez puis affichez les cubes\n",
              "placeholders": [
                {
                  "offset": 43,
                  "length": 43,
                  "hints": [],
                  "possible_answer": "i \u003d int(input(\"Entrez un nombre : \"))",
                  "placeholder_text": "Demandez à l\u0027utilisateur d\u0027entrer un entier"
                },
                {
                  "offset": 96,
                  "length": 56,
                  "hints": [],
                  "possible_answer": "i*1000+i*500+7",
                  "placeholder_text": "Entrer la limite où on doit arrèter le calcule des cubes"
                },
                {
                  "offset": 159,
                  "length": 27,
                  "hints": [],
                  "possible_answer": "i \u003c limite",
                  "placeholder_text": "Donnez la condition d\u0027arret"
                },
                {
                  "offset": 192,
                  "length": 32,
                  "hints": [],
                  "possible_answer": "i \u003d i*i*i\n    print(\"cube de i \", i, \" limite de calcule \", limite)",
                  "placeholder_text": "Calculez puis affichez les cubes"
                }
              ]
            }
          },
          "test_files": {
            "tests.py": "from test_helper import run_common_tests, failed, passed, get_answer_placeholders\n\n\ndef test_answer_placeholders():\n    placeholders \u003d get_answer_placeholders()\n    placeholder \u003d placeholders[0]\n    if \"input\" in placeholder:\n        passed()\n    else:\n        failed(\"il faut demander à l\u0027utilisateur d\u0027entrer un entier\")\n\n    if placeholders[1] \u003d\u003d \"i*1000+i*500+7\" or placeholders[1] \u003d\u003d \"1000*i+500*i+7\":\n        passed()\n    else:\n        failed(\"il faut utiliser la condition d\u0027arret mentionné dans l\u0027énnoncé\")\n    if placeholders[2] \u003d\u003d \"i \u003c limite\" or placeholders[2] \u003d\u003d \"limite \u003e i\":\n        passed()\n    else:\n        failed(\"il faut identifier la bonne condition d\u0027arret\")\n\n    if \"print\" in placeholders[3]:\n        passed()\n    else:\n        failed(\"il faut afficher l\u0027ensemble des cubes de i\")\n\n\nif __name__ \u003d\u003d \u0027__main__\u0027:\n    run_common_tests()\n    test_answer_placeholders()\n"
          },
          "description_text": "Q3 Écrivez un programme qui demande à l\u0027utilisateur de donner un entier **_i_**. \n\nCe programme calcule par la suite les cubes de **_i_** tant que le résultat de ce calcule est inférieur à **(_1000i+500i+7_)**\n\n\n ",
          "description_format": "md",
          "additional_files": {},
          "update_date": "Jan 1, 1970 1:00:00 AM",
          "task_type": "edu"
        }
      ],
      "type": "lesson"
    },
    {
      "id": 0,
      "title": "Edu additional materials",
      "task_list": [
        {
          "name": "Edu additional materials",
          "stepic_id": 0,
          "task_files": {},
          "test_files": {},
          "description_format": "md",
          "additional_files": {
            "test_helper.py": "import sys\n\n\ndef get_file_text(path):\n    \"\"\" Returns file text by path\"\"\"\n    file_io \u003d open(path, \"r\")\n    text \u003d file_io.read()\n    file_io.close()\n    return text\n\n\ndef get_file_output(encoding\u003d\"utf-8\", path\u003dsys.argv[-1], arg_string\u003d\"\"):\n    \"\"\"\n    Returns answer file output\n    :param encoding: to decode output in python3\n    :param path: path of file to execute\n    :return: list of strings\n    \"\"\"\n    import subprocess\n\n    proc \u003d subprocess.Popen([sys.executable, path], stdin\u003dsubprocess.PIPE, stdout\u003dsubprocess.PIPE,\n                            stderr\u003dsubprocess.STDOUT)\n    if arg_string:\n        for arg in arg_string.split(\"\\n\"):\n            proc.stdin.write(bytearray(str(arg) + \"\\n\", encoding))\n            proc.stdin.flush()\n\n    return list(map(lambda x: str(x.decode(encoding)), proc.communicate()[0].splitlines()))\n\n\ndef test_file_importable():\n    \"\"\" Tests there is no obvious syntax errors\"\"\"\n    path \u003d sys.argv[-1]\n    if not path.endswith(\".py\"):\n        import os\n\n        parent \u003d os.path.abspath(os.path.join(path, os.pardir))\n        python_files \u003d [f for f in os.listdir(parent) if os.path.isfile(os.path.join(parent, f)) and f.endswith(\".py\")]\n        for python_file in python_files:\n            if python_file \u003d\u003d \"tests.py\":\n                continue\n            check_importable_path(os.path.join(parent, python_file))\n        return\n    check_importable_path(path)\n\n\ndef check_importable_path(path):\n    \"\"\" Checks that file is importable.\n        Reports failure otherwise.\n    \"\"\"\n    saved_input \u003d patch_input()\n    try:\n        import_file(path)\n    except:\n        failed(\"The file contains syntax errors\", test_file_importable.__name__)\n        return\n    finally:\n        revert_input(saved_input)\n\n    passed(test_file_importable.__name__)\n\n\ndef patch_input():\n    def mock_fun(_m\u003d\"\"):\n        return \"mock\"\n\n    if sys.version_info[0] \u003d\u003d 3:\n        import builtins\n        save_input \u003d builtins.input\n        builtins.input \u003d mock_fun\n        return save_input\n    elif sys.version_info[0] \u003d\u003d 2:\n        import __builtin__\n        save_input \u003d __builtin__.raw_input\n        __builtin__.raw_input \u003d mock_fun\n        __builtin__.input \u003d mock_fun\n        return save_input\n\n\ndef revert_input(saved_input):\n    if sys.version_info[0] \u003d\u003d 3:\n        import builtins\n        builtins.input \u003d saved_input\n    elif sys.version_info[0] \u003d\u003d 2:\n        import __builtin__\n        __builtin__.raw_input \u003d saved_input\n        __builtin__.input \u003d saved_input\n\n\ndef import_file(path):\n    \"\"\" Returns imported file \"\"\"\n    if sys.version_info[0] \u003d\u003d 2 or sys.version_info[1] \u003c 3:\n        import imp\n\n        return imp.load_source(\"tmp\", path)\n    elif sys.version_info[0] \u003d\u003d 3:\n        import importlib.machinery\n\n        return importlib.machinery.SourceFileLoader(\"tmp\", path).load_module(\"tmp\")\n\n\ndef import_task_file():\n    \"\"\" Returns imported file.\n        Imports file from which check action was run\n    \"\"\"\n    path \u003d sys.argv[-1]\n    return import_file(path)\n\n\ndef test_is_not_empty():\n    \"\"\"\n        Checks that file is not empty\n    \"\"\"\n    path \u003d sys.argv[-1]\n    file_text \u003d get_file_text(path)\n\n    if len(file_text) \u003e 0:\n        passed()\n    else:\n        failed(\"The file is empty. Please, reload the task and try again.\")\n\n\ndef test_text_equals(text, error_text):\n    \"\"\"\n        Checks that answer equals text.\n    \"\"\"\n    path \u003d sys.argv[-1]\n    file_text \u003d get_file_text(path)\n\n    if file_text.strip() \u003d\u003d text:\n        passed()\n    else:\n        failed(error_text)\n\n\ndef test_answer_placeholders_text_deleted(error_text\u003d\"Don\u0027t just delete task text\"):\n    \"\"\"\n        Checks that all answer placeholders are not empty\n    \"\"\"\n    windows \u003d get_answer_placeholders()\n\n    for window in windows:\n        if len(window) \u003d\u003d 0:\n            failed(error_text)\n            return\n    passed()\n\n\ndef set_congratulation_message(message):\n    \"\"\" Overrides default \u0027Congratulations!\u0027 message \"\"\"\n    print(\"#educational_plugin CONGRATS_MESSAGE \" + message)\n\n\ndef failed(message\u003d\"Please, reload the task and try again.\", name\u003dNone):\n    \"\"\" Reports failure \"\"\"\n    if not name:\n        name \u003d sys._getframe().f_back.f_code.co_name\n    print(\"#educational_plugin \" + name + \" FAILED + \" + message)\n\n\ndef passed(name\u003dNone):\n    \"\"\" Reports success \"\"\"\n    if not name:\n        name \u003d sys._getframe().f_back.f_code.co_name\n    print(\"#educational_plugin \" + name + \" test OK\")\n\n\ndef get_answer_placeholders():\n    \"\"\"\n        Returns all answer placeholders text\n    \"\"\"\n    prefix \u003d \"#educational_plugin_window \u003d \"\n    path \u003d sys.argv[-1]\n    import os\n\n    file_name_without_extension \u003d os.path.splitext(path)[0]\n    windows_path \u003d file_name_without_extension + \"_windows\"\n    windows \u003d []\n    f \u003d open(windows_path, \"r\")\n    window_text \u003d \"\"\n    first \u003d True\n    for line in f.readlines():\n        if line.startswith(prefix):\n            if not first:\n                windows.append(window_text.strip())\n            else:\n                first \u003d False\n            window_text \u003d line[len(prefix):]\n        else:\n            window_text +\u003d line\n\n    if window_text:\n        windows.append(window_text.strip())\n\n    f.close()\n    return windows\n\n\ndef check_samples(samples\u003d()):\n    \"\"\"\n      Check script output for all samples. Sample is a two element list, where the first is input and\n      the second is output.\n    \"\"\"\n    for sample in samples:\n        if len(sample) \u003d\u003d 2:\n            output \u003d get_file_output(arg_string\u003dstr(sample[0]))\n            if \"\\n\".join(output) !\u003d sample[1]:\n                failed(\n                    \"Test from samples failed: \\n \\n\"\n                    \"Input:\\n{}\"\n                    \"\\n \\n\"\n                    \"Expected:\\n{}\"\n                    \"\\n \\n\"\n                    \"Your result:\\n{}\".format(str.strip(sample[0]), str.strip(sample[1]), \"\\n\".join(output)))\n                return\n        set_congratulation_message(\"All test from samples passed. Now we are checking your solution on Stepik server.\")\n\n    passed()\n\n\ndef run_common_tests(error_text\u003d\"Please, reload file and try again\"):\n    test_is_not_empty()\n    test_answer_placeholders_text_deleted()\n    test_file_importable()\n"
          },
          "task_type": "edu"
        }
      ],
      "type": "lesson"
    }
  ]
}